conversation_id,root_tweet_id,customer_id,preliminary_intent,customer_initial_query,clean_customer_query,agent_first_reply,clean_agent_reply,num_turns,has_link_or_dm
conv_700,700,115854,general_inquiry_other,@AppleSupport why are my I️’s changing not showing up correctly on any of my social media platforms? https://t.co/GyRvpyVnkE,why are my I️’s changing not showing up correctly on any of my social media platforms?,@115854 We're here for you. Which version of the iOS are you running? Check from Settings > General > About.,We're here for you. Which version of the iOS are you running? Check from Settings > General > About.,5,False
conv_709,709,115855,general_inquiry_other,@AppleSupport I️ need answers because it’s annoying 🙃,I️ need answers because it’s annoying 🙃,@115855 We'd like to look into this with you. Which model do you have and is iOS 11.1 installed? Any steps tried so far?,We'd like to look into this with you. Which model do you have and is iOS 11.1 installed? Any steps tried so far?,8,False
conv_714,714,115856,general_inquiry_other,"Hey @AppleSupport and anyone else who upgraded to ios11.1, are y’all having issues with capital “I️” in the Mail app? As it puts in “A”?","Hey @AppleSupport and anyone else who upgraded to ios11.1, are y’all having issues with capital “I️” in the Mail app? As it puts in “A”?","@115856 Hey, let's work together to figure out what's going on. Meet us in DM and we'll continue from there. https://t.co/GDrqU22YpT","Hey, let's work together to figure out what's going on. Meet us in DM and we'll continue from there.",3,True
conv_723,723,115859,general_inquiry_other,@115858 @AppleSupport hello are all the lines closed for tonight #help,hello are all the lines closed for tonight #help,@115859 What's going on? We're hapy to help if we can. https://t.co/GDrqU22YpT,What's going on? We're hapy to help if we can.,4,True
conv_736,736,115864,general_inquiry_other,Thank you @AppleSupport I updated my phone and now it is even slower and barely works. Thank you for ruining my phone.😤,Thank you @AppleSupport I updated my phone and now it is even slower and barely works. Thank you for ruining my phone.😤,"@115864 We'd like to help, but we'll need more details. What's happening on your device and which model is it? Do you have iOS 11.1?","We'd like to help, but we'll need more details. What's happening on your device and which model is it? Do you have iOS 11.1?",4,False
conv_747,747,115865,general_inquiry_other,Hola @AppleSupport necesito urgente la actualización de software. La batería me dura literal medio día 🙍🏼🙇🏼‍♀️,Hola @AppleSupport necesito urgente la actualización de software. La batería me dura literal medio día 🙍🏼🙇🏼‍♀️,@115865 We offer support via Twitter in English. Get help in Spanish here: https://t.co/IBIY3vMgPj or join https://t.co/OczyRx7IOs,We offer support via Twitter in English. Get help in Spanish here: or join,10,True
conv_749,749,115866,general_inquiry_other,@AppleSupport Hi! What is going on? Has Youtube lost it? What can be done about it? Thanks for the support! https://t.co/T8ZZp4IH6t,Hi! What is going on? Has Youtube lost it? What can be done about it? Thanks for the support!,@115866 We want to help! DM us and let us know more about the issues you are having. https://t.co/GDrqU22YpT,We want to help! DM us and let us know more about the issues you are having.,2,True
conv_1759,1759,116098,general_inquiry_other,Why is “I️” keep changing to this and how do I️ stop it🤦🏽‍♀️ @115858 @AppleSupport #anybody https://t.co/urzAfSZL5z,Why is “I️” keep changing to this and how do I️ stop it🤦🏽‍♀️ @115858 @AppleSupport #anybody,"@116098 We definitely understand your concern. Please backup your iPhone, update and let us know the result: https://t.co/ahjigcvFRG","We definitely understand your concern. Please backup your iPhone, update and let us know the result:",4,True
conv_1770,1770,116101,general_inquiry_other,@AppleSupport why is my home sharing not working and how do i fix it,why is my home sharing not working and how do i fix it,@116101 We're happy to help. Has Home Sharing worked with these devices before?,We're happy to help. Has Home Sharing worked with these devices before?,4,False
conv_1785,1785,116106,general_inquiry_other,@AppleSupport epıl bana yardımcı olur musun telefon internet konusunda çok yakıyo napcaz ?,epıl bana yardımcı olur musun telefon internet konusunda çok yakıyo napcaz ?,@116106 We offer support via Twitter in English. Contact us for help in your preferred language here: https://t.co/IBIY3vMgPj,We offer support via Twitter in English. Contact us for help in your preferred language here:,2,True
conv_2613,2613,116332,general_inquiry_other,"Cupertino, we have a problem. .@115858 .@116333 .@AppleSupport .@190 https://t.co/ImMcJ8QsTM","Cupertino, we have a problem. .@115858 .@116333 .@AppleSupport .@190",@116332 We'd like to see what we can do to assist. What version of iOS are you currently running? We released iOS 11.1 today.,We'd like to see what we can do to assist. What version of iOS are you currently running? We released iOS 11.1 today.,5,False
conv_2620,2620,116335,general_inquiry_other,@AppleSupport watchOs4 made my watch pointless Browsing music on my phone via the watch was 80% reason for buying it now it’s useless.,watchOs4 made my watch pointless Browsing music on my phone via the watch was 80% reason for buying it now it’s useless.,@116335 You should still be able to control Music on your iPhone from the watch. Check out the user guide here: https://t.co/vRQnmrhVHj,You should still be able to control Music on your iPhone from the watch. Check out the user guide here:,4,True
conv_2632,2632,116338,general_inquiry_other,And why is my music NEVER in my control center?! @AppleSupport,And why is my music NEVER in my control center?! @AppleSupport,@116338 We're here to help out! Which device is this on and which version of iOS is currently installed?,We're here to help out! Which device is this on and which version of iOS is currently installed?,4,False
conv_2648,2648,116343,general_inquiry_other,@AppleSupport do you have any apps for epilepsy so I can detect my seizures thanks in advance,do you have any apps for epilepsy so I can detect my seizures thanks in advance,"@116343 Hey, we can provide some guidance. Let's meet in DM and we'll go from there. https://t.co/GDrqU22YpT","Hey, we can provide some guidance. Let's meet in DM and we'll go from there.",2,True
conv_2656,2656,116345,general_inquiry_other,My iPhone has erased and re-added emails dating back from 2013 til now twice in the past 24 hours. Wth??? @AppleSupport,My iPhone has erased and re-added emails dating back from 2013 til now twice in the past 24 hours. Wth??? @AppleSupport,"@116345 We'll be happy to look into this with you. To clarify, which iPhone model do you have and what's the exact iOS version?","We'll be happy to look into this with you. To clarify, which iPhone model do you have and what's the exact iOS version?",6,False
conv_2662,2662,116347,general_inquiry_other,So why is this happening I️ I️ I️ @AppleSupport,So why is this happening I️ I️ I️ @AppleSupport,@116347 We'd be glad to see what we can do for you. Let's meet up in DM first. Thanks! https://t.co/GDrqU22YpT,We'd be glad to see what we can do for you. Let's meet up in DM first. Thanks!,2,True
conv_2666,2666,116348,general_inquiry_other,I keep getting this error message saying “the item can’t be played” and idk how to fix it... @115948 @AppleSupport,I keep getting this error message saying “the item can’t be played” and idk how to fix it... @115948 @AppleSupport,@116348 We'd like to look into this with you. Does the song appear to be greyed out?,We'd like to look into this with you. Does the song appear to be greyed out?,4,False
conv_2676,2676,116349,general_inquiry_other,@AppleSupport HELP ME. I have a problem with my iPhone 7😑,HELP ME. I have a problem with my iPhone 7😑,@116349 We're happy to help. What seems to be the problem?,We're happy to help. What seems to be the problem?,8,False
conv_3761,3761,116620,general_inquiry_other,Listen I’m having issues with my phone so like can you @ me so we can talk @AppleSupport,Listen I’m having issues with my phone so like can you @ me so we can talk @AppleSupport,@116620 We're here to help. Send us a DM with the issue and we'll follow up from there. https://t.co/GDrqU22YpT,We're here to help. Send us a DM with the issue and we'll follow up from there.,2,True
conv_3777,3777,116625,general_inquiry_other,"@AppleSupport I've also forced the app to close from the background and reopened, no dice 🎲","I've also forced the app to close from the background and reopened, no dice 🎲",@116625 Let’s team up on this. How long has this been happening? What version number of iOS are you running? Which iPhone do you have?,Let’s team up on this. How long has this been happening? What version number of iOS are you running? Which iPhone do you have?,4,False
conv_4875,4875,116854,general_inquiry_other,Come on @AppleSupport #ios11.1  Same bug as before. Numbers disappear when entering info. Video below. #iosproblems https://t.co/eKirAn2Mam,Come on @AppleSupport #ios11.1 Same bug as before. Numbers disappear when entering info. Video below. #iosproblems,@116854 Let's investigate this together. Does this only occur when using specific apps or website?,Let's investigate this together. Does this only occur when using specific apps or website?,3,False
conv_4882,4882,116856,general_inquiry_other,@AppleSupport tell me why I️’I’ve updated my phone twice and I️ can’t type letter I️ without getting a letter A and a question mark,tell me why I️’I’ve updated my phone twice and I️ can’t type letter I️ without getting a letter A and a question mark,@116856 We're here for you. What is the exact version of the iOS you're running? Check by tapping Settings > General > About.,We're here for you. What is the exact version of the iOS you're running? Check by tapping Settings > General > About.,7,False
conv_4896,4896,116859,general_inquiry_other,@AppleSupport please make this stop!!! https://t.co/YoyrO8iZKe,please make this stop!!!,"@116859 Let’s work together on this behavior. How long has this been happening? Also, which device are you using?","Let’s work together on this behavior. How long has this been happening? Also, which device are you using?",5,False
conv_4909,4909,116862,general_inquiry_other,"コレは本当に困る、ゲームも出来なくなったしアップデートしなきゃ良かった´д` ;
@AppleSupport @115858 → 「バッテリーの減りが激しい」という問題に関しても同様）。 https://t.co/bGQly6cE2O",コレは本当に困る、ゲームも出来なくなったしアップデートしなきゃ良かった´д` ; @AppleSupport @115858 → 「バッテリーの減りが激しい」という問題に関しても同様）。,@116862 We offer support via Twitter in English. Contact us for help in your preferred language here: https://t.co/IBIY3vMgPj.,We offer support via Twitter in English. Contact us for help in your preferred language here:,2,True
conv_5812,5812,117097,general_inquiry_other,@AppleSupport just updated my 7 plus to 11.1 but I can’t see the new emojis on my watch. Pls help.,just updated my 7 plus to 11.1 but I can’t see the new emojis on my watch. Pls help.,@117097 Got it. Have you updated your Apple Watch to 4.1 yet?,Got it. Have you updated your Apple Watch to 4.1 yet?,4,False
conv_5816,5816,117098,general_inquiry_other,I️ <— wtf is going on @AppleSupport,I️ <— wtf is going on @AppleSupport,@117098 We'd be happy to look into this with you more in detail.  Please reach out to us via DM and we'll get started. https://t.co/GDrqU22YpT,We'd be happy to look into this with you more in detail. Please reach out to us via DM and we'll get started.,4,True
conv_5825,5825,117102,general_inquiry_other,"@AppleSupport excuse me, can someone explain to me why when I type an “I️” alone I️ get an A and a question mark???????","excuse me, can someone explain to me why when I type an “I️” alone I️ get an A and a question mark???????",@117102 We'll be happy to take a look into it with you. Please send us a DM with what version of iOS you have. https://t.co/GDrqU22YpT,We'll be happy to take a look into it with you. Please send us a DM with what version of iOS you have.,2,True
conv_5833,5833,117104,general_inquiry_other,"sa fait 1h j’ai ios11.1 et mon tel redemarre seul, explication @AppleSupport ?????","sa fait 1h j’ai ios11.1 et mon tel redemarre seul, explication @AppleSupport ?????",@117104 We offer support via Twitter in English. Contact us for help in your preferred language here: https://t.co/IBIY3vMgPj,We offer support via Twitter in English. Contact us for help in your preferred language here:,4,True
conv_5845,5845,117107,general_inquiry_other,@AppleSupport Updated iPad Pro to 11.1.  Worked on draft email. None of changes saved. Started new email. Saved but disappeared. Help please,Updated iPad Pro to 11.1. Worked on draft email. None of changes saved. Started new email. Saved but disappeared. Help please,@117107 We'll help in any way we can. Was this on an https://t.co/coj9FJKJWV email account?,We'll help in any way we can. Was this on an email account?,4,True
conv_5853,5853,117109,general_inquiry_other,@319 why is my “it “ autocorrecting to I.T?? So annoying! Can’t change in settings either...@AppleSupport,why is my “it “ autocorrecting to I.T?? So annoying! Can’t change in settings either...@AppleSupport,@117109 We'd love to help. Let's work together in DM. https://t.co/GDrqU22YpT,We'd love to help. Let's work together in DM.,2,True
conv_6608,6608,117165,general_inquiry_other,@AppleSupport the fact that my laptop that I haven't even had for two years keeps shutting off without warning at 15% is kind of ridiculous.,the fact that my laptop that I haven't even had for two years keeps shutting off without warning at 15% is kind of ridiculous.,@117165 Let's see what we can find for you today. Let's meet up in DM to gather some specifics and we'll proceed from there. https://t.co/GDrqU22YpT,Let's see what we can find for you today. Let's meet up in DM to gather some specifics and we'll proceed from there.,2,True
conv_8321,8321,117460,general_inquiry_other,I️ can’t believe that @115858 & @AppleSupport has not fixed the vowel text issue. It’s very annoying and takes extra time to write something👎,I️ can’t believe that @115858 & @AppleSupport has not fixed the vowel text issue. It’s very annoying and takes extra time to write something👎,@117460 We'd like to look into the trouble you're having. Does this only occur in the Facebook app?,We'd like to look into the trouble you're having. Does this only occur in the Facebook app?,8,False
conv_8574,8574,117508,general_inquiry_other,@AppleSupport this is the second Fishing email that I have gotten in 2 days https://t.co/WG3DvyKLSj,this is the second Fishing email that I have gotten in 2 days,@117508 We are here to help. Please refer to the following article for steps to report these emails: https://t.co/yGvlh3cZ5Y,We are here to help. Please refer to the following article for steps to report these emails:,4,True
conv_9170,9170,117645,general_inquiry_other,11.1にあげたらTwitter少し見てるだけだし低電力モードなのに20パーへったぞ。デバイス本体ごと取り換えて数ヶ月だし今回のアプデはミスだな。バッテリー消費悪化してる。 @AppleSupport,11.1にあげたらTwitter少し見てるだけだし低電力モードなのに20パーへったぞ。デバイス本体ごと取り換えて数ヶ月だし今回のアプデはミスだな。バッテリー消費悪化してる。 @AppleSupport,@117645 We offer support via Twitter in English. Contact us for help in your preferred language here: https://t.co/IBIY3vMgPj,We offer support via Twitter in English. Contact us for help in your preferred language here:,4,True
conv_9187,9187,117650,general_inquiry_other,@AppleSupport hey apple ! What is going on with the iPhones ?? Every time I️ type the letter “I️” I️ get a symbol. Which you see right now!,hey apple ! What is going on with the iPhones ?? Every time I️ type the letter “I️” I️ get a symbol. Which you see right now!,@117650 Let's team up and get the exclamation point working right. Which model do you have? Is iOS 11.1 installed?,Let's team up and get the exclamation point working right. Which model do you have? Is iOS 11.1 installed?,6,False
conv_9193,9193,117652,general_inquiry_other,Ayo @AppleSupport fix this whole question mark box ting dem shits annoying.,Ayo @AppleSupport fix this whole question mark box ting dem shits annoying.,"@117652 Hi, can you tell us more about this in a DM? We'll look into this together from there. https://t.co/GDrqU22YpT","Hi, can you tell us more about this in a DM? We'll look into this together from there.",2,True
conv_9304,9304,117655,general_inquiry_other,@AppleSupport why are my I ‘s changing into I️ ?!!!!!,why are my I ‘s changing into I️ ?!!!!!,@117655 Interesting. Let's look into this. Which iOS version is showing in Settings > General > About?,Interesting. Let's look into this. Which iOS version is showing in Settings > General > About?,2,False
conv_9831,9831,117806,general_inquiry_other,@applesupport please help us lmao https://t.co/EngGZoVACe,please help us lmao,@117806 Your keyboard is important and we'd like to help get it working right. When did this start and which device model is it?,Your keyboard is important and we'd like to help get it working right. When did this start and which device model is it?,5,False
conv_9835,9835,117807,general_inquiry_other,Dear @AppleSupport why is my letter I️ not working by itself in email or text? When I️ type the letter “I️” the attached happens. https://t.co/2qZ7Tjx5cF,Dear @AppleSupport why is my letter I️ not working by itself in email or text? When I️ type the letter “I️” the attached happens.,@117807 We're here to help. Which version of iOS do you have installed on your device? You'd see this in Settings > General > About.,We're here to help. Which version of iOS do you have installed on your device? You'd see this in Settings > General > About.,4,False
conv_10677,10677,117961,general_inquiry_other,"@applesupport just updated Apple Watch to 4.1. Is ESPN radio etc only available in USA, can’t get it on my watch in the UK","just updated Apple Watch to 4.1. Is ESPN radio etc only available in USA, can’t get it on my watch in the UK",@117961 We want to help you. That station may not be available. Availability of live stations varies depending on your location.,We want to help you. That station may not be available. Availability of live stations varies depending on your location.,3,False
conv_10683,10683,117964,general_inquiry_other,@AppleSupport Baje la App de @701 la cual es gratuita y me llego un cargo de $18.11 Pesos ¿cuál es el motivo?,Baje la App de @701 la cual es gratuita y me llego un cargo de $18.11 Pesos ¿cuál es el motivo?,@117964 We offer support via Twitter in English. Get help in Spanish here: https://t.co/IBIY3vMgPj or join https://t.co/OczyRx7IOs,We offer support via Twitter in English. Get help in Spanish here: or join,2,True
conv_10694,10694,117968,general_inquiry_other,@AppleSupport why do I not have my October challenge ring after competition? 😡😡,why do I not have my October challenge ring after competition? 😡😡,"@117968 If you complete an achievement, but don't earn the award, you will earn the award within 9 days of completing the challenge.","If you complete an achievement, but don't earn the award, you will earn the award within 9 days of completing the challenge.",4,False
conv_11118,11118,118099,general_inquiry_other,"@AppleSupport my watch has been saying I’ve been averaging 57 minutes, now today it’s 52, I checked and did the math it’s 57... what the??? https://t.co/kQWakgjXJ5","my watch has been saying I’ve been averaging 57 minutes, now today it’s 52, I checked and did the math it’s 57... what the???",@118099 We'd like to help. Let's take this to DM and we'll explore ways to provide you assistance. https://t.co/GDrqU22YpT,We'd like to help. Let's take this to DM and we'll explore ways to provide you assistance.,2,True
conv_11129,11129,118103,general_inquiry_other,@AppleSupport @20600 lucky I was home and next to this when it randomly started to smoke. Unplugged before disaster!! What the hell? https://t.co/k42Ei9OXuG,lucky I was home and next to this when it randomly started to smoke. Unplugged before disaster!! What the hell?,@118103 We want to look into this with you. DM us and let us know what model of computer you use this cord with. https://t.co/GDrqU22YpT,We want to look into this with you. DM us and let us know what model of computer you use this cord with.,2,True
conv_11633,11633,118243,general_inquiry_other,Since I updated my iPhone I can’t download apps now. Thanks @AppleSupport @115858  🙄🙄🙄,Since I updated my iPhone I can’t download apps now. Thanks @AppleSupport @115858 🙄🙄🙄,@118243 Are you on the latest iOS 11.1 version?,Are you on the latest iOS 11.1 version?,4,False
conv_11645,11645,118244,general_inquiry_other,How do I get rid of this notification? @4305 @19762 @115858 @AppleSupport https://t.co/MF02cJYU5A,How do I get rid of this notification? @4305 @19762 @115858 @AppleSupport,@118244 Let's see how we can help. Is that the message you see when trying to swipe the notification and get to the app?,Let's see how we can help. Is that the message you see when trying to swipe the notification and get to the app?,9,False
conv_11648,11648,118246,general_inquiry_other,Brand New Effect on #iOS11 @AppleSupport Beautiful! Great work! 😂 https://t.co/0INPNlWcvT,Brand New Effect on #iOS11 @AppleSupport Beautiful! Great work! 😂,"@118246 We'd love to look into this with you!  To begin, can you DM us what iOS version you're currently on? https://t.co/GDrqU22YpT","We'd love to look into this with you! To begin, can you DM us what iOS version you're currently on?",3,True
conv_11659,11659,118249,general_inquiry_other,Fix my shit @AppleSupport,Fix my shit @AppleSupport,"@118249 We're always ready to help, but we'll need more details to start. Reply by DM with which model is it and what's happening with it. https://t.co/GDrqU22YpT","We're always ready to help, but we'll need more details to start. Reply by DM with which model is it and what's happening with it.",4,True
conv_11663,11663,118251,general_inquiry_other,@115858 @AppleSupport how will iphone x recognize me with face id if I am wearing my du rag?,how will iphone x recognize me with face id if I am wearing my du rag?,@118251 Great Question! You can read more about changing your appearance with Face ID here: https://t.co/etk4MmVSpa,Great Question! You can read more about changing your appearance with Face ID here:,2,True
conv_11995,11995,118359,general_inquiry_other,@115858 @AppleSupport any suggestions???,any suggestions???,@118359 We'd like to look at service options with you. Let's take a look at this in DM. https://t.co/GDrqU22YpT,We'd like to look at service options with you. Let's take a look at this in DM.,2,True
conv_12000,12000,118360,general_inquiry_other,what’s up with the letter “i” man? pls fix. i’m annoyed. @115858 @AppleSupport,what’s up with the letter “i” man? pls fix. i’m annoyed. @115858 @AppleSupport,@118360 You've come to the right place. May we ask when you started to notice the situation?,You've come to the right place. May we ask when you started to notice the situation?,7,False
conv_12566,12566,118507,general_inquiry_other,@AppleSupport It's a shame that Siri can't be used to turn off the timer. Pain to do it with messy hands. Send to the idea file?,It's a shame that Siri can't be used to turn off the timer. Pain to do it with messy hands. Send to the idea file?,@118507 We value your feedback. Feel free to leave it here: https://t.co/J46COPJzUo,We value your feedback. Feel free to leave it here:,2,True
conv_12572,12572,118509,general_inquiry_other,@AppleSupport is there a way to opt out of iMessage and FaceTime during initial setup on an iPhone?,is there a way to opt out of iMessage and FaceTime during initial setup on an iPhone?,"@118509 We're here for you. There isn't a way to avoid iMessage activation with a number, but you can turn it off: https://t.co/R5zxAawOzV","We're here for you. There isn't a way to avoid iMessage activation with a number, but you can turn it off:",2,True
conv_12581,12581,118511,general_inquiry_other,@AppleSupport why does I️ keep showing up as symbols?,why does I️ keep showing up as symbols?,@118511 We'd like to see what we can do to assist. What iOS version are you running?,We'd like to see what we can do to assist. What iOS version are you running?,4,False
conv_12584,12584,118512,general_inquiry_other,@AppleSupport why is my phone doing this https://t.co/3gBYZHMlYs,why is my phone doing this,@118512 Let's look into this for you. Send us a DM with your iOS version to get started. https://t.co/GDrqU22YpT,Let's look into this for you. Send us a DM with your iOS version to get started.,2,True
conv_12586,12586,118513,general_inquiry_other,"@AppleSupport What do you make of this? (Top left corner) I am a US customer, and I think my phone has been hacked. https://t.co/5JE0SUCx90","What do you make of this? (Top left corner) I am a US customer, and I think my phone has been hacked.",@118513 Let's look into this for you. Send us a DM with your current iOS version to get started. https://t.co/GDrqU22YpT,Let's look into this for you. Send us a DM with your current iOS version to get started.,2,True
conv_12596,12596,118516,general_inquiry_other,"@AppleSupport Seems I have a virus, I’ve been getting these pop-ups: https://t.co/RMppEqEQSq","Seems I have a virus, I’ve been getting these pop-ups:",@118516 Your security is our absolute priority. Visit this link for info on pop up adds in Safari: https://t.co/qr0pQfKgYD,Your security is our absolute priority. Visit this link for info on pop up adds in Safari:,2,True
conv_12599,12599,118517,general_inquiry_other,@115858 @AppleSupport APPLE WHY IS MY “I️’s” coming out as question marked boxes & pounds ?! Fix it jeezus,APPLE WHY IS MY “I️’s” coming out as question marked boxes & pounds ?! Fix it jeezus,@118517 Hi. We are here to help. What version of iOS do you have?,Hi. We are here to help. What version of iOS do you have?,4,False
conv_12605,12605,118519,general_inquiry_other,What’s with the I️ I️ I️ I️ I️ I️? @AppleSupport I️ just want to write an I️ (eye),What’s with the I️ I️ I️ I️ I️ I️? @AppleSupport I️ just want to write an I️ (eye),@118519 Can you confirm what iOS version you are running?,Can you confirm what iOS version you are running?,3,False
conv_12612,12612,118521,general_inquiry_other,@115858 @AppleSupport sooooooo any plans to fix all these bugs from the software updates for the iPhone 7??,sooooooo any plans to fix all these bugs from the software updates for the iPhone 7??,@118521 We're here to help. What iOS version are you on?,We're here to help. What iOS version are you on?,4,False
conv_13211,13211,118717,general_inquiry_other,@AppleSupport what is happening with my phone??? I️ wrote “I️ got” and that happened https://t.co/V9oKSSZKGQ,what is happening with my phone??? I️ wrote “I️ got” and that happened,@118717 We can look into this issue together. Send us a DM and let's begin. https://t.co/GDrqU22YpT,We can look into this issue together. Send us a DM and let's begin.,2,True
conv_13590,13590,118837,general_inquiry_other,Tudo bom ??? Todos estão com o mesmo problema e é sempre com o iPhone 7 o que está acontecendo??? @115858 @AppleSupport https://t.co/pn1UYIjdMo,Tudo bom ??? Todos estão com o mesmo problema e é sempre com o iPhone 7 o que está acontecendo??? @115858 @AppleSupport,"@118837 Since our Twitter support is available in English, get help at https://t.co/IBIY3vMgPj or join https://t.co/pvaOFfPbjt","Since our Twitter support is available in English, get help at or join",6,True
conv_13938,13938,118929,general_inquiry_other,it’s been doing this for two days... cmon @AppleSupport https://t.co/SVOOZiTXli,it’s been doing this for two days... cmon @AppleSupport,"@118929 We're anxious for you to have access to your downloads. Have you had a chance to restart the iPhone? If not, let's do that now.","We're anxious for you to have access to your downloads. Have you had a chance to restart the iPhone? If not, let's do that now.",4,False
conv_13945,13945,118931,general_inquiry_other,Wait why did my letter “I️” change into weird characters?!? @AppleSupport,Wait why did my letter “I️” change into weird characters?!? @AppleSupport,@118931 We'd like to look into this. Does this happen in all apps you use the keyboard with? Which device is this happening on?,We'd like to look into this. Does this happen in all apps you use the keyboard with? Which device is this happening on?,2,False
conv_13951,13951,118933,general_inquiry_other,@AppleSupport HELP EVERYTIME I️ TYPE I️ ONLY SYMBOLS COME UP I️ WANT TO BE ABLE TO TALK ABOUT MYSELF,HELP EVERYTIME I️ TYPE I️ ONLY SYMBOLS COME UP I️ WANT TO BE ABLE TO TALK ABOUT MYSELF,@118933 We know it's important to have your device working correctly. We'd like to help. Let's meet in DM. https://t.co/GDrqU22YpT,We know it's important to have your device working correctly. We'd like to help. Let's meet in DM.,2,True
conv_14334,14334,119055,general_inquiry_other,.@AppleSupport  @115858 WHY DOES THIS KEEP HAPPENING😭 https://t.co/7v4aCGW3lO,.@AppleSupport @115858 WHY DOES THIS KEEP HAPPENING😭,@119055 We want to help! DM us and let us know more about the issues you are having. https://t.co/GDrqU22YpT,We want to help! DM us and let us know more about the issues you are having.,2,True
conv_14862,14862,119216,general_inquiry_other,@AppleSupport my phone was acting up. I then restarted it and now all it does is stay on the apple logo when I turn it on. Wtf,my phone was acting up. I then restarted it and now all it does is stay on the apple logo when I turn it on. Wtf,@119216 We’ve got your back. Let us know if the steps in this article help with your iPhone: https://t.co/8MvHMFZ83h,We’ve got your back. Let us know if the steps in this article help with your iPhone:,4,True
conv_15308,15308,119359,general_inquiry_other,Yo @AppleSupport why is this happening to everyone I️ know?? Pls fix this issue. Anyone else? 🙄🙄🙄 https://t.co/XSuGhCN8c8,Yo @AppleSupport why is this happening to everyone I️ know?? Pls fix this issue. Anyone else? 🙄🙄🙄,@119359 Let's look at this together. Please DM us. https://t.co/GDrqU22YpT,Let's look at this together. Please DM us.,2,True
conv_15318,15318,119363,general_inquiry_other,@116602 @AppleSupport streaming has always been an issue to appletv. Who gets this one? https://t.co/kVi5FjLvDU,streaming has always been an issue to appletv. Who gets this one?,@119363 We're happy to help. Reach us here for more assistance: https://t.co/IBIY3vMgPj,We're happy to help. Reach us here for more assistance:,3,True
conv_15725,15725,119463,general_inquiry_other,@AppleSupport why my phone doing this????,why my phone doing this????,"@119463 We’d love to help. To start, please send us a DM letting us your iPhone model. https://t.co/GDrqU22YpT","We’d love to help. To start, please send us a DM letting us your iPhone model.",2,True
conv_18888,18888,120222,general_inquiry_other,What should I do ? 🤕 my iPhone's temp feels normal though @AppleSupport https://t.co/vaqLSGj1q7,What should I do ? 🤕 my iPhone's temp feels normal though @AppleSupport,@120222 We can look into what's happening with the flash on your iPhone. How long have you been seeing this? Does a restart help? Which version of iOS are you using? You can check that in Settings > General > About. Let us know in DM and we'll work from there. https://t.co/GDrqU22YpT,We can look into what's happening with the flash on your iPhone. How long have you been seeing this? Does a restart help? Which version of iOS are you using? You can check that in Settings > General > About. Let us know in DM and we'll work from there.,2,True
conv_23091,23091,121029,general_inquiry_other,@115858 @AppleSupport my phone crashed for no reason. What you gonna do about it? I'm stressed and depressed right now. Thanks,my phone crashed for no reason. What you gonna do about it? I'm stressed and depressed right now. Thanks,"@121029 We're happy to help. When you say your iPhone crashed, could you please provide a few more details? Also, which software version are you using?","We're happy to help. When you say your iPhone crashed, could you please provide a few more details? Also, which software version are you using?",4,False
conv_23094,23094,121030,general_inquiry_other,Dear @115948 @AppleSupport what happened to ‘Play Next’?,Dear @115948 @AppleSupport what happened to ‘Play Next’?,"@121030 Thanks for reaching out. We'd like to know more to help. Are you referring to the Podcast app, Music or a different app? Let us know and we'll take it from there.","Thanks for reaching out. We'd like to know more to help. Are you referring to the Podcast app, Music or a different app? Let us know and we'll take it from there.",6,False
conv_23137,23137,121039,general_inquiry_other,come on @115858 you guys removed the option to leave a group conversation! ugh!! 🤦🏽‍♀️ please bring that option back ASAP  @AppleSupport  #ios1112 #iphoneX #overit,come on @115858 you guys removed the option to leave a group conversation! ugh!! 🤦🏽‍♀️ please bring that option back ASAP @AppleSupport #ios1112 #iphoneX #overit,"@121039 Thanks for reaching out. You can still leave a group text if you're using iMessage. If any users are not using iMessage, you can then mute the notifications. This article explains in more detail: https://t.co/zdkcAVkpSV
We're here if you have any questions.","Thanks for reaching out. You can still leave a group text if you're using iMessage. If any users are not using iMessage, you can then mute the notifications. This article explains in more detail: We're here if you have any questions.",6,True
conv_25251,25251,121459,general_inquiry_other,@AppleSupport ever since I downloaded Animal Crossing I keep getting these notifications even though it’s fully downloaded and I’ve been playing it :( please help https://t.co/wthMnb9nou,ever since I downloaded Animal Crossing I keep getting these notifications even though it’s fully downloaded and I’ve been playing it :( please help,"@121459 We can see how that would get in your way. Have you restarted your iPhone as a troubleshooting step? If you already have done so, let's delete Animal Crossing and see if this still occurs. If the error message ceases, we'll reinstall and go from there.","We can see how that would get in your way. Have you restarted your iPhone as a troubleshooting step? If you already have done so, let's delete Animal Crossing and see if this still occurs. If the error message ceases, we'll reinstall and go from there.",6,False
conv_25267,25267,121463,general_inquiry_other,@AppleSupport why does it keep changing to I.T?,why does it keep changing to I.T?,"@121463 You're in the right place for help! To guide us through troubleshooting steps, may we have the device and iOS version you're having this issue with?","You're in the right place for help! To guide us through troubleshooting steps, may we have the device and iOS version you're having this issue with?",4,False
conv_26681,26681,121841,general_inquiry_other,@AppleSupport tell me why the i keeps doing this stupid shit A with the boxed question mark make it stop,tell me why the i keeps doing this stupid shit A with the boxed question mark make it stop,@121841 Here’s what you can do to work around the issue until it’s fixed in a future software update: https://t.co/xXaXeeSRt9,Here’s what you can do to work around the issue until it’s fixed in a future software update:,2,True
conv_26691,26691,121844,general_inquiry_other,"@AppleSupport my iphone is still glitchy, keeps swapping screens when I try to type.","my iphone is still glitchy, keeps swapping screens when I try to type.","@121844 Thank you for reaching out. We want to help. To start, can you tell us which iPhone and iOS you’re using?","Thank you for reaching out. We want to help. To start, can you tell us which iPhone and iOS you’re using?",5,False
conv_26722,26722,121853,general_inquiry_other,@AppleSupport i would rather be called a peasant than use a phone that glitches out when “I️” type the letter “I️” figure your shit out.,i would rather be called a peasant than use a phone that glitches out when “I️” type the letter “I️” figure your shit out.,@121853 Here’s what you can do to work around the issue until it’s fixed in a future software update: https://t.co/xXaXeeSRt9,Here’s what you can do to work around the issue until it’s fixed in a future software update:,2,True
conv_27511,27511,122019,general_inquiry_other,@AppleSupport please tell why my new iPhone 8 keeps telling me that iMessage is waiting for activation,please tell why my new iPhone 8 keeps telling me that iMessage is waiting for activation,"@122019 We want to do all we can to get your iMessage working on your new iPhone 8. Please let us know in DM, what iOS software is currently installed on the device, along with the exact error message you're seeing. We'll be happy to help from there. https://t.co/GDrqU22YpT","We want to do all we can to get your iMessage working on your new iPhone 8. Please let us know in DM, what iOS software is currently installed on the device, along with the exact error message you're seeing. We'll be happy to help from there.",4,True
conv_31408,31408,122925,general_inquiry_other,@AppleSupport the I️ keeps autocorrecting to a strange symbol,the I️ keeps autocorrecting to a strange symbol,@122925 Let's look in to this issue together. Which iOS version is installed? You can find that from Settings > General > About.,Let's look in to this issue together. Which iOS version is installed? You can find that from Settings > General > About.,8,False
conv_31419,31419,122928,general_inquiry_other,#iphoneissues @AppleSupport why is my phone recognizing capital i as an emoji? This is annoying. i can’t write professional emails for work https://t.co/BrCygZdzD6,#iphoneissues @AppleSupport why is my phone recognizing capital i as an emoji? This is annoying. i can’t write professional emails for work,@122928 We'd be happy to help. Let's move over to DM. Let us know your iOS version. https://t.co/GDrqU22YpT,We'd be happy to help. Let's move over to DM. Let us know your iOS version.,4,True
conv_31424,31424,122930,general_inquiry_other,@AppleSupport  @115858 would be nice if you guys fixed your stuff so I can type I normally instead of I️ popping up every time..,would be nice if you guys fixed your stuff so I can type I normally instead of I️ popping up every time..,@122930 We're here to help. Let's take this to DM so we can better assist you. https://t.co/GDrqU22YpT,We're here to help. Let's take this to DM so we can better assist you.,2,True
conv_730,730,115861,display_touch_keyboard,"Hello, internet. Can someone explain why this symbol keeps appearing on my phone and when I️ try to type the letter I️? Also @AppleSupport https://t.co/QKwvTLtiN7","Hello, internet. Can someone explain why this symbol keeps appearing on my phone and when I️ try to type the letter I️? Also @AppleSupport","@115861 You're in the right place; we'll do all we can to help. To start, let us know what iOS version is installed via DM: https://t.co/GDrqU22YpT","You're in the right place; we'll do all we can to help. To start, let us know what iOS version is installed via DM:",6,True
conv_756,756,115868,display_touch_keyboard,MY HOME BUTTON DOESN’T WORK #IOS11 @AppleSupport,MY HOME BUTTON DOESN’T WORK #IOS11 @AppleSupport,@115868 Let us help with your Home button. Did this issue start right after iOS 11? Which version of iOS 11 are you running?,Let us help with your Home button. Did this issue start right after iOS 11? Which version of iOS 11 are you running?,4,False
conv_2678,2678,116350,display_touch_keyboard,"@AppleSupport Any idea why icons show up like this? I did force reset to no avail. After initial notification display, they show up. https://t.co/qBFIAlpGyD","Any idea why icons show up like this? I did force reset to no avail. After initial notification display, they show up.","@116350 We're here for you. DM us, and we'll look into this together. https://t.co/GDrqU22YpT","We're here for you. DM us, and we'll look into this together.",2,True
conv_5819,5819,117099,display_touch_keyboard,@AppleSupport I can’t change lock screen anymore from ‘wallpaper’ in settings. How do I do it now?,I can’t change lock screen anymore from ‘wallpaper’ in settings. How do I do it now?,@117099 We'd be happy to help. Check out this link to for more information: https://t.co/hSnkM7JIIS,We'd be happy to help. Check out this link to for more information:,3,True
conv_6483,6483,117151,display_touch_keyboard,Hello @115858 @AppleSupport what’s happening to my screen https://t.co/GTNXT4VoKd,Hello @115858 @AppleSupport what’s happening to my screen,@117151 We'd love to take a look into this concern. Is the screen stuck this way have you restarted it? Send us a DM. https://t.co/GDrqU22YpT,We'd love to take a look into this concern. Is the screen stuck this way have you restarted it? Send us a DM.,2,True
conv_8561,8561,117504,display_touch_keyboard,@AppleSupport  hey what’s going on with the letter I . When i start to. Type this happens below https://t.co/jbNZfUwkzL,hey what’s going on with the letter I . When i start to. Type this happens below,"@117504 Let's look at this together. To begin, are you completely updated to iOS 11.1?","Let's look at this together. To begin, are you completely updated to iOS 11.1?",7,False
conv_9152,9152,117639,display_touch_keyboard,"Hey @AppleSupport, what’s up with this new autocorrect? Happening on iPhone 7 Plus and iPhone 7. https://t.co/pHA05gv7g7","Hey @AppleSupport, what’s up with this new autocorrect? Happening on iPhone 7 Plus and iPhone 7.",@117639 Let's take a look at this issue together. Which iOS version is your device currently running?,Let's take a look at this issue together. Which iOS version is your device currently running?,6,False
conv_9174,9174,117646,display_touch_keyboard,"Bienvenida sea la multi tarea al 3D touch en iphone, gracias @AppleSupport  #newupdate","Bienvenida sea la multi tarea al 3D touch en iphone, gracias @AppleSupport #newupdate",@117646 We offer support via Twitter in English. Get help in Spanish here: https://t.co/IBIY3vMgPj or join https://t.co/OczyRx7IOs,We offer support via Twitter in English. Get help in Spanish here: or join,3,True
conv_9178,9178,117648,display_touch_keyboard,@AppleSupport what’s up with typing the letter I️ ... it wants to be an A and a box with a question mark,what’s up with typing the letter I️ ... it wants to be an A and a box with a question mark,@117648 We'd like to help. We received your DM and will continue there. https://t.co/GDrqU22YpT,We'd like to help. We received your DM and will continue there.,2,True
conv_11134,11134,118105,display_touch_keyboard,@AppleSupport My Touch ID failed when I restarted my phone. Now it’s not working at all,My Touch ID failed when I restarted my phone. Now it’s not working at all,"@118105 Did you receive an error message, or were you just prompted to enter in the passcode for your iOS device after the restart?","Did you receive an error message, or were you just prompted to enter in the passcode for your iOS device after the restart?",6,False
conv_12013,12013,118363,display_touch_keyboard,Excuse me @115858 @AppleSupport:  when y’all gonna address the fact that some glitch is turning Is into hieroglyphics?!,Excuse me @115858 @AppleSupport: when y’all gonna address the fact that some glitch is turning Is into hieroglyphics?!,@118363 We want your predictions to be accurate. Please DM us with the current version of iOS you have. https://t.co/GDrqU22YpT,We want your predictions to be accurate. Please DM us with the current version of iOS you have.,9,True
conv_12608,12608,118520,display_touch_keyboard,Eye can’t type the letter eye without it changing to a?  @AppleSupport ... yes I️ reset the keyboard https://t.co/tfr6EIPPPX,Eye can’t type the letter eye without it changing to a? @AppleSupport ... yes I️ reset the keyboard,@118520 We'd love to help! Which version of iOS are you currently updated to? What Keyboards do you have installed?,We'd love to help! Which version of iOS are you currently updated to? What Keyboards do you have installed?,4,False
conv_14182,14182,119006,display_touch_keyboard,@AppleSupport what’s up with autocorrect changing it to i.t? i’ve already tried to do the text replacement trick and i.t won’t work,what’s up with autocorrect changing it to i.t? i’ve already tried to do the text replacement trick and i.t won’t work,@119006 We'll do everything we can to help get this resolved. What type of device are you using and which version of the operating system is currently installed? Tell us the answers via DM. We'll meet up with you there. https://t.co/GDrqU22YpT,We'll do everything we can to help get this resolved. What type of device are you using and which version of the operating system is currently installed? Tell us the answers via DM. We'll meet up with you there.,2,True
conv_18872,18872,120215,display_touch_keyboard,"@AppleSupport the screen on our iPad Pro has stopped working 😔. I've read a few articles about weak screens on some models - is there anywhere I can check the model number, or will it be a £400 repair bill? Thanks","the screen on our iPad Pro has stopped working 😔. I've read a few articles about weak screens on some models - is there anywhere I can check the model number, or will it be a £400 repair bill? Thanks","@120215 Thank you for reaching out to us. We'd be happy to try everything possible to provide the best support options. First, let's work as a team as we gather more information. DM us if you noticed any changes before the screen went black. What iOS is the device running? https://t.co/GDrqU22YpT","Thank you for reaching out to us. We'd be happy to try everything possible to provide the best support options. First, let's work as a team as we gather more information. DM us if you noticed any changes before the screen went black. What iOS is the device running?",4,True
conv_23080,23080,121027,display_touch_keyboard,@AppleSupport My MacPro is burning up while in sleep mode. Reliably returning to a computer thats been overheating for hours. Who pays when something burns out on a super expensive machine due to a glitch?! #Apple #MacPro,My MacPro is burning up while in sleep mode. Reliably returning to a computer thats been overheating for hours. Who pays when something burns out on a super expensive machine due to a glitch?! #Apple #MacPro,@121027 This is not an expected nor does it sound normal. We can understand your view on this and would like to take a closer look. Can you let us know where this heat seems originate on the Mac? Send us a DM. https://t.co/GDrqU22YpT,This is not an expected nor does it sound normal. We can understand your view on this and would like to take a closer look. Can you let us know where this heat seems originate on the Mac? Send us a DM.,3,True
conv_23111,23111,121032,display_touch_keyboard,@AppleSupport 11.1.2 and the bug with the sound when you record screen on website or try to edit in iMovie still there!,11.1.2 and the bug with the sound when you record screen on website or try to edit in iMovie still there!,@121032 We're happy to help out. Can you tell us more about these issues? Thanks!,We're happy to help out. Can you tell us more about these issues? Thanks!,8,False
conv_23142,23142,121040,display_touch_keyboard,Hello @AppleSupport can you fix the keyboard bug in landscape mode? https://t.co/0rOjfDZJyx,Hello @AppleSupport can you fix the keyboard bug in landscape mode?,"@121040 We'd like to take a closer look at this with you to figure out what's going on. Reach out to us via DM. When you do, be sure to confirm what type of device you're using, along with the specific version of iOS 11 that's currently installed. https://t.co/GDrqU22YpT","We'd like to take a closer look at this with you to figure out what's going on. Reach out to us via DM. When you do, be sure to confirm what type of device you're using, along with the specific version of iOS 11 that's currently installed.",2,True
conv_27331,27331,121981,display_touch_keyboard,@AppleSupport force touch for app multitask gone in iOS11 ?,force touch for app multitask gone in iOS11 ?,"@121981 That feature isn’t a part of iOS 11. We always enjoy hearing feedback. Please submit yours here:
https://t.co/oWzjJxkvlC",That feature isn’t a part of iOS 11. We always enjoy hearing feedback. Please submit yours here:,3,True
conv_31432,31432,122932,display_touch_keyboard,Hey @AppleSupport my keyboard is going haywire when I️ type I️ #help https://t.co/v7Tfc47sgK,Hey @AppleSupport my keyboard is going haywire when I️ type I️ #help,@122932 We'd like to help. Which software version are you using on your iPhone?,We'd like to help. Which software version are you using on your iPhone?,6,False
conv_31450,31450,122937,display_touch_keyboard,#AppleWatch #os4.1 has a glitch. November Challenge show I’ve burnt a lot of calories in just 14.5 hrs @AppleSupport https://t.co/q30Qxagb7e,#AppleWatch #os4.1 has a glitch. November Challenge show I’ve burnt a lot of calories in just 14.5 hrs @AppleSupport,"@122937 We'll be happy to help out. To clarify, did October record calorie burning accurately or is this a new issue for November?","We'll be happy to help out. To clarify, did October record calorie burning accurately or is this a new issue for November?",4,False
conv_31945,31945,123064,display_touch_keyboard,"Yo @AppleSupport  what’s up with this glitch every time I️ try to type the letter “I️” 

I",Yo @AppleSupport what’s up with this glitch every time I️ try to type the letter “I️” I,@123064 We'd like to help you out. Which device are you using and which iOS are you running?,We'd like to help you out. Which device are you using and which iOS are you running?,8,False
conv_32369,32369,123170,display_touch_keyboard,@AppleSupport fix your shit. See this I️ get to it girl it’s a glitch,fix your shit. See this I️ get to it girl it’s a glitch,@123170 We can definitely look into this with you. Which device are you using? DM us and let us know. https://t.co/GDrqU22YpT,We can definitely look into this with you. Which device are you using? DM us and let us know.,2,True
conv_32405,32405,123182,display_touch_keyboard,Can y’all fix the I character please?! I️m tired of seeing this I️ @AppleSupport,Can y’all fix the I character please?! I️m tired of seeing this I️ @AppleSupport,@123182 We'd like to work on this with you. Which device are you using and which iOS are you on? Check here: Settings > General > About.,We'd like to work on this with you. Which device are you using and which iOS are you on? Check here: Settings > General > About.,2,False
conv_32433,32433,123192,display_touch_keyboard,@AppleSupport My iPhone screen glass is completely cracked. Still the touch screen works. Can I change the glass alone or the display too?,My iPhone screen glass is completely cracked. Still the touch screen works. Can I change the glass alone or the display too?,@123192 We're glad to look into all options with you to have your iPhone serviced. Please DM us to proceed. https://t.co/GDrqU22YpT,We're glad to look into all options with you to have your iPhone serviced. Please DM us to proceed.,2,True
conv_33355,33355,123376,display_touch_keyboard,"@AppleSupport (Saurabh at Singapore, kindly get in touch with your team to brief what you said, they are coming up with new stories #macbook","(Saurabh at Singapore, kindly get in touch with your team to brief what you said, they are coming up with new stories #macbook",@123376 We'd like to hear more about this complaint. DM us with more details at the link below please. https://t.co/GDrqU22YpT,We'd like to hear more about this complaint. DM us with more details at the link below please.,2,True
conv_34646,34646,123511,display_touch_keyboard,My 6 month old IPhone 6 touch screen is unresponsive. @AppleSupport please help!,My 6 month old IPhone 6 touch screen is unresponsive. @AppleSupport please help!,@123511 We're happy to help. What version of iOS are you currently running? Find that in Settings > General > About.,We're happy to help. What version of iOS are you currently running? Find that in Settings > General > About.,4,False
conv_36074,36074,123845,display_touch_keyboard,@applesupport is it possible to modify force touch actions on my Mac? For example make force touch click open a new tab.,is it possible to modify force touch actions on my Mac? For example make force touch click open a new tab.,@123845 Hey there. We'll be happy to answer that. Check out more about Force Touch here: https://t.co/bvCxuuAG7f,Hey there. We'll be happy to answer that. Check out more about Force Touch here:,2,True
conv_36099,36099,123370,display_touch_keyboard,RT If you are having issues with you iPhone not typing the letter ‘I’ correctly. @AppleSupport needs to see the impact of this BS 🤬😤,RT If you are having issues with you iPhone not typing the letter ‘I’ correctly. @AppleSupport needs to see the impact of this BS 🤬😤,@123370 We’d like to get this issue resolved. Meet us in DM if you'd like to continue.,We’d like to get this issue resolved. Meet us in DM if you'd like to continue.,5,True
conv_39615,39615,124662,display_touch_keyboard,@115858 @AppleSupport soooo are you guys working on this bug going on with the keyboard??? The letter “ i “ keeps getting replaced by symbols https://t.co/1J584kcILT,soooo are you guys working on this bug going on with the keyboard??? The letter “ i “ keeps getting replaced by symbols,@124662 We're here to help. Let's take this to DM so we can better assist you. https://t.co/GDrqU22YpT,We're here to help. Let's take this to DM so we can better assist you.,2,True
conv_40460,40460,124868,display_touch_keyboard,The letter “I️” is malfunctioning when typing. Pleasure halp! @AppleSupport,The letter “I️” is malfunctioning when typing. Pleasure halp! @AppleSupport,@124868 We'd like to help you out. DM us with what type of device you're using and we'll get started. https://t.co/GDrqU22YpT,We'd like to help you out. DM us with what type of device you're using and we'll get started.,2,True
conv_40465,40465,124870,display_touch_keyboard,@AppleSupport @124871 is there a way to close all open apps and return to home screen at once with Apple classroom?,is there a way to close all open apps and return to home screen at once with Apple classroom?,@124870 Reach out to our Education department through the following link:  https://t.co/IBIY3vMgPj,Reach out to our Education department through the following link:,2,True
conv_42622,42622,125419,display_touch_keyboard,@AppleSupport I️ have been having a weird predictive keyboard suggestion since last night. Tried resetting keyboard but nothing https://t.co/wzzdSZyHbI,I️ have been having a weird predictive keyboard suggestion since last night. Tried resetting keyboard but nothing,@125419 We're here to help. Which version of iOS do you have installed on your device? You'd see this in Settings > General > About.,We're here to help. Which version of iOS do you have installed on your device? You'd see this in Settings > General > About.,4,False
conv_43363,43363,125612,display_touch_keyboard,@AppleSupport your keyboard tripping my G,your keyboard tripping my G,@125612 We're here for you. What issue are you experiencing with your keyboard?,We're here for you. What issue are you experiencing with your keyboard?,2,False
conv_45599,45599,126098,display_touch_keyboard,@AppleSupport hello! I have a strange activity app glitch. It shows my average calories in a day as 18373. https://t.co/GINlpPlVmp,hello! I have a strange activity app glitch. It shows my average calories in a day as 18373.,@126098 We're here to help. Meet us in DM and we'll take a further look at this together. https://t.co/GDrqU22YpT,We're here to help. Meet us in DM and we'll take a further look at this together.,10,True
conv_48000,48000,126731,display_touch_keyboard,@126732 @AppleSupport look at this shit. I’m sick of it! Can’t type the letter I️ without all the extra bullshit!,look at this shit. I’m sick of it! Can’t type the letter I️ without all the extra bullshit!,"@126731 We know the importance of being able to type all letters and characters. In DM, please reply with your iOS version. https://t.co/GDrqU22YpT","We know the importance of being able to type all letters and characters. In DM, please reply with your iOS version.",4,True
conv_48012,48012,126736,display_touch_keyboard,@AppleSupport the letter i is broken https://t.co/bawyLJeACD,the letter i is broken,"@126736 We're here for you. Send us a DM, and we'll take a closer look at this issue together. https://t.co/GDrqU22YpT","We're here for you. Send us a DM, and we'll take a closer look at this issue together.",2,True
conv_50020,50020,127194,display_touch_keyboard,"The letter eye on my keyboard is doing some weird symbol.

Eye updated my phone and it’s still doing this.  

Help!? @AppleSupport",The letter eye on my keyboard is doing some weird symbol. Eye updated my phone and it’s still doing this. Help!? @AppleSupport,@127194 Let's look into this for you. Send us a DM and we can check on available options. https://t.co/GDrqU22YpT,Let's look into this for you. Send us a DM and we can check on available options.,2,True
conv_50829,50829,127407,display_touch_keyboard,@AppleSupport Touchscreen OS 11.3 balky. Sometime have to press or hit the screen several times or even quit 2 get response. Keyboard off 2,Touchscreen OS 11.3 balky. Sometime have to press or hit the screen several times or even quit 2 get response. Keyboard off 2,"@127407 Let us know via DM which device this is on, then we can take a look at this with you from there. https://t.co/GDrqU22YpT","Let us know via DM which device this is on, then we can take a look at this with you from there.",4,True
conv_52962,52962,127929,display_touch_keyboard,"@AppleSupport, hey guys. Think I’m having a problem with my keyboard and can’t find a fix. Anytime I️ type “I️” like this, I️ get this auto https://t.co/0Rv2QkJQ53",", hey guys. Think I’m having a problem with my keyboard and can’t find a fix. Anytime I️ type “I️” like this, I️ get this auto",@127929 We know keyboard funtionality is important and want to help. Which iOS version is installed?,We know keyboard funtionality is important and want to help. Which iOS version is installed?,6,False
conv_52983,52983,127936,display_touch_keyboard,Anybody else experiencing the @AppleSupport bug where the letter I turning into a weird set of glyphs? #Igate,Anybody else experiencing the @AppleSupport bug where the letter I turning into a weird set of glyphs? #Igate,@127936 That's not the experience we want you have with iOS 11. Follow us to DM and we'll get started. https://t.co/GDrqU22YpT,That's not the experience we want you have with iOS 11. Follow us to DM and we'll get started.,2,True
conv_54470,54470,128335,display_touch_keyboard,"@AppleSupport I broke my screen in my iPhone 8, I called to ask where I can fix in Mexico City but they don’t have a screen! How is posible","I broke my screen in my iPhone 8, I called to ask where I can fix in Mexico City but they don’t have a screen! How is posible",@128335 We'd like to help. Have you tried other locations? You can find the places closest to you with this link: https://t.co/FRIRA3cwGI,We'd like to help. Have you tried other locations? You can find the places closest to you with this link:,2,True
conv_55128,55128,128501,display_touch_keyboard,@115858 @AppleSupport SOMEBODY IN DAMN CUPERTINO NEEDS TO FIX THIS DAMN “I️” GLITCH! SOME DAMN BODY! FED UP!!!!!! 😡😑 https://t.co/QlUMUVzxcG,SOMEBODY IN DAMN CUPERTINO NEEDS TO FIX THIS DAMN “I️” GLITCH! SOME DAMN BODY! FED UP!!!!!! 😡😑,@128501 We're here to help. Let's take this to DM so we can better assist you. https://t.co/GDrqU22YpT,We're here to help. Let's take this to DM so we can better assist you.,2,True
conv_56985,56985,128907,display_touch_keyboard,"@115858 @AppleSupport how do I get my keyboard to STOP auto correcting the letter ""I️"" to a symbol. See attached photo. https://t.co/SpXE0xFHvi","how do I get my keyboard to STOP auto correcting the letter ""I️"" to a symbol. See attached photo.",@128907 We want to look into this with you. DM us and we'll continue there. https://t.co/GDrqU22YpT,We want to look into this with you. DM us and we'll continue there.,2,True
conv_57482,57482,129038,display_touch_keyboard,@115858  @AppleSupport can y’all fix the keyboard or what why?,can y’all fix the keyboard or what why?,@129038 What's going on with the keyboard? Please send us a DM so we can help you find a resolution. https://t.co/GDrqU22YpT,What's going on with the keyboard? Please send us a DM so we can help you find a resolution.,2,True
conv_58180,58180,129210,display_touch_keyboard,when your screen says @applesupport live chat will be just two minutes and you have been waiting for 7. That.,when your screen says @applesupport live chat will be just two minutes and you have been waiting for 7. That.,@129210 We're happy to help via Twitter however we can. Please DM us more about what's going on. https://t.co/GDrqU22YpT,We're happy to help via Twitter however we can. Please DM us more about what's going on.,2,True
conv_58274,58274,129234,display_touch_keyboard,"@AppleSupport Hey, I just updated my Late 2012 Mac Mini to High Sierra and now my second monitor doesn't work (only a black screen that will show my cursor) need help fixing this ASAP! Thanks in advance.","Hey, I just updated my Late 2012 Mac Mini to High Sierra and now my second monitor doesn't work (only a black screen that will show my cursor) need help fixing this ASAP! Thanks in advance.",@129234 We're here to help. We know how convenient it is to have a second monitor. Have you done any steps to try to resolve this issue? Go ahead and DM us and let us know what type of cable you are using to connect both monitors. https://t.co/GDrqU22YpT,We're here to help. We know how convenient it is to have a second monitor. Have you done any steps to try to resolve this issue? Go ahead and DM us and let us know what type of cable you are using to connect both monitors.,2,True
conv_58811,58811,129391,display_touch_keyboard,"@129392 Haha so am I️, I️ even reset my keyboard and my phone... help @AppleSupport","Haha so am I️, I️ even reset my keyboard and my phone... help @AppleSupport","@129391 We can definitely partner with you to get this resolved. To begin, tell us which device you’re noticing this on.","We can definitely partner with you to get this resolved. To begin, tell us which device you’re noticing this on.",4,False
conv_59591,59591,129592,display_touch_keyboard,My home button won’t go home but I can still double click to close out apps. HELP @AppleSupport,My home button won’t go home but I can still double click to close out apps. HELP @AppleSupport,@129592 What exactly happens when you single tap the Home button? Let us know in DM; we'd be happy to help! https://t.co/GDrqU22YpT,What exactly happens when you single tap the Home button? Let us know in DM; we'd be happy to help!,2,True
conv_59610,59610,129600,display_touch_keyboard,"What’s going on with the keyboard?! @AppleSupport 🤯
#IGate https://t.co/Kb2OodO4Pb",What’s going on with the keyboard?! @AppleSupport 🤯 #IGate,"@129600 Let's look into this for you. Send us a DM with your current iOS version to get started, https://t.co/GDrqU22YpT","Let's look into this for you. Send us a DM with your current iOS version to get started,",2,True
conv_60288,60288,129784,display_touch_keyboard,Hey @AppleSupport why is it that every time I use the letter I it looks there’s a box like this “ I️ “?,Hey @AppleSupport why is it that every time I use the letter I it looks there’s a box like this “ I️ “?,@129784 Let's look into this keyboard issue for you. Send us a DM with your current iOS version to get started. https://t.co/GDrqU22YpT,Let's look into this keyboard issue for you. Send us a DM with your current iOS version to get started.,2,True
conv_60296,60296,129787,display_touch_keyboard,@AppleSupport my phone screen doesn’t time out and auto lock how it’s supposed to. I’m pretty sure all my settings are right https://t.co/6g9jQOSoOi,my phone screen doesn’t time out and auto lock how it’s supposed to. I’m pretty sure all my settings are right,@129787 Thanks for reaching out. We can definitely look into this with you. Do you have the same results if you change the amount of time?,Thanks for reaching out. We can definitely look into this with you. Do you have the same results if you change the amount of time?,6,False
conv_60328,60328,129795,display_touch_keyboard,Wassup with the letter i on our keyboards yo @AppleSupport,Wassup with the letter i on our keyboards yo @AppleSupport,@129795 We're here to help. Which iOS version is your device currently running? You can check this under Settings > General > About.,We're here to help. Which iOS version is your device currently running? You can check this under Settings > General > About.,4,False
conv_62246,62246,130255,display_touch_keyboard,@AppleSupport hi. I have an iPhone 8 plus and my screen isn’t turning off automatically. What is going on? My auto lock is 1 min,hi. I have an iPhone 8 plus and my screen isn’t turning off automatically. What is going on? My auto lock is 1 min,@130255 Let's take a look at this together. May we ask which iOS version you're currently using on your iPhone?,Let's take a look at this together. May we ask which iOS version you're currently using on your iPhone?,4,False
conv_65010,65010,130908,display_touch_keyboard,Hey @AppleSupport ever since i updated to high sierra 2 days ago my screen does this when i shut down pls tell me this is a common occurrence and yall are working to fix it bc this ish makes me nervous as hell https://t.co/uDIej6mGQn,Hey @AppleSupport ever since i updated to high sierra 2 days ago my screen does this when i shut down pls tell me this is a common occurrence and yall are working to fix it bc this ish makes me nervous as hell,"@130908 We can understand your concern with it doing this while shutting down. Let’s go though some troubleshooting so we can get to the bottom of this. Before we begin, you’ll want to back up your Mac. This explains how: https://t.co/Mw8OK9APy7","We can understand your concern with it doing this while shutting down. Let’s go though some troubleshooting so we can get to the bottom of this. Before we begin, you’ll want to back up your Mac. This explains how:",5,True
conv_72773,72773,132341,display_touch_keyboard,"@115858, please! What is going on? My iPhone’s home screen keeps going blank daily since I updated it to #ios1112. Has anyone else reported this as a bug? When will it be fixed? Help. @AppleSupport https://t.co/90JVL7lOsE",", please! What is going on? My iPhone’s home screen keeps going blank daily since I updated it to #ios1112. Has anyone else reported this as a bug? When will it be fixed? Help. @AppleSupport","@132341 We appreciate the update and the troubleshooting you've tried so far. In DM, please let us know if this happens when using a particular app. https://t.co/GDrqU22YpT","We appreciate the update and the troubleshooting you've tried so far. In DM, please let us know if this happens when using a particular app.",2,True
conv_82011,82011,134149,display_touch_keyboard,@AppleSupport imma need y’all to fix this “I.T” thing . cause i’m about tired . keyboard shortcut trick doesn’t work 🤷🏽‍♀️,imma need y’all to fix this “I.T” thing . cause i’m about tired . keyboard shortcut trick doesn’t work 🤷🏽‍♀️,@134149 That is certainly not the experience we want you to have. Which iOS version is your device running? https://t.co/GDrqU22YpT,That is certainly not the experience we want you to have. Which iOS version is your device running?,5,True
conv_84165,84165,134507,display_touch_keyboard,The screen on my Iphone 8 just went black.. three days away from my sons 2nd B-day. GREAT. @115858 @AppleSupport,The screen on my Iphone 8 just went black.. three days away from my sons 2nd B-day. GREAT. @115858 @AppleSupport,@134507 This is not the normal. Let's look into this with you in DM here: https://t.co/GDrqU22YpT,This is not the normal. Let's look into this with you in DM here:,2,True
conv_84229,84229,134528,display_touch_keyboard,Is anyone else having a weird glitch on their iPhone ? When I type the word “I.T “ I.T auto corrects to I . T @AppleSupport,Is anyone else having a weird glitch on their iPhone ? When I type the word “I.T “ I.T auto corrects to I . T @AppleSupport,@134528 We want to take a look with you. Could you Direct Message us and let us know what iOS version you're on? https://t.co/GDrqU22YpT,We want to take a look with you. Could you Direct Message us and let us know what iOS version you're on?,2,True
conv_90242,90242,135582,display_touch_keyboard,"+++ Siz de benzer şekilde sorun yaşıyorsanız lütfen ""High Sierra random display sleep"" başlığına şikayet yazın. https://t.co/LLu39AV5K2 @AppleSupport","+++ Siz de benzer şekilde sorun yaşıyorsanız lütfen ""High Sierra random display sleep"" başlığına şikayet yazın. @AppleSupport",@135582 We offer support via Twitter in English. Contact us for help in your preferred language here: https://t.co/IBIY3vMgPj,We offer support via Twitter in English. Contact us for help in your preferred language here:,2,True
conv_90538,90538,135591,display_touch_keyboard,Just received new unit of iPhone X. First had horrible yellow screen and this is even worse. Is @AppleSupport gonna finally admit that the some screens are not as good as they claim to be? @116333 #Apple #iPhoneX,Just received new unit of iPhone X. First had horrible yellow screen and this is even worse. Is @AppleSupport gonna finally admit that the some screens are not as good as they claim to be? @116333 #Apple #iPhoneX,@135591 Congratulations on your new iPhone! Let's get to the bottom of what's going on. Please send us a DM with your country and we can get started there. https://t.co/GDrqU22YpT,Congratulations on your new iPhone! Let's get to the bottom of what's going on. Please send us a DM with your country and we can get started there.,2,True
conv_90560,90560,135597,display_touch_keyboard,"So every time I go on YouTube and I watch any kind of video, the video stops like it pauses on its own. Idk if it’s a glitch or something. #apple @AppleSupport I’m guessing it’s from the newest beta.","So every time I go on YouTube and I watch any kind of video, the video stops like it pauses on its own. Idk if it’s a glitch or something. #apple @AppleSupport I’m guessing it’s from the newest beta.","@135597 Hey, we'd like to learn some more details on what's going on so that we can help. Send us a DM and we'll go from there. https://t.co/GDrqU22YpT","Hey, we'd like to learn some more details on what's going on so that we can help. Send us a DM and we'll go from there.",2,True
conv_90580,90580,135603,display_touch_keyboard,"Dear @115858 @applesupport, why does my keyboard capitalise words which have diacritics in romanian? Example in photo. https://t.co/68EZ93Z6Jv","Dear @115858 @applesupport, why does my keyboard capitalise words which have diacritics in romanian? Example in photo.",@135603 We'd like to look into this for you. DM us and tell us which version of iOS you're running. Find that under Settings > General > About. https://t.co/GDrqU22YpT,We'd like to look into this for you. DM us and tell us which version of iOS you're running. Find that under Settings > General > About.,2,True
conv_90637,90637,135619,display_touch_keyboard,@AppleSupport #iOS1112 notifications on the lock screen are buggy yet.,#iOS1112 notifications on the lock screen are buggy yet.,@135619 We can help out with that. Would you be able to provide more details on what's happening?,We can help out with that. Would you be able to provide more details on what's happening?,5,False
conv_90668,90668,135632,display_touch_keyboard,@AppleSupport why can’t I see notifications in my lock screen? Eg a text comes up as ‘text notification’ can’t see who it’s from and it’s starting to seriously annoy me 😟,why can’t I see notifications in my lock screen? Eg a text comes up as ‘text notification’ can’t see who it’s from and it’s starting to seriously annoy me 😟,@135632 We want you to be able to see your notifications properly.  When did this start?  Which iOS version are you running?  Please reply in DM. https://t.co/GDrqU22YpT,We want you to be able to see your notifications properly. When did this start? Which iOS version are you running? Please reply in DM.,2,True
conv_90680,90680,135634,display_touch_keyboard,"#Apple #macOS users/geniuses HALP! 🍎 My computer won't work! I get the first screen of writing, then it tries to load, then the tiny writing in the top left hand corner, it repeats all this about 10 times, then the 🚫 symbol, then it shuts down 🤔😕 @AppleSupport https://t.co/zCZQV9FQyp","#Apple #macOS users/geniuses HALP! 🍎 My computer won't work! I get the first screen of writing, then it tries to load, then the tiny writing in the top left hand corner, it repeats all this about 10 times, then the 🚫 symbol, then it shuts down 🤔😕 @AppleSupport",@135634 We'd like to help you with your Mac. Take a look at the steps and information here: https://t.co/rO42NAGDmI Let us know if you still need help.,We'd like to help you with your Mac. Take a look at the steps and information here: Let us know if you still need help.,2,True
conv_92676,92676,136065,display_touch_keyboard,"@AppleSupport Huh,  iPhone X, a phone that doesn’t support landscape home screen, attempting a landscape home screen! #uxdesign #apple #iphoneX #ux #iphone https://t.co/XsV1tZRTIK","Huh, iPhone X, a phone that doesn’t support landscape home screen, attempting a landscape home screen! #uxdesign #apple #iphoneX #ux #iphone",@136065 We'd like to look into this. DM us and tell us which version of iOS you're running. Find that under Settings > General > About. https://t.co/GDrqU22YpT,We'd like to look into this. DM us and tell us which version of iOS you're running. Find that under Settings > General > About.,2,True
conv_92702,92702,136071,display_touch_keyboard,@AppleSupport my keyboard for my new iPad pro isn’t working. I often have to take these two apart to re-engage. Assuming that’s not how it is supposed to work!? Please help thanks https://t.co/JpM5wO84JM,my keyboard for my new iPad pro isn’t working. I often have to take these two apart to re-engage. Assuming that’s not how it is supposed to work!? Please help thanks,@136071 Let's help get your Smart Keyboard functioning as expected. What's the version of iOS installed on the iPad Pro? Does the issue persist after rebooting the iPad Pro as well?,Let's help get your Smart Keyboard functioning as expected. What's the version of iOS installed on the iPad Pro? Does the issue persist after rebooting the iPad Pro as well?,6,False
conv_92727,92727,136078,display_touch_keyboard,@AppleSupport my MBP screen goes completely black out of nowhere. I can see it shows some glitter right before going off. Quite strange. Recently upgraded to High Sierra and got the root security fix this morning.,my MBP screen goes completely black out of nowhere. I can see it shows some glitter right before going off. Quite strange. Recently upgraded to High Sierra and got the root security fix this morning.,"@136078 We're glad you took the time to reach out to us. We want to be sure you can use your MacBook Pro without any display issues. It sounds like we will need to reset the NVRAM. You can follow the steps outlined here: https://t.co/sf0JEbUJVS
Let us know how it goes.",We're glad you took the time to reach out to us. We want to be sure you can use your MacBook Pro without any display issues. It sounds like we will need to reset the NVRAM. You can follow the steps outlined here: Let us know how it goes.,2,True
conv_92769,92769,131555,display_touch_keyboard,Hey @AppleSupport new bug. I have an iPhone X on 11.1.2. When playing music on Deezer it stops playing when I sleep the display or check notifications. Only fixed by restarting the phone. What gives....,Hey @AppleSupport new bug. I have an iPhone X on 11.1.2. When playing music on Deezer it stops playing when I sleep the display or check notifications. Only fixed by restarting the phone. What gives....,"@131555 We'd be happy to look into this with you and figure out what's causing this. Is this the only audio that this is happening with? If so, have you checked for an update in the App Store?","We'd be happy to look into this with you and figure out what's causing this. Is this the only audio that this is happening with? If so, have you checked for an update in the App Store?",7,False
conv_94745,94745,136580,display_touch_keyboard,Stupid @AppleSupport iPhone autocorrect my “I️” you guys need to fix that crap starting to get very irritating,Stupid @AppleSupport iPhone autocorrect my “I️” you guys need to fix that crap starting to get very irritating,@136580 We want to help. Which version of iOS 11 is your device currently running?,We want to help. Which version of iOS 11 is your device currently running?,6,False
conv_94776,94776,136589,display_touch_keyboard,@AppleSupport can you please fix this issue? Why is it that when I swipe left from contacts I get blurry shakey screen?! https://t.co/tij2PjYKPU,can you please fix this issue? Why is it that when I swipe left from contacts I get blurry shakey screen?!,@136589 We can definitely look into this with you. Are you only experiencing this behavior in the Contacts app? Which iOS are you running currently? You can go to Settings > General > About to locate the version.,We can definitely look into this with you. Are you only experiencing this behavior in the Contacts app? Which iOS are you running currently? You can go to Settings > General > About to locate the version.,7,False
conv_94839,94839,136608,display_touch_keyboard,Soooo are we going to pretend like the new iPhones don’t have massive autocorrect issues? I’d like to be able to type the word it without I.T autocorrecting to this: I.T just to name a single instance. @115858 @AppleSupport,Soooo are we going to pretend like the new iPhones don’t have massive autocorrect issues? I’d like to be able to type the word it without I.T autocorrecting to this: I.T just to name a single instance. @115858 @AppleSupport,@136608 We'd like to help! Would you mind please joining us in DM and letting us know your iOS version? You can check in Settings > General > About > Version. https://t.co/GDrqU22YpT,We'd like to help! Would you mind please joining us in DM and letting us know your iOS version? You can check in Settings > General > About > Version.,3,True
conv_94857,94857,136614,display_touch_keyboard,"@AppleSupport umm, where is my clock and podcast controls on the lock screen? They’re there but can’t be seen. https://t.co/lVyiB6wwAt","umm, where is my clock and podcast controls on the lock screen? They’re there but can’t be seen.","@136614 We understand the concern over not being able to see all of the items on your lock screen. We're happy to look into this with you. 

To start, are you on iOS 11.1.2? If not, we'd recommend backing up and updating.","We understand the concern over not being able to see all of the items on your lock screen. We're happy to look into this with you. To start, are you on iOS 11.1.2? If not, we'd recommend backing up and updating.",4,False
conv_94891,94891,136626,display_touch_keyboard,"I got my phone fixed 2 weeks ago and I just dropped my phone with a case on it ON CARPET from at MOST four feet, and my screen shattered.... @AppleSupport how?","I got my phone fixed 2 weeks ago and I just dropped my phone with a case on it ON CARPET from at MOST four feet, and my screen shattered.... @AppleSupport how?","@136626 We're sorry that this happened, so let us help you get it taken care of. DM us so we can better assist you: https://t.co/GDrqU22YpT","We're sorry that this happened, so let us help you get it taken care of. DM us so we can better assist you:",2,True
conv_94904,94904,136630,display_touch_keyboard,@115858 @AppleSupport this happens to my lock screen once a day at least. I hope 11.2 is going to fix this. No date/time and can’t swipe Down to see notifications or control center. Only up to unlock. https://t.co/40uZKNUpKF,this happens to my lock screen once a day at least. I hope 11.2 is going to fix this. No date/time and can’t swipe Down to see notifications or control center. Only up to unlock.,"@136630 Thank you for reaching out. We're certainly able to take a look into this issue with you. 

When this issue occurs, does unlocking and locking the phone back address it? Additionally, are you currently on iOS 11.1.2?","Thank you for reaching out. We're certainly able to take a look into this issue with you. When this issue occurs, does unlocking and locking the phone back address it? Additionally, are you currently on iOS 11.1.2?",4,False
conv_96899,96899,137149,display_touch_keyboard,@AppleSupport why is the icon for certain apps in the @118936 different than the ones that dlonwload to my home screen?,why is the icon for certain apps in the @118936 different than the ones that dlonwload to my home screen?,"@137149 Let’s figure this out together. DM us the apps you’re noticing this with, and we’ll get started. https://t.co/GDrqU22YpT","Let’s figure this out together. DM us the apps you’re noticing this with, and we’ll get started.",3,True
conv_97000,97000,137172,display_touch_keyboard,@AppleSupport can you fix my I️phone please.,can you fix my I️phone please.,@137172 We want to help. Which iOS version is your phone running?,We want to help. Which iOS version is your phone running?,4,False
conv_97025,97025,137179,display_touch_keyboard,"Ever since I upgraded to High Sierra, my media controls on the keyboard don’t work with iTunes. Please help or fix it @AppleSupport","Ever since I upgraded to High Sierra, my media controls on the keyboard don’t work with iTunes. Please help or fix it @AppleSupport","@137179 We're here for you. The media controls at the top of the keyboard will control whichever program you have open. If you'd like to provide feedback on this feature, you can do so here: https://t.co/GewaBVdeV8","We're here for you. The media controls at the top of the keyboard will control whichever program you have open. If you'd like to provide feedback on this feature, you can do so here:",6,True
conv_98297,98297,137488,display_touch_keyboard,@AppleSupport my iPhone 6 screen flickers and bands when it’s really cold weather. I need to heat it up before it’ll stop. Is this a software issue or a screen issue or something else?,my iPhone 6 screen flickers and bands when it’s really cold weather. I need to heat it up before it’ll stop. Is this a software issue or a screen issue or something else?,"@137488 We’d love to help. To start, please send us a DM confirming if you see temperature warnings on the iPhone in the cold weather, as well as which software version you’re using. You can tap Settings > General > About to locate the software version. https://t.co/GDrqU22YpT","We’d love to help. To start, please send us a DM confirming if you see temperature warnings on the iPhone in the cold weather, as well as which software version you’re using. You can tap Settings > General > About to locate the software version.",2,True
conv_98853,98853,137637,display_touch_keyboard,@AppleSupport why is it that I download an iTunes movie on to my iPad in my home. The download completes and I check I can playback the movie. But when I get on the train to work when I play the movie I just get an endlessly spinning “Loading...” at the top of the screen?,why is it that I download an iTunes movie on to my iPad in my home. The download completes and I check I can playback the movie. But when I get on the train to work when I play the movie I just get an endlessly spinning “Loading...” at the top of the screen?,"@137637 We want you to enjoy your movies on the go, so we’d like to help. Does this appear to happen with multiple movies or just one? If just one, are you able to watch or download it to a different device?","We want you to enjoy your movies on the go, so we’d like to help. Does this appear to happen with multiple movies or just one? If just one, are you able to watch or download it to a different device?",2,False
conv_98873,98873,137645,display_touch_keyboard,My iPhone screen is broken @AppleSupport,My iPhone screen is broken @AppleSupport,@137645 We are here to help. DM us your current country and we can take a look at this. https://t.co/GDrqU22YpT,We are here to help. DM us your current country and we can take a look at this.,2,True
conv_98878,98878,137647,display_touch_keyboard,"@AppleSupport My iPhone 8+ has suddenly began acting up. It’s randomly restarting by itself, no sound is working as in when I receive a text or call my phone doesn’t make a sound. My touchscreen isn’t responsive sometimes and I can’t play videos in apps, like YouTube or Hayu.","My iPhone 8+ has suddenly began acting up. It’s randomly restarting by itself, no sound is working as in when I receive a text or call my phone doesn’t make a sound. My touchscreen isn’t responsive sometimes and I can’t play videos in apps, like YouTube or Hayu.","@137647 Thanks for reaching out to us. Let's work to get this resolved together. Let's start with the the sound issue. Which version of iOS is installed currently? Also, check out this article for help with it as well: https://t.co/4Kux8rhhGX","Thanks for reaching out to us. Let's work to get this resolved together. Let's start with the the sound issue. Which version of iOS is installed currently? Also, check out this article for help with it as well:",6,True
conv_101262,101262,138163,display_touch_keyboard,@AppleSupport Why does the iPhone have “I.T” as the autocorrect for “it”??!,Why does the iPhone have “I.T” as the autocorrect for “it”??!,@138163 Thanks for reaching out. We'd be happy to help. Which version of iOS are you using? You can check in Settings > General > About.,Thanks for reaching out. We'd be happy to help. Which version of iOS are you using? You can check in Settings > General > About.,4,False
conv_733,733,115863,camera_photos,@AppleSupport I’ve got a screenshot saying my #iPhoneX is reserved for the 3rd then an email saying it’s the 18th... what happened?,I’ve got a screenshot saying my #iPhoneX is reserved for the 3rd then an email saying it’s the 18th... what happened?,@115863 Go ahead and send us a DM please. Let us know the country you're in.,Go ahead and send us a DM please. Let us know the country you're in.,2,True
conv_4890,4890,116857,camera_photos,"@AppleSupport whenever I try to see the photos that I’ve just taken my #iphone6 shows me this. I’ve reset it, I’ve restored it... help? https://t.co/8tQy27WvMe","whenever I try to see the photos that I’ve just taken my #iphone6 shows me this. I’ve reset it, I’ve restored it... help?",@116857 We know how important it is to be able to view your photos. Are you able to see older photos on your iPhone?,We know how important it is to be able to view your photos. Are you able to see older photos on your iPhone?,5,False
conv_11122,11122,118100,camera_photos,@AppleSupport @118101 would love to know why my pictures look like this when I take a picture 😡 https://t.co/yVpQKCBzFu,would love to know why my pictures look like this when I take a picture 😡,@118100 We would love to help you with this! Is this the front or rear facing camera? Which device and iOS version?,We would love to help you with this! Is this the front or rear facing camera? Which device and iOS version?,4,False
conv_13942,13942,118930,camera_photos,@AppleSupport super frustrating trying to send a pano but sending photo works just fine?? Am I doing something wrong? #iOS11 👎 https://t.co/WGgmrsf9jD,super frustrating trying to send a pano but sending photo works just fine?? Am I doing something wrong? #iOS11 👎,@118930 You've come to the right place. We're eager to help. Is this happening with SMS (non-iPhone) contacts as well?,You've come to the right place. We're eager to help. Is this happening with SMS (non-iPhone) contacts as well?,4,False
conv_23134,23134,121038,camera_photos,"@AppleSupport Can you tell me how I can scan a document into notes, if I’ve already taken a picture of it, i.e. I want to use the image that’s already in my photo library. I can’t see a way to do this. Thanks!","Can you tell me how I can scan a document into notes, if I’ve already taken a picture of it, i.e. I want to use the image that’s already in my photo library. I can’t see a way to do this. Thanks!","@121038 Sure thing! We are glad to help! Could you let us know which iOS version you are running? The process has changed a little, and we want to make sure we’re giving you the best direction. You can find this info at Settings > General > About.","Sure thing! We are glad to help! Could you let us know which iOS version you are running? The process has changed a little, and we want to make sure we’re giving you the best direction. You can find this info at Settings > General > About.",4,False
conv_31954,31954,123067,camera_photos,"@AppleSupport everytime I go into social media I cannot DM anyone photos, not on twitter or Facebook. I have over 7k photos here it’s says 0 https://t.co/x2U9OUvota","everytime I go into social media I cannot DM anyone photos, not on twitter or Facebook. I have over 7k photos here it’s says 0","@123067 We have received your DM and thank you for the time required to share this information with us, we will respond in DM shortly.","We have received your DM and thank you for the time required to share this information with us, we will respond in DM shortly.",2,True
conv_34640,34640,123509,camera_photos,@115858 Now my rear camera is not working… and my phone needs to cool down apparently even tho it feels kool to me… 😠 @115858 @AppleSupport,Now my rear camera is not working… and my phone needs to cool down apparently even tho it feels kool to me… 😠 @115858 @AppleSupport,@123509 Hi. We're here for you. DM us and tell us the exact version of iOS you're running. We'll go from there. https://t.co/GDrqU22YpT,Hi. We're here for you. DM us and tell us the exact version of iOS you're running. We'll go from there.,2,True
conv_34662,34662,123516,camera_photos,"Thanks @AppleSupport, for following up on the camera issue. It is highly appreciated. Hope you will continue to support in the same way.","Thanks @AppleSupport, for following up on the camera issue. It is highly appreciated. Hope you will continue to support in the same way.",@123516 Our pleasure! Let us know if you have further questions & we'll be glad to help.,Our pleasure! Let us know if you have further questions & we'll be glad to help.,2,False
conv_41625,41625,125158,camera_photos,@AppleSupport  can you guys fix the software issue with the camera? I need this for my job. No issues when using it through Twitter app,can you guys fix the software issue with the camera? I need this for my job. No issues when using it through Twitter app,@125158 We'd be happy to look into your camera issue with you. Please let us know a bit more about what's going on.,We'd be happy to look into your camera issue with you. Please let us know a bit more about what's going on.,9,False
conv_41677,41677,125173,camera_photos,@AppleSupport what is going on here? Taking a screenshot doesn't capture the error. Only occurs on Finder windows. It's like Windows XP! https://t.co/NSdnfTCOhD,what is going on here? Taking a screenshot doesn't capture the error. Only occurs on Finder windows. It's like Windows XP!,"@125173 Let's help get this sorted. To get started, what version of macOS are you using? Next, does restarting stop the behavior?","Let's help get this sorted. To get started, what version of macOS are you using? Next, does restarting stop the behavior?",4,False
conv_45587,45587,126094,camera_photos,my phone froze and i lost all 32000 photos on my phone 😭 help a sis out plz @AppleSupport,my phone froze and i lost all 32000 photos on my phone 😭 help a sis out plz @AppleSupport,@126094 We'll do all we can to get your Photos back. Please reach out to our Photos team here: https://t.co/IBIY3vMgPj,We'll do all we can to get your Photos back. Please reach out to our Photos team here:,4,True
conv_48030,48030,126739,camera_photos,"@AppleSupport Why does the ""Preserve Live Photo"" setting no longer apply to iMessage photos? Used to work. Now always takes live photos.","Why does the ""Preserve Live Photo"" setting no longer apply to iMessage photos? Used to work. Now always takes live photos.",@126739 We'd be happy to help out. When did you notice that this stopped working? DM us and let us know. https://t.co/GDrqU22YpT,We'd be happy to help out. When did you notice that this stopped working? DM us and let us know.,2,True
conv_51681,51681,127607,camera_photos,All of my pictures magically got deleted somehow. @AppleSupport??? What the shit? I go from 3K to 600 fuck is up?,All of my pictures magically got deleted somehow. @AppleSupport??? What the shit? I go from 3K to 600 fuck is up?,@127607 What happened before they were deleted?  Are you able to see those photos at https://t.co/tmRhWEkIq4 if you log in there?,What happened before they were deleted? Are you able to see those photos at if you log in there?,4,True
conv_51705,51705,127615,camera_photos,@AppleSupport why since my 7s was updated am I having trouble sending picture messages? It freezes when I try to select person to send to.,why since my 7s was updated am I having trouble sending picture messages? It freezes when I try to select person to send to.,@127615 We can help with MMS. Which version of the iOS are you currently running? You can check in Settings > General > About > Version,We can help with MMS. Which version of the iOS are you currently running? You can check in Settings > General > About > Version,4,False
conv_55924,55924,128685,camera_photos,"@AppleSupport hi, i want to know why iPhone 8 pictures look  darker than when I take them , should I change something ?","hi, i want to know why iPhone 8 pictures look darker than when I take them , should I change something ?",@128685 We’d like to figure out why this is happening too. Are you using the iPhone 8 or 8 Plus? What picture mode are you usually using when this happens?,We’d like to figure out why this is happening too. Are you using the iPhone 8 or 8 Plus? What picture mode are you usually using when this happens?,5,False
conv_55967,55967,128697,camera_photos,@AppleSupport Will you please put the texting from the photo app option back? It is super annoying having to get out of photos to txt a pic.,Will you please put the texting from the photo app option back? It is super annoying having to get out of photos to txt a pic.,@128697 We'd be happy to look into this with you.  Please reach out to us via DM and we'll get started. https://t.co/GDrqU22YpT,We'd be happy to look into this with you. Please reach out to us via DM and we'll get started.,4,True
conv_61090,61090,129984,camera_photos,"@AppleSupport All my photos keep being removed from my phone, after connecting it to my laptop they all get restored but it keeps happening?","All my photos keep being removed from my phone, after connecting it to my laptop they all get restored but it keeps happening?",@129984 We're here to help. Let's take this to DM so we can better assist you. https://t.co/GDrqU22YpT,We're here to help. Let's take this to DM so we can better assist you.,2,True
conv_71176,71176,131992,camera_photos,"@AppleSupport

Screenshot attached https://t.co/Iic2tWHy67",Screenshot attached,@131992 We'd like to take a closer look at this with you. Please use the link below to send us a DM and we'll continue there. https://t.co/GDrqU22YpT,We'd like to take a closer look at this with you. Please use the link below to send us a DM and we'll continue there.,4,True
conv_84198,84198,134517,camera_photos,@AppleSupport my phone turned off and now all my pictures are gone??  what the fuck???? https://t.co/yC4MhMg4j7,my phone turned off and now all my pictures are gone?? what the fuck????,"@134517 We know how important those memories are, so let's work together to figure out what's going on. Do you have Optimize iPhone Storage turned on in Settings > Photos? DM us the answer and we'll get started. https://t.co/GDrqU22YpT","We know how important those memories are, so let's work together to figure out what's going on. Do you have Optimize iPhone Storage turned on in Settings > Photos? DM us the answer and we'll get started.",2,True
conv_84247,84247,134533,camera_photos,"@AppleSupport Team, Photos app is acting weird. All pictures are jumbled in the Album folder & it’s not setting right. Also, Below screenshot is from Photos and this happened all a sudden & I haven’t done anything. https://t.co/CYMkRvWyL7","Team, Photos app is acting weird. All pictures are jumbled in the Album folder & it’s not setting right. Also, Below screenshot is from Photos and this happened all a sudden & I haven’t done anything.","@134533 Hey there! We know how important photos are, so we're more than happy to help and recommend reaching out to our Photos team directly so they can help you figure out what's going on. Click here to get started: https://t.co/IBIY3vMgPj","Hey there! We know how important photos are, so we're more than happy to help and recommend reaching out to our Photos team directly so they can help you figure out what's going on. Click here to get started:",2,True
conv_87022,87022,135042,camera_photos,@AppleSupport just noticed i have photos on my phone from 1st Jan 1970! Whats that all about??? https://t.co/KLtnkHtK5V,just noticed i have photos on my phone from 1st Jan 1970! Whats that all about???,@135042 We'd be happy to look into this with you more in detail. Please reach out to us via DM and we'll get started. https://t.co/GDrqU22YpT,We'd be happy to look into this with you more in detail. Please reach out to us via DM and we'll get started.,2,True
conv_87032,87032,135046,camera_photos,@AppleSupport my iPhone won't let me delete any of my photos. I click delete and then they come back within seconds?!,my iPhone won't let me delete any of my photos. I click delete and then they come back within seconds?!,@135046 Let's see how we can provide you the best guidance on this. Which iPhone and iOS version are you using? Have you tried restarting your iPhone after deleting the photos? Does the same issue happen after restarting?,Let's see how we can provide you the best guidance on this. Which iPhone and iOS version are you using? Have you tried restarting your iPhone after deleting the photos? Does the same issue happen after restarting?,2,False
conv_87134,87134,135065,camera_photos,"@AppleSupport @115858 I took a picture and when I went to the camera roll, about 11,000 photos went missing. I had around 24k, now at 13k.","I took a picture and when I went to the camera roll, about 11,000 photos went missing. I had around 24k, now at 13k.","@135065 We know how important your photos are, and we'd love to help. Since the photos disappeared, have you had a chance to restart your iPhone?","We know how important your photos are, and we'd love to help. Since the photos disappeared, have you had a chance to restart your iPhone?",6,False
conv_90562,90562,135598,camera_photos,@115858  @AppleSupport All of my photos have disappeared off my phone! Just out of nowhere..they’re gone,All of my photos have disappeared off my phone! Just out of nowhere..they’re gone,@135598 Hello. We definitely know that your photos are important and we are here to help. Have there been any recent changes to your device? Do you use iCloud Photo Library.,Hello. We definitely know that your photos are important and we are here to help. Have there been any recent changes to your device? Do you use iCloud Photo Library.,2,False
conv_90616,90616,135613,camera_photos,I'm developing a new app. This app can access the photo library but doesn't have any photo library usage permission. Is it a bug? #Apple #appleBug #iosbug #swiftlang #iosapp #iOS11 @115858 @AppleSupport @4385 https://t.co/9l6qNIGlSo,I'm developing a new app. This app can access the photo library but doesn't have any photo library usage permission. Is it a bug? #Apple #appleBug #iosbug #swiftlang #iosapp #iOS11 @115858 @AppleSupport @4385,@135613 Let's get you in the right place for help. You'll want to reach out for Developer Support here: https://t.co/MN29maiV1D,Let's get you in the right place for help. You'll want to reach out for Developer Support here:,2,True
conv_92748,92748,136089,camera_photos,"@AppleSupport @115858 sometimes I get these emails that are full of dates, times, and things to do that I wish I could just take a screenshot of it and attach in my calendar. Is this a possibility?","sometimes I get these emails that are full of dates, times, and things to do that I wish I could just take a screenshot of it and attach in my calendar. Is this a possibility?",@136089 We can assist you. The following guide provides instructions on how you can include attachments in Calendar events: https://t.co/PP2ob8UU2r,We can assist you. The following guide provides instructions on how you can include attachments in Calendar events:,4,True
conv_96915,96915,137152,camera_photos,@AppleSupport is there a way to turn off live photo permanently. Constantly turning it off and yes I have the preserve live photo setting turned on. So annoying!  If I want video I will do video.,is there a way to turn off live photo permanently. Constantly turning it off and yes I have the preserve live photo setting turned on. So annoying! If I want video I will do video.,"@137152 We want you to enjoy taking pics with your device, and we'll do all we can to help. Let us know what device and OS you're using via DM and we'll continue from there: https://t.co/GDrqU22YpT","We want you to enjoy taking pics with your device, and we'll do all we can to help. Let us know what device and OS you're using via DM and we'll continue from there:",2,True
conv_96935,96935,137157,camera_photos,@AppleSupport Hello! Why my music profile doesn’t look like that on the first picture? https://t.co/M9qH6Y0RBp,Hello! Why my music profile doesn’t look like that on the first picture?,"@137157 Thanks for reaching out. We'd like to know more about this, DM us with some extra detail and we'll look into it. https://t.co/GDrqU22YpT","Thanks for reaching out. We'd like to know more about this, DM us with some extra detail and we'll look into it.",2,True
conv_98814,98814,137624,camera_photos,"Annoyed at the fact I just got a new iPhone 7plus, because my old one stopped working, a few weeks ago & now the front camera on the new one doesn’t work at all. @115858 @AppleSupport","Annoyed at the fact I just got a new iPhone 7plus, because my old one stopped working, a few weeks ago & now the front camera on the new one doesn’t work at all. @115858 @AppleSupport",@137624 Thanks for reaching out to us. We'd like to help you and look into this further. Please DM us to continue working on this. https://t.co/GDrqU22YpT,Thanks for reaching out to us. We'd like to help you and look into this further. Please DM us to continue working on this.,2,True
conv_98845,98845,137635,camera_photos,@AppleSupport  I never use Live Photo mode and I don’t intend to. Why does it sporadically keep getting turned back on in camera?,I never use Live Photo mode and I don’t intend to. Why does it sporadically keep getting turned back on in camera?,@137635 We want to help. Live Photos is on by default on your iPhone 6s and later. You can tun off Live Photos in the Camera app and then preserve your Camera settings so that Live Photos is always on or off. Go to Settings > Camera > Preserve Settings.,We want to help. Live Photos is on by default on your iPhone 6s and later. You can tun off Live Photos in the Camera app and then preserve your Camera settings so that Live Photos is always on or off. Go to Settings > Camera > Preserve Settings.,6,False
conv_102363,102363,138471,camera_photos,"Dear @AppleSupport, the feature that is suppose to keep Live Photos off doesn’t work. A fix would be nice. Thanks!","Dear @AppleSupport, the feature that is suppose to keep Live Photos off doesn’t work. A fix would be nice. Thanks!",@138471 Let's look into that. Send us a DM and we'll go from there. https://t.co/GDrqU22YpT,Let's look into that. Send us a DM and we'll go from there.,2,True
conv_103240,103240,138718,camera_photos,Why did all my pictures just delete from my phone. WTF just happened @AppleSupport,Why did all my pictures just delete from my phone. WTF just happened @AppleSupport,@138718 We can help with your Photos! Please tell us which iPhone and iOS you're using in DM and we'll go from there: https://t.co/GDrqU22YpT,We can help with your Photos! Please tell us which iPhone and iOS you're using in DM and we'll go from there:,4,True
conv_105334,105334,117107,camera_photos,@AppleSupport Upgraded Mac (retina 4k 27” late 2014) to High Sierra this week. Photos app is nightmare. Editing virtually impossible as adjustments take 30secs – 1 min to appear. Photos frequently crashes too. Help please?,Upgraded Mac (retina 4k 27” late 2014) to High Sierra this week. Photos app is nightmare. Editing virtually impossible as adjustments take 30secs – 1 min to appear. Photos frequently crashes too. Help please?,"@117107 Let's get you connected to our Photos team. Please use this link to get in contact with them: https://t.co/IBIY3vMgPj
Select Apps & Software > Mac apps.",Let's get you connected to our Photos team. Please use this link to get in contact with them: Select Apps & Software > Mac apps.,4,True
conv_105405,105405,139282,camera_photos,"Why is every picture I take with my #iphoneX with flash on, I get red eyes??? I never had this issue with my previous #iphone help @AppleSupport @115858","Why is every picture I take with my #iphoneX with flash on, I get red eyes??? I never had this issue with my previous #iphone help @AppleSupport @115858",@139282 We'd love to team up with you and get this sorted. Let's go to Settings> General > About and provide us with your software version in DM. Click here: https://t.co/GDrqU22YpT,We'd love to team up with you and get this sorted. Let's go to Settings> General > About and provide us with your software version in DM. Click here:,2,True
conv_109070,109070,140210,camera_photos,"@AppleSupport my iPhone goes all pixelated when I swipe from the left in Contacts, is this a software or hardware problem? See photo https://t.co/IHnVNsZHp4","my iPhone goes all pixelated when I swipe from the left in Contacts, is this a software or hardware problem? See photo",@140210 We'd like to help look into this a bit further. DM us what iOS version you're on. https://t.co/GDrqU22YpT,We'd like to help look into this a bit further. DM us what iOS version you're on.,2,True
conv_112850,112850,141085,camera_photos,I swear my iPhone camera is acting up. It now looks like it has some type of dark/grainy filter no matter which app I open camera in. #iphoneX #help @AppleSupport 📱,I swear my iPhone camera is acting up. It now looks like it has some type of dark/grainy filter no matter which app I open camera in. #iphoneX #help @AppleSupport 📱,"@141085 We're here for you! When did the camera issue first start? If you can also let us know which iOS version is currently installed, we'll do our best to assist.","We're here for you! When did the camera issue first start? If you can also let us know which iOS version is currently installed, we'll do our best to assist.",4,False
conv_112901,112901,141100,camera_photos,@AppleSupport why can i not download my pictures??? https://t.co/tL61VFG4bR,why can i not download my pictures???,@141100 We'd like to help you with your photos. Do you have iCloud Photo Library enabled? Let us know in DM: https://t.co/GDrqU22YpT,We'd like to help you with your photos. Do you have iCloud Photo Library enabled? Let us know in DM:,2,True
conv_114481,114481,141452,camera_photos,"@AppleSupport how do I turn Live Photos OFF by default, and HDR ON by default? The current default setup makes no sense.","how do I turn Live Photos OFF by default, and HDR ON by default? The current default setup makes no sense.","@141452  Thanks for checking with us to get your issue taken care of. We'd love to help, but we do want to make sure we provide information based on your configuration. Can you let us know the iOS version?","Thanks for checking with us to get your issue taken care of. We'd love to help, but we do want to make sure we provide information based on your configuration. Can you let us know the iOS version?",8,False
conv_116016,116016,141839,camera_photos,@AppleSupport hey Apple support a picture of other people just showed up on my pictures. I do not know these people what so ever. And when my phone is rotation is locked it still turns,hey Apple support a picture of other people just showed up on my pictures. I do not know these people what so ever. And when my phone is rotation is locked it still turns,"@141839 Let's look into this together. DM us which iPhone and iOS version you're experiencing these issues on, and we'll start from there. https://t.co/GDrqU22YpT","Let's look into this together. DM us which iPhone and iOS version you're experiencing these issues on, and we'll start from there.",2,True
conv_118016,118016,142163,camera_photos,@AppleSupport You have to go into your photos folder to delete pictures/videos now. You can go into your camera and delete them anymore? https://t.co/iGCzdiLxRL,You have to go into your photos folder to delete pictures/videos now. You can go into your camera and delete them anymore?,@142163 Our Photos team can help look into this with you. You can reach out to them here to get this sorted out:  https://t.co/IBIY3vMgPj,Our Photos team can help look into this with you. You can reach out to them here to get this sorted out:,4,True
conv_125770,125770,144219,camera_photos,@AppleSupport hey I can’t seem to send pictures or videos or even post them on all my social media’s,hey I can’t seem to send pictures or videos or even post them on all my social media’s,@144219 Let's see what we can find for this together. What happens when you try any of these actions? Are you using old photos or new ones?,Let's see what we can find for this together. What happens when you try any of these actions? Are you using old photos or new ones?,6,False
conv_145201,145201,148902,camera_photos,@AppleSupport suddenly my back camera of iPhone 7 Plus stops working & I called to Apple care.they run diagnostic test & told me your camera sensor is not working.u need to pay for tht,suddenly my back camera of iPhone 7 Plus stops working & I called to Apple care.they run diagnostic test & told me your camera sensor is not working.u need to pay for tht,@148902 We've received your DM and will continue there with you to discuss this further.,We've received your DM and will continue there with you to discuss this further.,2,True
conv_146589,146589,149271,camera_photos,My phone deleted a lot of good photos from a time ago. @AppleSupport @115858 what’s good?! https://t.co/rQNXE6M19Z,My phone deleted a lot of good photos from a time ago. @AppleSupport @115858 what’s good?!,"@149271 We understand the importance in wanting to cherish memories and look back on them, so let's check this out together. To get started, which iPhone & iOS version are you using? Also, was an album removed or just random photos?","We understand the importance in wanting to cherish memories and look back on them, so let's check this out together. To get started, which iPhone & iOS version are you using? Also, was an album removed or just random photos?",2,False
conv_149977,149977,150189,camera_photos,I’ve restarted my phone and it still has the same issue. My back camera is pitch black but my front camera works just fine. HELP ☹️ @AppleSupport  @115858 https://t.co/FpJDQUc5er,I’ve restarted my phone and it still has the same issue. My back camera is pitch black but my front camera works just fine. HELP ☹️ @AppleSupport @115858,"@150189 Hi. We are here to help. Send us a DM, and we’ll take a look into this https://t.co/GDrqU22YpT","Hi. We are here to help. Send us a DM, and we’ll take a look into this",3,True
conv_152881,152881,150970,camera_photos,"@AppleSupport hi, I had over 400 pictures. wHERE THE FUCK DID THEY GO https://t.co/QRNCAd9XrN","hi, I had over 400 pictures. wHERE THE FUCK DID THEY GO",@150970 We know pictures are precious and want to help. Do you use iCloud photos? Has your iPhone been restarted since you noticed this?,We know pictures are precious and want to help. Do you use iCloud photos? Has your iPhone been restarted since you noticed this?,6,False
conv_171738,171738,156102,camera_photos,iPhone X Face ID/camera doesn’t work for me after having it for 2 days. Why you gotta do this to me @AppleSupport?,iPhone X Face ID/camera doesn’t work for me after having it for 2 days. Why you gotta do this to me @AppleSupport?,@156102 We're here for you. What happens when you try to use Face ID? Is your front-facing camera functioning as normal for photos?,We're here for you. What happens when you try to use Face ID? Is your front-facing camera functioning as normal for photos?,9,False
conv_171753,171753,156108,camera_photos,Why can’t I view my photos & videos without internet connection ? @AppleSupport,Why can’t I view my photos & videos without internet connection ? @AppleSupport,"@156108 Do you currently have the iCloud Photo Library enabled? If you do, and have it to optimize storage, that can happen.

You can read more on that here: https://t.co/8YUslsnsM5","Do you currently have the iCloud Photo Library enabled? If you do, and have it to optimize storage, that can happen. You can read more on that here:",2,True
conv_176990,176990,118241,camera_photos,@AppleSupport All of my pictures just deleted off my phone! My phone blacked and now allthr pictures are gone.,All of my pictures just deleted off my phone! My phone blacked and now allthr pictures are gone.,@118241 Let us help you get this sorted out. DM us so we can better assist you: https://t.co/GDrqU22YpT,Let us help you get this sorted out. DM us so we can better assist you:,2,True
conv_176997,176997,157655,camera_photos,"@AppleSupport Using Sierra, Photos V2.0. Making a calendar. How do I change the number of photos on the particular month? Example, there is one photo on the month now. I want, two or three or four. How do I do this?","Using Sierra, Photos V2.0. Making a calendar. How do I change the number of photos on the particular month? Example, there is one photo on the month now. I want, two or three or four. How do I do this?",@157655 We want to make sure this gets looked into for you. Contact our experts for Photos here:  https://t.co/IBIY3vMgPj,We want to make sure this gets looked into for you. Contact our experts for Photos here:,2,True
conv_177850,177850,157893,camera_photos,TELL ME WHY MY IPHONE DELETED ALL BUT 63 OF MY PHOTOS.... R U JOKING ME @AppleSupport,TELL ME WHY MY IPHONE DELETED ALL BUT 63 OF MY PHOTOS.... R U JOKING ME @AppleSupport,@157893 We certainly don't like to hear that. Let's look into this together. Please send us a DM with your iOS version and we will go from there. https://t.co/GDrqU22YpT,We certainly don't like to hear that. Let's look into this together. Please send us a DM with your iOS version and we will go from there.,2,True
conv_181417,181417,158619,camera_photos,@AppleSupport I just got a new iPhone but my pictures aren’t downloading from my old one...what do I do??,I just got a new iPhone but my pictures aren’t downloading from my old one...what do I do??,@158619 You’re in the right spot and we’ll do everything we can to help you. Are you using the iCloud Photo Library? Did you restore this new iPhone from a backup of your previous iPhone?,You’re in the right spot and we’ll do everything we can to help you. Are you using the iCloud Photo Library? Did you restore this new iPhone from a backup of your previous iPhone?,4,False
conv_181442,181442,158625,camera_photos,@AppleSupport  how long is it going to take for my backup to complete on my iPhone X !? It’s been hours and my pictures still haven’t been added into my picture app yet 😰,how long is it going to take for my backup to complete on my iPhone X !? It’s been hours and my pictures still haven’t been added into my picture app yet 😰,"@158625 We'd like to help with both issues, starting with your iPhone backing up. Has it finished backing up in iTunes or does it still show a progress bar or another indication it's still backing up?

How long has it been backing up and what kind of comptuer do you have?","We'd like to help with both issues, starting with your iPhone backing up. Has it finished backing up in iTunes or does it still show a progress bar or another indication it's still backing up? How long has it been backing up and what kind of comptuer do you have?",5,False
conv_184393,184393,159398,camera_photos,@AppleSupport you deleted all my messages and pictures 😡😒,you deleted all my messages and pictures 😡😒,"@159398 We never like to hear about data missing and will do what we can to recover it. Please send us a DM and let us know what was going on with the iPhone just prior to this happening. Restart, update or possibly something more? https://t.co/GDrqU22YpT","We never like to hear about data missing and will do what we can to recover it. Please send us a DM and let us know what was going on with the iPhone just prior to this happening. Restart, update or possibly something more?",2,True
conv_187449,187449,159988,camera_photos,@AppleSupport in my camera roll it keeps saying restoring ... but it isn't restoring any photos please help,in my camera roll it keeps saying restoring ... but it isn't restoring any photos please help,@159988 Let's continue in DM and we'll work from there. https://t.co/GDrqU22YpT,Let's continue in DM and we'll work from there.,2,True
conv_188161,188161,160152,camera_photos,my phone just turned on and off by itself then deleted my entire camera roll @AppleSupport pls explain urself https://t.co/95YC0wzG0J,my phone just turned on and off by itself then deleted my entire camera roll @AppleSupport pls explain urself,"@160152 We'd love to help! A few questions. Do you use iCloud Photo Library? Where do you make regular iPhone backups, iCloud or iTunes?","We'd love to help! A few questions. Do you use iCloud Photo Library? Where do you make regular iPhone backups, iCloud or iTunes?",2,False
conv_188341,188341,160193,camera_photos,"Hello can u explain how I lost 2,000 photos overnight please @AppleSupport","Hello can u explain how I lost 2,000 photos overnight please @AppleSupport",@160193 We want to be sure you get the help you need. Getting in touch with our Photos specialists here: https://t.co/IBIY3vMgPj,We want to be sure you get the help you need. Getting in touch with our Photos specialists here:,2,True
conv_188443,188443,160220,camera_photos,@AppleSupport do you want to tell me what’s going on with my #iphone8plus rear camera? It’s not even 1 week old. #faulty #iphone https://t.co/8qD0cNrxZN,do you want to tell me what’s going on with my #iphone8plus rear camera? It’s not even 1 week old. #faulty #iphone,@160220 We're here to help. Which iOS version is your device currently running? This can be found under Settings > General > About.,We're here to help. Which iOS version is your device currently running? This can be found under Settings > General > About.,8,False
conv_193625,193625,161523,camera_photos,"@AppleSupport Is the portrait mode available only in 8+ and not 8?? If yes, why wasn’t this mentioned anywhere, like in any of the adverts??","Is the portrait mode available only in 8+ and not 8?? If yes, why wasn’t this mentioned anywhere, like in any of the adverts??",@161523 Portrait mode is available on iPhone 7 Plus and iPhone 8 Plus. Find out more information here: https://t.co/drOvetzcfb,Portrait mode is available on iPhone 7 Plus and iPhone 8 Plus. Find out more information here:,7,True
conv_193684,193684,161542,camera_photos,"hey @AppleSupport could you explain why 3,000 of my photos on my phone were just randomly deleted thanks","hey @AppleSupport could you explain why 3,000 of my photos on my phone were just randomly deleted thanks",@161542 We're here to help! We have received your DM and will be responding there momentarily.,We're here to help! We have received your DM and will be responding there momentarily.,2,True
conv_203514,203514,164157,camera_photos,@AppleSupport https://t.co/DcSrdWNuPm says “Photos is locked” and full-res photos can’t be downloaded. Since about at least 3PM EST.,says “Photos is locked” and full-res photos can’t be downloaded. Since about at least 3PM EST.,"@164157 We're here for you. Does this just happen on https://t.co/tmRhWEkIq4, or does it happen on other devices such as in the Photos App?",We're here for you. Does this just happen on or does it happen on other devices such as in the Photos App?,2,True
conv_211181,211181,166025,camera_photos,@AppleSupport Ok so why are all my pictures in my library blurred out and have an exclamation mark on the bottom right corner??! #help,Ok so why are all my pictures in my library blurred out and have an exclamation mark on the bottom right corner??! #help,@166025 We just got your DM about this and we'll follow up with you there shortly.,We just got your DM about this and we'll follow up with you there shortly.,2,True
conv_215767,215767,167307,camera_photos,"@AppleSupport why has #HighSierra destroyed blank background PNG images in Photos? Some now inconsistently have square, white BGs","why has #HighSierra destroyed blank background PNG images in Photos? Some now inconsistently have square, white BGs",@167307 Thanks for reaching out. Let's get you in touch with our Photos experts for a look. Reach them here: https://t.co/IBIY3vMgPj,Thanks for reaching out. Let's get you in touch with our Photos experts for a look. Reach them here:,4,True
conv_216133,216133,167384,camera_photos,@115858 @AppleSupport how come I get my phone replaced with a new iPhone 7 and everything is here but my photos and my brother bought a iPhone X and had the exact same problem,how come I get my phone replaced with a new iPhone 7 and everything is here but my photos and my brother bought a iPhone X and had the exact same problem,"@167384 We want to help you get your content transferred to your new phone without issues? How did you set up the new phone, did you restore from a backup?","We want to help you get your content transferred to your new phone without issues? How did you set up the new phone, did you restore from a backup?",5,False
conv_228288,228288,170418,camera_photos,@AppleSupport hi ever since I updated my phone to ios11 my rear camera hasn't worked properly please help,hi ever since I updated my phone to ios11 my rear camera hasn't worked properly please help,@170418 Thanks for reaching out to us. We are always happy to help. Send us a DM so we can look into this together. https://t.co/GDrqU22YpT,Thanks for reaching out to us. We are always happy to help. Send us a DM so we can look into this together.,2,True
conv_228295,228295,170420,camera_photos,"@AppleSupport My iPhone 6 camera is buggy. When I open it, it's just black and cannot take any photo (even selfie). What do I do?","My iPhone 6 camera is buggy. When I open it, it's just black and cannot take any photo (even selfie). What do I do?","@170420 We know having great shots from your camera is important, and we can help solve this issue with you. DM us to get started. https://t.co/GDrqU22YpT","We know having great shots from your camera is important, and we can help solve this issue with you. DM us to get started.",2,True
conv_235027,235027,171973,camera_photos,@115858 @AppleSupport PLEASE HELP my computer is about to go to crap and I'm about to loose ALL MY WEDDING and photos of my husband and I,PLEASE HELP my computer is about to go to crap and I'm about to loose ALL MY WEDDING and photos of my husband and I,@171973 We are here to help. Send us a DM with more details about your issue so we can help you there. https://t.co/GDrqU22YpT,We are here to help. Send us a DM with more details about your issue so we can help you there.,3,True
conv_239244,239244,172849,camera_photos,"updated Ios11 but it still sucks, even my camera takes time to load... @AppleSupport","updated Ios11 but it still sucks, even my camera takes time to load... @AppleSupport",@172849 We'd like to help. Which device is this happening on?,We'd like to help. Which device is this happening on?,4,False
conv_241434,241434,173320,camera_photos,@115858 & @AppleSupport what do you think about this 2 pictures ? #MacBookPro #2017 https://t.co/jFcDHZZ5gZ,& @AppleSupport what do you think about this 2 pictures ? #MacBookPro #2017,@173320 Let's figure out what's going on. Does this happen immediately at start up? Reply in DM so we can gather some more information. https://t.co/GDrqU22YpT,Let's figure out what's going on. Does this happen immediately at start up? Reply in DM so we can gather some more information.,2,True
conv_242579,242579,173620,camera_photos,@AppleSupport none of my photos have went onto my new iPhone device eventhough they were backed up and I’ve tried everything I know of m??,none of my photos have went onto my new iPhone device eventhough they were backed up and I’ve tried everything I know of m??,@173620 You came to the right place! Did you back-up your data with iCloud or iTunes? See if this helps: https://t.co/lOVrD5pu5o,You came to the right place! Did you back-up your data with iCloud or iTunes? See if this helps:,4,True
conv_245107,245107,174192,camera_photos,"@AppleSupport i updated to ios11 and some photos got deleted, what's up with this?","i updated to ios11 and some photos got deleted, what's up with this?",@174192 Let's work together to get your photos back. Do you use iCloud Photo Library to manage your photos?,Let's work together to get your photos back. Do you use iCloud Photo Library to manage your photos?,6,False
conv_246335,246335,174517,camera_photos,"@AppleSupport Hey Apple ... is there a way to force Apple Photos to refresh the library? Took a ton of photos yesterday, but many are MIA.","Hey Apple ... is there a way to force Apple Photos to refresh the library? Took a ton of photos yesterday, but many are MIA.","@174517 We're happy to help. Can you view the photos on the device you took them with, or is that where you're unable to see them?","We're happy to help. Can you view the photos on the device you took them with, or is that where you're unable to see them?",4,False
conv_249290,249290,175227,camera_photos,So how do you put your pictures from your old phone to the new phone? @AppleSupport,So how do you put your pictures from your old phone to the new phone? @AppleSupport,@175227 Congrats on the new iPhone! Our website here has some information that should help you: https://t.co/lOVrD5pu5o DM us if you have any questions. https://t.co/GDrqU22YpT,Congrats on the new iPhone! Our website here has some information that should help you: DM us if you have any questions.,2,True
conv_249331,249331,175239,camera_photos,@AppleSupport put all my PICTURES AND SHIT BACK,put all my PICTURES AND SHIT BACK,"@175239 Hi. Photos are an extremely important part of why we use our mobile devices. We'd absolutely love to help with direction or a resolution on this concern. If you use iCloud Photo, did you refresh your connection? Send us a DM and let us know. https://t.co/GDrqU22YpT","Hi. Photos are an extremely important part of why we use our mobile devices. We'd absolutely love to help with direction or a resolution on this concern. If you use iCloud Photo, did you refresh your connection? Send us a DM and let us know.",2,True
conv_252871,252871,176093,camera_photos,@AppleSupport where all my pictures and videos gone?,where all my pictures and videos gone?,@176093 We can help. When did the pictures and videos stop showing up? Were any changes made to the device?,We can help. When did the pictures and videos stop showing up? Were any changes made to the device?,6,False
conv_253485,253485,176257,camera_photos,Can’t save pictures sent in @4305 to my camera roll (iPhone). Is this a bug with the iOS11? @AppleSupport,Can’t save pictures sent in @4305 to my camera roll (iPhone). Is this a bug with the iOS11? @AppleSupport,@176257 Thanks for contacting us. We'd like to help out the best we can. Does this happen with any other apps?,Thanks for contacting us. We'd like to help out the best we can. Does this happen with any other apps?,4,False
conv_254704,254704,176537,camera_photos,"@AppleSupport hi guys I’ve been trying to add a picture to my signature on the iPhone and it won’t show properly, do u know how I can do it? https://t.co/4U4gqOuB1Y","hi guys I’ve been trying to add a picture to my signature on the iPhone and it won’t show properly, do u know how I can do it?",@176537 Hi. Currently this is not supported on iOS. Feel free to submit feedback here:  https://t.co/eTPVYVX94G,Hi. Currently this is not supported on iOS. Feel free to submit feedback here:,3,True
conv_259432,259432,177695,camera_photos,How annoying is the new screenshot? @AppleSupport go back to regular screenshot NOW,How annoying is the new screenshot? @AppleSupport go back to regular screenshot NOW,@177695 Thanks for reaching out! We'd recommend leaving that request on our feedback page: https://t.co/eTPVYVFyd8,Thanks for reaching out! We'd recommend leaving that request on our feedback page:,3,True
conv_277533,277533,182296,camera_photos,@AppleSupport my rear facing camera in my iPhone 6s isn’t working. I’ve restarted my phone 3 times and closed and re opened apps. Why?,my rear facing camera in my iPhone 6s isn’t working. I’ve restarted my phone 3 times and closed and re opened apps. Why?,"@182296 We want to help. DM us which country you're in and which iOS you have on your iPhone. Also, does the front camera work? https://t.co/GDrqU22YpT","We want to help. DM us which country you're in and which iOS you have on your iPhone. Also, does the front camera work?",2,True
conv_282833,282833,183380,camera_photos,@AppleSupport @115858  come up with a feature in photos that lets ppl know If they have copies of the same pictures in there gallery!!!,come up with a feature in photos that lets ppl know If they have copies of the same pictures in there gallery!!!,@183380 We recommend leaving feedback to have this ability considered for a future update:  https://t.co/eTPVYVFyd8,We recommend leaving feedback to have this ability considered for a future update:,2,True
conv_291392,291392,185380,camera_photos,.@AppleSupport How does one do video portrait mode as you show in this vid? iPhone 8 Plus — Apple https://t.co/0kwLyNZWyR via @126972,.@AppleSupport How does one do video portrait mode as you show in this vid? iPhone 8 Plus — Apple via @126972,@185380 Thanks for reaching out to us. Please send us a DM and we can chat with you there. https://t.co/GDrqU22YpT,Thanks for reaching out to us. Please send us a DM and we can chat with you there.,2,True
conv_292386,292386,166042,camera_photos,@AppleSupport What is the point of FaceTime Live Photo’s if I don’t have live photo’s........... https://t.co/5Ic05FuM1P,What is the point of FaceTime Live Photo’s if I don’t have live photo’s...........,@166042 Which device and version of iOS are you using? Let us know in DM to begin. https://t.co/GDrqU22YpT,Which device and version of iOS are you using? Let us know in DM to begin.,2,True
conv_301109,301109,187815,camera_photos,@115858 Why can’t we sort Messages and Photos latest at top to oldest at bottom like Twitter? @AppleSupport #ux,Why can’t we sort Messages and Photos latest at top to oldest at bottom like Twitter? @AppleSupport #ux,@187815 Check out our feedback website. There you can leave your suggestions and have your voice heard: https://t.co/eTPVYVFyd8,Check out our feedback website. There you can leave your suggestions and have your voice heard:,2,True
conv_320678,320678,192406,camera_photos,@AppleSupport can yawl like fix my flashlight 😫 i’m tryna take some pictures of my hairless cat and i can’t because my flash don’t work,can yawl like fix my flashlight 😫 i’m tryna take some pictures of my hairless cat and i can’t because my flash don’t work,"@192406 You've come to the right place, we'll do all we can to help. Are you able to turn on the flash light in the Control Center.","You've come to the right place, we'll do all we can to help. Are you able to turn on the flash light in the Control Center.",2,False
conv_752,752,115867,audio_sound,"@AppleSupport my Apple TV works fine with my phone, but when playing videos on Mac air it stutters so much & sound is still on Mac not tv?","my Apple TV works fine with my phone, but when playing videos on Mac air it stutters so much & sound is still on Mac not tv?",@115867 We'd like to get you speaking to our experts here: https://t.co/IBIY3vMgPj,We'd like to get you speaking to our experts here:,3,True
conv_1781,1781,116104,audio_sound,@AppleSupport why can’t I change ringer volume with the buttons? Whose dumb idea was it to change that and how do they still have a job?,why can’t I change ringer volume with the buttons? Whose dumb idea was it to change that and how do they still have a job?,@116104 Let us look into that. What device and OS version are you using?,Let us look into that. What device and OS version are you using?,2,False
conv_23166,23166,121044,audio_sound,My worst fear came true... my iPhone alarm isn’t working and never went off this morning  @AppleSupport,My worst fear came true... my iPhone alarm isn’t working and never went off this morning @AppleSupport,"@121044 Hello. We are here to help. Has this happened previously. Also, what is your iOS version?","Hello. We are here to help. Has this happened previously. Also, what is your iOS version?",4,False
conv_31962,31962,123068,audio_sound,@AppleSupport AirPods are connected but don’t play audio anymore any troubleshooting tips?,AirPods are connected but don’t play audio anymore any troubleshooting tips?,"@123068 We can certainly take a look!  To begin, does this occur with all devices or just one?","We can certainly take a look! To begin, does this occur with all devices or just one?",8,False
conv_38861,38861,124480,audio_sound,My alarm never went off this morning and I have no idea why @AppleSupport help,My alarm never went off this morning and I have no idea why @AppleSupport help,@124480 We want you to be able to wake up on time. Is this the first time this happened?,We want you to be able to wake up on time. Is this the first time this happened?,9,False
conv_38882,38882,124483,audio_sound,"@applesupport My iphone 6s hs crackling sound coming on call and whn I hold phn a little away from mouth, the person cannot hear my voice","My iphone 6s hs crackling sound coming on call and whn I hold phn a little away from mouth, the person cannot hear my voice",@124483 We're here to help! Which version of the iOS is on the iPhone and when did you first notice this issue?,We're here to help! Which version of the iOS is on the iPhone and when did you first notice this issue?,7,False
conv_39625,39625,124667,audio_sound,@AppleSupport help...my alarm keeps going off between 1 and 10 minutes later than it is set for...,help...my alarm keeps going off between 1 and 10 minutes later than it is set for...,@124667  We want to help.  Send us a DM letting us know if you are updated to iOS 11.1 https://t.co/GDrqU22YpT,We want to help. Send us a DM letting us know if you are updated to iOS 11.1,2,True
conv_80008,80008,133760,audio_sound,@AppleSupport did option to mute individual iMessage threads disappear in #iOS11?,did option to mute individual iMessage threads disappear in #iOS11?,"@133760 We're glad to hear you got it figured out. If you run into any issues in the future, reach back out and we'll be happy to help.","We're glad to hear you got it figured out. If you run into any issues in the future, reach back out and we'll be happy to help.",4,False
conv_87015,87015,135040,audio_sound,"@115858 @AppleSupport I urgently request an option (toggle) to force the ringtone to always additionally be played via internal speaker even when headsets or other devices are connected.
I like to have my phone lying around with speakers connected, dont like to miss calls.","I urgently request an option (toggle) to force the ringtone to always additionally be played via internal speaker even when headsets or other devices are connected. I like to have my phone lying around with speakers connected, dont like to miss calls.",@135040 We care about the feedback you have for us. Feel free to share your feedback and suggestions here: https://t.co/eTPVYVFyd8,We care about the feedback you have for us. Feel free to share your feedback and suggestions here:,2,True
conv_87208,87208,135088,audio_sound,"@AppleSupport My alarm keeps switching its self off at night, air plane mode, blue tooth are all turned on. Videos are playing, photos being taken and Snapchat messages being sent all while I’m asleep. What is going on?","My alarm keeps switching its self off at night, air plane mode, blue tooth are all turned on. Videos are playing, photos being taken and Snapchat messages being sent all while I’m asleep. What is going on?","@135088 That certainly isn't expected behavior, and we'll want to figure out what's going on. Send us a DM with the exact iOS version currently installed on your device and we'll go from there. https://t.co/GDrqU22YpT","That certainly isn't expected behavior, and we'll want to figure out what's going on. Send us a DM with the exact iOS version currently installed on your device and we'll go from there.",3,True
conv_94907,94907,136631,audio_sound,@AppleSupport third pair of lightning cable headphones have broken in a year with only one headphone carrying sound...why does this keep happening? Just made cheap? May be time to get a new product.,third pair of lightning cable headphones have broken in a year with only one headphone carrying sound...why does this keep happening? Just made cheap? May be time to get a new product.,@136631 We'd like to look into this with you. Reach out via DM using the link below and let us know what country you're located in. https://t.co/GDrqU22YpT,We'd like to look into this with you. Reach out via DM using the link below and let us know what country you're located in.,2,True
conv_95783,95783,136853,audio_sound,@115858 @AppleSupport my iphone X earpiece has a crackling sound every time i play music or put calls on loudspeaker,my iphone X earpiece has a crackling sound every time i play music or put calls on loudspeaker,"@136853 We're here to help! We have a few questions to help us learn more. Is the volume high on your iPhone X? Does it happen while using headphones? DM us more details, including the exact version of the operating system that's installed, and we'll get started. https://t.co/GDrqU22YpT","We're here to help! We have a few questions to help us learn more. Is the volume high on your iPhone X? Does it happen while using headphones? DM us more details, including the exact version of the operating system that's installed, and we'll get started.",4,True
conv_96937,96937,137158,audio_sound,"@AppleSupport 
Hello, 
my iphone 5C less than two years old explosed in the classoom, what triggered the fire alarm.
what do you propose? https://t.co/2qqPtOZLWe","Hello, my iphone 5C less than two years old explosed in the classoom, what triggered the fire alarm. what do you propose?","@137158 This definitely isn't expected, and we want to help. Send us a DM with your country/location, and we'll continue there: https://t.co/GDrqU22YpT","This definitely isn't expected, and we want to help. Send us a DM with your country/location, and we'll continue there:",2,True
conv_97047,97047,137185,audio_sound,"@AppleSupport bought a new MacBook Air last week and now it won’t turn on at all, tried all the variations for recovery mode and hardbooting. Makes a quiet whirring sound and then stops.","bought a new MacBook Air last week and now it won’t turn on at all, tried all the variations for recovery mode and hardbooting. Makes a quiet whirring sound and then stops.","@137185 We want you to be able to use your new MacBook Air as expected. Please send us a DM, so we can gather more information about this. https://t.co/GDrqU22YpT","We want you to be able to use your new MacBook Air as expected. Please send us a DM, so we can gather more information about this.",2,True
conv_105429,105429,139289,audio_sound,Why does my Siri sound fucked up!!! Anyone else having this problem?? @AppleSupport,Why does my Siri sound fucked up!!! Anyone else having this problem?? @AppleSupport,@139289 We'd be happy to look into this with you. Send us a DM and we'll continue working from there. https://t.co/GDrqU22YpT,We'd be happy to look into this with you. Send us a DM and we'll continue working from there.,2,True
conv_109007,109007,140190,audio_sound,Why do my earphones sound like they’re only half as loud as they would be full volume?!!! @AppleSupport,Why do my earphones sound like they’re only half as loud as they would be full volume?!!! @AppleSupport,@140190 We're happy to help. Let's make sure you can continue to enjoy using your earphones. When did this issue start? Are this the earphones that came with your phone? Let us know to continue.,We're happy to help. Let's make sure you can continue to enjoy using your earphones. When did this issue start? Are this the earphones that came with your phone? Let us know to continue.,3,False
conv_109044,109044,140202,audio_sound,@AppleSupport The alert tone I bought won’t work and it makes the default sound please help,The alert tone I bought won’t work and it makes the default sound please help,"@140202 Hi. We are here to help. Is this a ringtone that was purchased? When you go to your Sound settings do you see the tone assigned to the appropriate app? Check out this link just to confirm that everything is set up the way you want it:

https://t.co/Pm4DavkQln",Hi. We are here to help. Is this a ringtone that was purchased? When you go to your Sound settings do you see the tone assigned to the appropriate app? Check out this link just to confirm that everything is set up the way you want it:,4,True
conv_109097,109097,140215,audio_sound,"@AppleSupport Hi, any thoughts on why my iPhone is suddenly making a crackling sound when I refresh Twitter, as  an example. Sounds vaguely like an electrical interference?  Thanks.","Hi, any thoughts on why my iPhone is suddenly making a crackling sound when I refresh Twitter, as an example. Sounds vaguely like an electrical interference? Thanks.","@140215 Hello. We are here to help. How long has this issue with the crackling sound been occurring? Have their been any recent changes to your device? What is your iOS version? Also, what model of iPhone do you have? Thanks","Hello. We are here to help. How long has this issue with the crackling sound been occurring? Have their been any recent changes to your device? What is your iOS version? Also, what model of iPhone do you have? Thanks",4,False
conv_112885,112885,141093,audio_sound,MY PHONE WONT FUCKING GO OFF HEADPHONE MODE @AppleSupport thoughts?,MY PHONE WONT FUCKING GO OFF HEADPHONE MODE @AppleSupport thoughts?,@141093 We're here to help. When did this start happening? When you have headphones in do they work normally?,We're here to help. When did this start happening? When you have headphones in do they work normally?,3,False
conv_114487,114487,141454,audio_sound,"Help @AppleSupport, why does the audio stop recording when I use FaceTime? Just tryna make thanksgiving memories pls https://t.co/Ol4byLxLwK","Help @AppleSupport, why does the audio stop recording when I use FaceTime? Just tryna make thanksgiving memories pls","@141454 What you are seeing with FaceTime and screen recordings is expected. We welcome feedback on our apps and ways we can make them better, and you can leave that here: https://t.co/eTPVYVFyd8","What you are seeing with FaceTime and screen recordings is expected. We welcome feedback on our apps and ways we can make them better, and you can leave that here:",2,True
conv_123688,123688,143654,audio_sound,Can I really not just use a song on my phone as a ringtone? @AppleSupport,Can I really not just use a song on my phone as a ringtone? @AppleSupport,@143654 Here's the best information available for ringtones. https://t.co/Pm4DavkQln,Here's the best information available for ringtones.,3,True
conv_145239,145239,148916,audio_sound,@AppleSupport helppppp. What is going on with my sound?!??! https://t.co/Rl3YHVIzPh,helppppp. What is going on with my sound?!??!,"@148916 We want to make sure you're able to hear things clearly with your Mac. Have you seen that issue with just YouTube videos, or other audio as well? Let us know in DM to continue. https://t.co/GDrqU22YpT","We want to make sure you're able to hear things clearly with your Mac. Have you seen that issue with just YouTube videos, or other audio as well? Let us know in DM to continue.",2,True
conv_146644,146644,149287,audio_sound,"why @115858 @AppleSupport are still having this volume thing till now! very weird and annoying. 

#UI #UX 🤔 https://t.co/EE5dz4XuPb",why @115858 @AppleSupport are still having this volume thing till now! very weird and annoying. #UI #UX 🤔,@149287 Thanks for reaching out. We can definitely look into this with you. Can you tell us what's happening specifically? Which device are you using? DM us and let us know. https://t.co/GDrqU22YpT,Thanks for reaching out. We can definitely look into this with you. Can you tell us what's happening specifically? Which device are you using? DM us and let us know.,2,True
conv_146713,146713,149307,audio_sound,3x this week my alarm has not gone off and I’ve nearly been late to work but I’ve changed absolutely nothing and it’s been set properly... @AppleSupport explain?,3x this week my alarm has not gone off and I’ve nearly been late to work but I’ve changed absolutely nothing and it’s been set properly... @AppleSupport explain?,"@149307 We certainly don't want you missing out on anything, so it's important for your alarms to work as expected. If they aren't, go ahead and let us know which iOS version you have installed under Settings > General > About.","We certainly don't want you missing out on anything, so it's important for your alarms to work as expected. If they aren't, go ahead and let us know which iOS version you have installed under Settings > General > About.",8,False
conv_164244,164244,154044,audio_sound,Is @AppleSupport ever going to #fix the ringtone issue? It's a bit frustrating since so many of us have #purchased (from @115858) #ringtones which now can't be used. Looking forward to the fix.,Is @AppleSupport ever going to #fix the ringtone issue? It's a bit frustrating since so many of us have #purchased (from @115858) #ringtones which now can't be used. Looking forward to the fix.,"@154044 We appreciate you reaching out to us when you're experiencing an issue. Please meet up with us in DM, we'd like to know more about what you're experiencing. https://t.co/GDrqU22YpT","We appreciate you reaching out to us when you're experiencing an issue. Please meet up with us in DM, we'd like to know more about what you're experiencing.",2,True
conv_174126,174126,156802,audio_sound,"@AppleSupport @156803 #iOS11 has made calls on my #iPhone6 inaudible unless I use headphones 🎧 or place the call on speaker. I upgraded to iOS11.1.2, the problem remains.Any help?","#iOS11 has made calls on my #iPhone6 inaudible unless I use headphones 🎧 or place the call on speaker. I upgraded to iOS11.1.2, the problem remains.Any help?",@156802 We want to help. Meet us in DM and tell us what happens when using the built in receiver to make calls. https://t.co/GDrqU22YpT,We want to help. Meet us in DM and tell us what happens when using the built in receiver to make calls.,2,True
conv_174975,174975,157052,audio_sound,Hey @AppleSupport what’s with this volume thing and the @115888 app when I switch apps on iPhone X? https://t.co/oXvO3qqNcs,Hey @AppleSupport what’s with this volume thing and the @115888 app when I switch apps on iPhone X?,@157052 We'll do all we can to assist. Is this happening with other apps or only with Spotify? If you use the built-in Music App does it do the same thing?,We'll do all we can to assist. Is this happening with other apps or only with Spotify? If you use the built-in Music App does it do the same thing?,8,False
conv_176041,176041,157398,audio_sound,@157399 @115858 @AppleSupport surely this popping sound shouldn’t happen on a brand new iPhone X??? https://t.co/xCCQ5QdEHg,surely this popping sound shouldn’t happen on a brand new iPhone X???,@157398 We've received your DM's and will respond to you there shortly.,We've received your DM's and will respond to you there shortly.,2,True
conv_184382,184382,159395,audio_sound,@AppleSupport help! Just got this watch and I have no idea what this means? Why is that time there. There’s no alarm set? https://t.co/OmvzjHnVcQ,help! Just got this watch and I have no idea what this means? Why is that time there. There’s no alarm set?,"@159395 We’re glad you asked! The complication you have circled in the photo is for sunrise. In the evening this complication will show you the time for sunset. You can customize the Apple Watch face, here’s how: https://t.co/FC1esH8vt0","We’re glad you asked! The complication you have circled in the photo is for sunrise. In the evening this complication will show you the time for sunset. You can customize the Apple Watch face, here’s how:",5,True
conv_187445,187445,159986,audio_sound,Dear @AppleSupport my iPad’s sound and camera suddenly stop working it was working fine till evening.. now not working,Dear @AppleSupport my iPad’s sound and camera suddenly stop working it was working fine till evening.. now not working,@159986 We'll do everything we can to help you with this. What steps have you tried on your own?,We'll do everything we can to help you with this. What steps have you tried on your own?,4,False
conv_187469,187469,159994,audio_sound,@AppleSupport i think my headphone jack is killing my headphones! is this possible??? i've gone through 4 pairs,i think my headphone jack is killing my headphones! is this possible??? i've gone through 4 pairs,@159994 Thanks for reaching out. We're here to help. DM us so we can look into this further with you. https://t.co/GDrqU22YpT,Thanks for reaching out. We're here to help. DM us so we can look into this further with you.,2,True
conv_188620,188620,160271,audio_sound,My laptop refuses to turn on. But I can still here the chime sound :( help @AppleSupport,My laptop refuses to turn on. But I can still here the chime sound :( help @AppleSupport,@160271 You've come to the right place. Is your Mac currently connected to an external display?,You've come to the right place. Is your Mac currently connected to an external display?,5,False
conv_193638,193638,161527,audio_sound,@AppleSupport I updated my phone and now my speaker for calls won’t work. How do I fix this?,I updated my phone and now my speaker for calls won’t work. How do I fix this?,@161527 We're anxious to help. Could you let us know which version of iOS your devices are running? We just released 11.0.2.,We're anxious to help. Could you let us know which version of iOS your devices are running? We just released 11.0.2.,6,False
conv_199437,199437,163016,audio_sound,Thanks @115858 I've just upgraded my 2016 #MBP to #highsierra and now I've lost all #audio and now have a super buggy #mac @AppleSupport,Thanks @115858 I've just upgraded my 2016 #MBP to #highsierra and now I've lost all #audio and now have a super buggy #mac @AppleSupport,"@163016 We're here for you! Send us a DM, and we'll take a closer look at your MacBook Pro together. https://t.co/GDrqU22YpT","We're here for you! Send us a DM, and we'll take a closer look at your MacBook Pro together.",2,True
conv_225169,225169,144006,audio_sound,@AppleSupport @115858 am I crazy or are volume and ringer volume now inextricably connected? Not cool. I want ringer quiet with loud pods!,am I crazy or are volume and ringer volume now inextricably connected? Not cool. I want ringer quiet with loud pods!,"@144006 We're happy to help you get the sound sorted out. Can you tell us which iOS version you're using, please?","We're happy to help you get the sound sorted out. Can you tell us which iOS version you're using, please?",5,False
conv_235815,235815,172167,audio_sound,@AppleSupport can you please fix an issue in the iphone headphones that do an annoying sound when they are plugged in.,can you please fix an issue in the iphone headphones that do an annoying sound when they are plugged in.,@172167 We certainly want to take a look into this further. If we understand correctly this only occurs when connecting the EarBuds?,We certainly want to take a look into this further. If we understand correctly this only occurs when connecting the EarBuds?,4,False
conv_244883,244883,174148,audio_sound,@AppleSupport why won’t Siri work on my brand new Mac?! It just keeps saying Siri Audio Problem?!,why won’t Siri work on my brand new Mac?! It just keeps saying Siri Audio Problem?!,"@174148 Let's help get Siri working. To get started, is Siri currently enabled under System Preferences > Siri?","Let's help get Siri working. To get started, is Siri currently enabled under System Preferences > Siri?",3,False
conv_245073,245073,174187,audio_sound,@applesupport been 3 days with a silent morning alarm despite no issues in past versions and correctly following all troubleshooting.,been 3 days with a silent morning alarm despite no issues in past versions and correctly following all troubleshooting.,@174187 Let's make sure you're fully up-to-date. We've released 11.0.2 today. Info on how to update here: https://t.co/80YRnjDFDk,Let's make sure you're fully up-to-date. We've released 11.0.2 today. Info on how to update here:,6,True
conv_245378,245378,174259,audio_sound,"@AppleSupport My left AirPod seems to have died in the wake of 11.0.2. Restarting AirPods, re-pairing AirPods, and resetting network settings have done nothing. I bought these last week. Help!","My left AirPod seems to have died in the wake of 11.0.2. Restarting AirPods, re-pairing AirPods, and resetting network settings have done nothing. I bought these last week. Help!",@174259 We're here to help. Please DM us via the following link and we'll help you further from there. https://t.co/GDrqU22YpT,We're here to help. Please DM us via the following link and we'll help you further from there.,2,True
conv_246527,246527,174554,audio_sound,"@AppleSupport why my iPhone do some weirds “beeps” when someone send me a text? I mean not the normal sound, do two doble beeps!?","why my iPhone do some weirds “beeps” when someone send me a text? I mean not the normal sound, do two doble beeps!?",@174554 We'd like to see if we can help. Is the sound you're hearing different from in Settings > Notifications?,We'd like to see if we can help. Is the sound you're hearing different from in Settings > Notifications?,4,False
conv_261300,261300,178214,audio_sound,"Updated my iPhone, its saying headphones are plugged in when they’re not, sound only works when I plug headphones in. #help @AppleSupport","Updated my iPhone, its saying headphones are plugged in when they’re not, sound only works when I plug headphones in. #help @AppleSupport",@178214 Thanks for reaching out. We're happy to help. Check out the troubleshooting outlined here: https://t.co/ljC4xMquIF,Thanks for reaching out. We're happy to help. Check out the troubleshooting outlined here:,2,True
conv_262228,262228,178461,audio_sound,@AppleSupport This crackling of sound on the new iPhone is for the birds. Fix coming soon?,This crackling of sound on the new iPhone is for the birds. Fix coming soon?,"@178461 Where are you noticing the crackling? Receiver, speaker, or both?","Where are you noticing the crackling? Receiver, speaker, or both?",5,False
conv_266060,266060,179381,audio_sound,@AppleSupport my new MacBook Air has a clicking sound to the right of the mouse pad. It’s Bugging me. Why?,my new MacBook Air has a clicking sound to the right of the mouse pad. It’s Bugging me. Why?,@179381 Thanks for reaching out to us. We received your DM and we'll continue from there.,Thanks for reaching out to us. We received your DM and we'll continue from there.,3,True
conv_268728,268728,180070,audio_sound,"@AppleSupport updated to 11.0.2 yday. Today i7 is having a great batt loss. 4am alarm, batt 100%. Fb usage only until 8am, its only 23%!!","updated to 11.0.2 yday. Today i7 is having a great batt loss. 4am alarm, batt 100%. Fb usage only until 8am, its only 23%!!",@180070 We’d like to offer our support. Send us a DM to begin. https://t.co/GDrqU22YpT,We’d like to offer our support. Send us a DM to begin.,3,True
conv_268741,268741,180074,audio_sound,@AppleSupport what’s wrong with my audio during phone calls??? SOS,what’s wrong with my audio during phone calls??? SOS,"@180074 We'd like to help, but we'll need more details to start. Which device model do you have and what's the OS version installed?","We'd like to help, but we'll need more details to start. Which device model do you have and what's the OS version installed?",4,False
conv_284875,284875,183866,audio_sound,@AppleSupport every time I’m playing music and a sound from app goes off on my phone it stops music! This is ridiculous apple get it sorted,every time I’m playing music and a sound from app goes off on my phone it stops music! This is ridiculous apple get it sorted,@183866 We'd like to help with your music issue. Which iPhone do you have & which version of iOS is installed currently?,We'd like to help with your music issue. Which iPhone do you have & which version of iOS is installed currently?,2,False
conv_289112,289112,184891,audio_sound,I can’t turn my ringer up on my iPhone 6s the only thing that turns up and down is my volume. Is this fixable? @AppleSupport,I can’t turn my ringer up on my iPhone 6s the only thing that turns up and down is my volume. Is this fixable? @AppleSupport,@184891 Hello there! We'd like to see how we can assist with this. Are you able to adjust the ringer in Settings > Sound & Haptics?,Hello there! We'd like to see how we can assist with this. Are you able to adjust the ringer in Settings > Sound & Haptics?,4,False
conv_291797,291797,185487,audio_sound,"@AppleSupport bug in ios11 - my phone only turns the main vol ⬆️⬇️ when I’m in alarm clock, instead of turning ringer ⬆️⬇️ I NEED THE RINGER","bug in ios11 - my phone only turns the main vol ⬆️⬇️ when I’m in alarm clock, instead of turning ringer ⬆️⬇️ I NEED THE RINGER",@185487 We want to help. Which iPhone model do you own?,We want to help. Which iPhone model do you own?,6,False
conv_295945,295945,186479,audio_sound,@115858 @AppleSupport why does the alarm clock remain quiet if your volume is all the way down? Fuckin late for work again... arg,why does the alarm clock remain quiet if your volume is all the way down? Fuckin late for work again... arg,@186479 We can definitely look into this with you. Which device are you using? Which iOS or macOS are you running?,We can definitely look into this with you. Which device are you using? Which iOS or macOS are you running?,4,False
conv_297431,297431,186842,audio_sound,@AppleSupport  how can you remove the volume icon from the control centre when you double click?Autistic son on max volume as it is!@137011,how can you remove the volume icon from the control centre when you double click?Autistic son on max volume as it is!@137011,@186842 Thanks for reaching out to us. Here is a resource for the things that you can remove: https://t.co/vodH4madjc,Thanks for reaching out to us. Here is a resource for the things that you can remove:,4,True
conv_299664,299664,187430,audio_sound,@AppleSupport terrible cracking sound in calls especially while using speaker,terrible cracking sound in calls especially while using speaker,@187430 We want to help. What device is this occurring with? What version of iOS is the device running?,We want to help. What device is this occurring with? What version of iOS is the device running?,4,False
conv_300062,300062,187551,audio_sound,"@AppleSupport my mic isnt working with those screenrecord things, how can i fix this?","my mic isnt working with those screenrecord things, how can i fix this?",@187551 We'd be happy to help. Which device are you using?,We'd be happy to help. Which device are you using?,2,False
conv_301871,301871,188021,audio_sound,@AppleSupport is it possible to change the sound effect on #AppleWatch for when I get a text message?,is it possible to change the sound effect on #AppleWatch for when I get a text message?,"@188021 While you cant change the sound, there are steps to adjust those notifications. Check this out: https://t.co/VcDfrDZlC2","While you cant change the sound, there are steps to adjust those notifications. Check this out:",3,True
conv_302950,302950,188302,audio_sound,Pretty sure my phone is possessed?? The volume on my music changes by itself .. what the fuck @AppleSupport?? https://t.co/CJvSKExcij,Pretty sure my phone is possessed?? The volume on my music changes by itself .. what the fuck @AppleSupport??,@188301 Hi there. Let's meet in DM and discuss it. We're here to help. https://t.co/GDrqU22YpT,Hi there. Let's meet in DM and discuss it. We're here to help.,4,True
conv_307222,307222,184052,audio_sound,"@AppleSupport 11.0.2 today's log: stopped working system volume control, speaker, when making a call, Siri doesn't work either. Hard Reset again. Stay tuned... Still inspired... https://t.co/6qSgpVLeOR","11.0.2 today's log: stopped working system volume control, speaker, when making a call, Siri doesn't work either. Hard Reset again. Stay tuned... Still inspired...",@184052 We'd like to look into this with you. Send us a DM to get started. https://t.co/GDrqU22YpT,We'd like to look into this with you. Send us a DM to get started.,2,True
conv_307313,307313,170956,audio_sound,@115858 @AppleSupport the dongle for iPhone 7 was poorly executed (audio not edited) https://t.co/EdrDw3Ipbp,the dongle for iPhone 7 was poorly executed (audio not edited),"@170956 We'd love to look into this with you, and do our best to help. Can you tell us more about what you mean by ""the dongle""?","We'd love to look into this with you, and do our best to help. Can you tell us more about what you mean by ""the dongle""?",6,False
conv_322677,322677,192863,audio_sound,Phone volume has to be on for alarm function to work..Why would I need an alarm if I was up all night with notifications?! @AppleSupport 💩👏🏽,Phone volume has to be on for alarm function to work..Why would I need an alarm if I was up all night with notifications?! @AppleSupport 💩👏🏽,@192863 Let's form a plan in DM. We want to make sure your alarms are set to your preferences. https://t.co/GDrqU22YpT,Let's form a plan in DM. We want to make sure your alarms are set to your preferences.,3,True
conv_322994,322994,192934,audio_sound,@AppleSupport my iPhone 6 mic doesn’t work when I’m taking a call on loudspeaker and when recording videos. What should I do?,my iPhone 6 mic doesn’t work when I’m taking a call on loudspeaker and when recording videos. What should I do?,@192934 We are here to help. Does the mic work in any apps?,We are here to help. Does the mic work in any apps?,6,False
conv_324532,324532,193308,audio_sound,$3000 iMac can't handle 64 audio tracks on Logic X is super disappointing. It's 2017 @115858 @AppleSupport,$3000 iMac can't handle 64 audio tracks on Logic X is super disappointing. It's 2017 @115858 @AppleSupport,"@193308 Hi there, our experts in Logic Pro X will be happy to review this for you. You can contact them here: https://t.co/IBIY3vMgPj","Hi there, our experts in Logic Pro X will be happy to review this for you. You can contact them here:",8,True
conv_325895,325895,179912,audio_sound,@AppleSupport hey when I record a video the sound can’t playback. but it works fine when I use Siri. https://t.co/xmFWpTmUur,hey when I record a video the sound can’t playback. but it works fine when I use Siri.,"@179912 We're happy to help! If you record a quick memo using the Voice Memo app, can you hear your voice in the recording?","We're happy to help! If you record a quick memo using the Voice Memo app, can you hear your voice in the recording?",8,False
conv_330183,330183,194605,audio_sound,@AppleSupport What happen to the old way the volume hub was on iPhone?,What happen to the old way the volume hub was on iPhone?,"@194605 We want to help sort this out. So we're clear, are you referring to controlling volume from Control Center?","We want to help sort this out. So we're clear, are you referring to controlling volume from Control Center?",4,False
conv_336591,336591,196306,audio_sound,@AppleSupport So every time I try to turn down my ringer with the buttons on the side it only works for the volume and not the ringer volume,So every time I try to turn down my ringer with the buttons on the side it only works for the volume and not the ringer volume,"@196306 The volume rocker’s functionality is dependent on which app you are using. In the Music app, does it only control the ringer?","The volume rocker’s functionality is dependent on which app you are using. In the Music app, does it only control the ringer?",7,False
conv_338612,338612,196832,audio_sound,@AppleSupport iPhone7-phone rings thru speakers when earbuds plugged in Lightning port. How do I set to ring in earb instead of speaker?,iPhone7-phone rings thru speakers when earbuds plugged in Lightning port. How do I set to ring in earb instead of speaker?,@196832 Let's see what we can find! What setting do you have for Settings > General > Accessibility > Call Audio Routing?,Let's see what we can find! What setting do you have for Settings > General > Accessibility > Call Audio Routing?,4,False
conv_339979,339979,197192,audio_sound,Apparently RIP the ability to use my iPhone 8 Plus on speaker phone @AppleSupport @115858,Apparently RIP the ability to use my iPhone 8 Plus on speaker phone @AppleSupport @115858,@197192 We'd be happy to look into this. Could you please confirm for us exactly what's happening?,We'd be happy to look into this. Could you please confirm for us exactly what's happening?,6,False
conv_345486,345486,198216,audio_sound,"@AppleSupport My iPhone 8 Plus earpiece speaker is making a popping noise every now and again whilst listening to any sort of audio, help?!","My iPhone 8 Plus earpiece speaker is making a popping noise every now and again whilst listening to any sort of audio, help?!",@198216 We've gotten your DM and will follow up with you there.,We've gotten your DM and will follow up with you there.,2,True
conv_358942,358942,201005,audio_sound,"That’s how I missed work tonight because I relied on my alarm to wake me up, @AppleSupport has to fix their iOS11 bugs damn","That’s how I missed work tonight because I relied on my alarm to wake me up, @AppleSupport has to fix their iOS11 bugs damn",@201005 Ensuring you're able to receive your alarms are important. May we get the iOS 11 version number to get started?,Ensuring you're able to receive your alarms are important. May we get the iOS 11 version number to get started?,2,False
conv_366525,366525,202810,audio_sound,"@115948 hi. I upgraded my OS to 10.0.1. Now my music ain’t playing! Rather, there’s no sound. Kindly assist. Thanks cc @AppleSupport","hi. I upgraded my OS to 10.0.1. Now my music ain’t playing! Rather, there’s no sound. Kindly assist. Thanks cc @AppleSupport",@202810 We're happy to assist. We just want to confirm your current iOS.   Go to Settings > General > About for the version.,We're happy to assist. We just want to confirm your current iOS. Go to Settings > General > About for the version.,7,False
conv_371886,371886,204093,audio_sound,I love when my alarm decides not to go off for the 3rd morning in a row 🙃 but worked the 3 times I tested it yesterday. Help @AppleSupport,I love when my alarm decides not to go off for the 3rd morning in a row 🙃 but worked the 3 times I tested it yesterday. Help @AppleSupport,"@204093 That's definitely strange. We'd like to help. Were these alarms set for a while now, or were they new times? Thanks.","That's definitely strange. We'd like to help. Were these alarms set for a while now, or were they new times? Thanks.",6,False
conv_372918,372918,204371,audio_sound,@AppleSupport My iPhone7 is all static during calls and when I plug in headphones any Audio still comes thru the speaks wtf,My iPhone7 is all static during calls and when I plug in headphones any Audio still comes thru the speaks wtf,"@204371 Hi! We got your DM, and we'll work with you from there.","Hi! We got your DM, and we'll work with you from there.",2,True
conv_374799,374799,204872,audio_sound,@AppleSupport why does my alarmclock not go off at full volume like in ios10? There are alot of volume isseus between apps as wel.,why does my alarmclock not go off at full volume like in ios10? There are alot of volume isseus between apps as wel.,@204872 Hello. It will be our pleasure to help. Have you tried these steps? https://t.co/4Kux8rhhGX Let us know. We'll go from there.,Hello. It will be our pleasure to help. Have you tried these steps? Let us know. We'll go from there.,9,True
conv_385434,385434,205135,audio_sound,@AppleSupport My iPhone 7 Plus facing issue. I cannot change volume of the music when phone is locked.,My iPhone 7 Plus facing issue. I cannot change volume of the music when phone is locked.,"@205135 Let's take a closer look. If you go to Settings > Sounds & Haptics, is Change with Buttons turned on?","Let's take a closer look. If you go to Settings > Sounds & Haptics, is Change with Buttons turned on?",6,False
conv_387615,387615,207747,audio_sound,"Bloody phone, if I listen to music before bed the phone alarm goes to mute @AppleSupport why??  I have to turn it off and on again.","Bloody phone, if I listen to music before bed the phone alarm goes to mute @AppleSupport why?? I have to turn it off and on again.",@207747 We'd like to learn more about this so we can help. Can you let us know which iOS version your device is running currently?,We'd like to learn more about this so we can help. Can you let us know which iOS version your device is running currently?,4,False
conv_396073,396073,209775,audio_sound,@AppleSupport pls help my alarms won't go off even though my sound is on and i was 45 minutes late to work today because of it ://,pls help my alarms won't go off even though my sound is on and i was 45 minutes late to work today because of it ://,@209775 We're here to help. Would you please tell us which Apple device you are using?,We're here to help. Would you please tell us which Apple device you are using?,6,False
conv_397461,397461,210109,audio_sound,"Wtf @AppleSupport, twice this week my alarm hasn’t gone off in the mornings when it has definitely been set. Any idea why?","Wtf @AppleSupport, twice this week my alarm hasn’t gone off in the mornings when it has definitely been set. Any idea why?",@210109 We'll help. Try this. 1) Delete any existing alarms. 2) Set an alarm for at least 5 mins in the future. 3) Does it sound?,We'll help. Try this. 1) Delete any existing alarms. 2) Set an alarm for at least 5 mins in the future. 3) Does it sound?,6,False
conv_402257,402257,211148,audio_sound,@AppleSupport My iPhone won’t play sound because it says it’s connected to headphones and it ain’t. Restarted twice. Not fixed. Any help?,My iPhone won’t play sound because it says it’s connected to headphones and it ain’t. Restarted twice. Not fixed. Any help?,@211148 We'd love to help get your sound working again! This article has steps for iPhones stuck in headphone mode: https://t.co/ljC4xMI5Ad,We'd love to help get your sound working again! This article has steps for iPhones stuck in headphone mode:,3,True
conv_407082,407082,212026,audio_sound,"@AppleSupport I can’t d’load a ringtone 2 play on my phone. In Sounds, when I click ‘Download purchased’ it disappears! Help!","I can’t d’load a ringtone 2 play on my phone. In Sounds, when I click ‘Download purchased’ it disappears! Help!",@212026 Hello there! Check out the following article on downloading past purchased tones: https://t.co/Pm4DavkQln,Hello there! Check out the following article on downloading past purchased tones:,7,True
conv_407952,407952,212250,audio_sound,.@AppleSupport why does the sound of the YouTube video I’m watching continue to play when I answer a phone call? #help #FirstWorldProblems,.@AppleSupport why does the sound of the YouTube video I’m watching continue to play when I answer a phone call? #help #FirstWorldProblems,@212250 We'd be glad to look into this with you. Do you pay for any subscriptions with YouTube?,We'd be glad to look into this with you. Do you pay for any subscriptions with YouTube?,2,False
conv_411461,411461,213148,audio_sound,@AppleSupport is it possible to choose what point in an audio track starts on imovie for iphone?,is it possible to choose what point in an audio track starts on imovie for iphone?,@213148 We'd like to get you to the team that best supports iMovie. Please reach an Advisor here: https://t.co/IBIY3w3RGR,We'd like to get you to the team that best supports iMovie. Please reach an Advisor here:,2,True
conv_411487,411487,213156,audio_sound,"@AppleSupport Regarding backing up my MacBook Pro, does 20.37 GB sound like alot to backup?","Regarding backing up my MacBook Pro, does 20.37 GB sound like alot to backup?","@213156 As long as your Backup Disk has enough available space, you shouldn't have any issues. Let us know if you have any problems.","As long as your Backup Disk has enough available space, you shouldn't have any issues. Let us know if you have any problems.",2,False
conv_412348,412348,213386,audio_sound,@AppleSupport my volume won’t change unless my phone is unlocked/open - what’s up?,my volume won’t change unless my phone is unlocked/open - what’s up?,@213386 Thank you for reaching out. Please DM us and we will continue from there. https://t.co/GDrqU2kzhr,Thank you for reaching out. Please DM us and we will continue from there.,2,True
conv_413131,413131,213608,audio_sound,"@AppleSupport my iPhone 7 won’t play sound thru AUX cord or headphones, wen I record vids it makes a weird sound, like a sound filter is on","my iPhone 7 won’t play sound thru AUX cord or headphones, wen I record vids it makes a weird sound, like a sound filter is on",@213608 We'd be happy to help. Send us a DM and we can get started. https://t.co/GDrqU22YpT,We'd be happy to help. Send us a DM and we can get started.,2,True
conv_416434,416434,214332,audio_sound,@AppleSupport the sound on my macbook air isnt working. I looked at the options and theres no option for internal speaker. Idk what happen. https://t.co/mE2ubS6EgW,the sound on my macbook air isnt working. I looked at the options and theres no option for internal speaker. Idk what happen.,"@214332 Let's look at this together, please DM us. https://t.co/GDrqU22YpT","Let's look at this together, please DM us.",2,True
conv_428336,428336,216874,audio_sound,Dear @AppleSupport phone calls don’t switch to Speaker on ios11 😡,Dear @AppleSupport phone calls don’t switch to Speaker on ios11 😡,@216874 We're happy to help. DM us which version of iOS 11 you're using and we'll get started. https://t.co/GDrqU22YpT,We're happy to help. DM us which version of iOS 11 you're using and we'll get started.,2,True
conv_765,765,115870,software_update,After update #ios1103 no spotify on my lock screen?@AppleSupport,After update #ios1103 no spotify on my lock screen?@AppleSupport,@115870 Thanks for reaching out to us. Are you experiencing the missing app after restating your device?,Thanks for reaching out to us. Are you experiencing the missing app after restating your device?,6,False
conv_1791,1791,116107,software_update,why won’t my apps fuccin download or update @AppleSupport,why won’t my apps fuccin download or update @AppleSupport,@116107 Apps are important and we want you to get back to enjoying them. Which model do you have? Is iOS 11.1 installed on it?,Apps are important and we want you to get back to enjoying them. Which model do you have? Is iOS 11.1 installed on it?,6,False
conv_2682,2682,116351,software_update,@AppleSupport ios 11.0.3 on 6s. Cannot adjust alarm volume so waking up all in my house and neighbours despite ringer being set to minimum!,ios 11.0.3 on 6s. Cannot adjust alarm volume so waking up all in my house and neighbours despite ringer being set to minimum!,"@116351 We'd love to help with your alarm volume. Is the option to ""Change with Buttons"" disabled under Settings > Sounds?","We'd love to help with your alarm volume. Is the option to ""Change with Buttons"" disabled under Settings > Sounds?",4,False
conv_2684,2684,116352,software_update,@AppleSupport live photo keeps turning on in the camera even when it’s set to stay off. Please fix in next update.,live photo keeps turning on in the camera even when it’s set to stay off. Please fix in next update.,"@116352 Hey, we can work together to figure out a solution. Send us a DM and we'll continue from there. https://t.co/GDrqU22YpT","Hey, we can work together to figure out a solution. Send us a DM and we'll continue from there.",2,True
conv_3770,3770,116623,software_update,@AppleSupport this is my top bar every time I open messages on my SE after updating to iOS 11.1 https://t.co/Lzge3qzc7w,this is my top bar every time I open messages on my SE after updating to iOS 11.1,@116623 Thank you for reaching out to us. Have you tried to restart the device? Let us know to get started.,Thank you for reaching out to us. Have you tried to restart the device? Let us know to get started.,4,False
conv_3773,3773,116624,software_update,@AppleSupport iOS 11.1 - keyboard lag. 🤨 https://t.co/TdIHT9L9dt,iOS 11.1 - keyboard lag. 🤨,@116624 We'd like to take a look into that with you. Would you please join us in DM to get started? https://t.co/GDrqU22YpT,We'd like to take a look into that with you. Would you please join us in DM to get started?,2,True
conv_5821,5821,117100,software_update,"Dear @AppleSupport this new update sucks ,I have too many problems with my phone now ! Blurry screen , black screen , frozen phone !","Dear @AppleSupport this new update sucks ,I have too many problems with my phone now ! Blurry screen , black screen , frozen phone !",@117100 Getting the expected performance from your iPhone is very important to us. Let us know the exact iOS version to get started.,Getting the expected performance from your iPhone is very important to us. Let us know the exact iOS version to get started.,2,False
conv_5835,5835,117105,software_update,You dropped an update and I️ still see boxed question marks. Fix this shit @AppleSupport @115858.,You dropped an update and I️ still see boxed question marks. Fix this shit @AppleSupport @115858.,@117105 We're here to help. Which version of iOS is installed on your device? You'll see this in Settings > General > About.,We're here to help. Which version of iOS is installed on your device? You'll see this in Settings > General > About.,2,False
conv_5839,5839,117106,software_update,Just updated to iOS 11.2 and my keyboard is completely screwed up and glitchy now 🤦‍♂️ @115858 @AppleSupport,Just updated to iOS 11.2 and my keyboard is completely screwed up and glitchy now 🤦‍♂️ @115858 @AppleSupport,@117106 We'd like to assist as best we can. Do you mean iOS 11.1 which was released today?,We'd like to assist as best we can. Do you mean iOS 11.1 which was released today?,7,False
conv_5849,5849,117108,software_update,I updated to iOS 11 and my iPhone 6 stopped connecting to wi-fi. Already restored the phone and the network connections @AppleSupport,I updated to iOS 11 and my iPhone 6 stopped connecting to wi-fi. Already restored the phone and the network connections @AppleSupport,"@117108 We are here to help. So we can best isolate the cause, could you verify your exact iOS version? https://t.co/ZTw54HL4Rm","We are here to help. So we can best isolate the cause, could you verify your exact iOS version?",4,True
conv_6919,6919,117183,software_update,"@AppleSupport I installed the iOS 10.0 , 10.0.1 and 10.0.2 and makes my iPhone 6 very slow and doesn’t work properly can you help me?","I installed the iOS 10.0 , 10.0.1 and 10.0.2 and makes my iPhone 6 very slow and doesn’t work properly can you help me?","@117183 We can help!  We assume you mean iOS 11, right?  Can you tell us what types of performance issues you're experiencing?","We can help! We assume you mean iOS 11, right? Can you tell us what types of performance issues you're experiencing?",4,False
conv_8299,8299,117455,software_update,@AppleSupport DL the latest iOS today. Very laggy 6s. Phone is running like hammered dog shit since the DL.,DL the latest iOS today. Very laggy 6s. Phone is running like hammered dog shit since the DL.,@117455 Are you seeing issues across all apps or are you noticing lag when performing specific tasks? Let us know in DM. https://t.co/GDrqU22YpT,Are you seeing issues across all apps or are you noticing lag when performing specific tasks? Let us know in DM.,2,True
conv_8302,8302,117456,software_update,Every time I watch a live broadcast or video it skips or repeats a few seconds since updating @AppleSupport https://t.co/ufl7yqidmb,Every time I watch a live broadcast or video it skips or repeats a few seconds since updating @AppleSupport,"@117456 We'd like to learn more about what's happening. What model & iOS version are you working with? Tell us in DM, please. https://t.co/GDrqU2kzhr","We'd like to learn more about what's happening. What model & iOS version are you working with? Tell us in DM, please.",3,True
conv_8340,8340,117466,software_update,@AppleSupport only 8 attempts to open the twitter app and complain about the iOS 11 messing up my iPhone 7 - this is slowing down my life :(,only 8 attempts to open the twitter app and complain about the iOS 11 messing up my iPhone 7 - this is slowing down my life :(,@117466 We'd like to look into this with you. Please DM us details and we'll be glad to work with you towards a resolution. https://t.co/GDrqU22YpT,We'd like to look into this with you. Please DM us details and we'll be glad to work with you towards a resolution.,2,True
conv_8570,8570,117507,software_update,"@115858 @AppleSupport FYI, Folders no longer show Folder Names after update unless folder highlighted. https://t.co/1iiNNz9ZFk","FYI, Folders no longer show Folder Names after update unless folder highlighted.",@117507 Thanks for reaching out. For help with AppleTV reach out to our experts here:  https://t.co/IBIY3vMgPj,Thanks for reaching out. For help with AppleTV reach out to our experts here:,2,True
conv_8577,8577,117509,software_update,@AppleSupport since upgrade to High Sierra I see this screen each time my iMac reboots thus defeating automatic login I need. Help. https://t.co/z9trEHnGbP,since upgrade to High Sierra I see this screen each time my iMac reboots thus defeating automatic login I need. Help.,"@117509 Thanks for reaching out to let us know about this. So we can look into this with you, please DM us here: https://t.co/GDrqU22YpT","Thanks for reaching out to let us know about this. So we can look into this with you, please DM us here:",2,True
conv_9162,9162,117642,software_update,"My iPhone is so damn glitchy, not sure this upgrade to the 8 was worth it. I can’t even send pictures 😡 @AppleSupport","My iPhone is so damn glitchy, not sure this upgrade to the 8 was worth it. I can’t even send pictures 😡 @AppleSupport",@117642 Let's see how we can help over Twitter. Is iOS 11.1 the version installed and have you tried any steps? Which app is it?,Let's see how we can help over Twitter. Is iOS 11.1 the version installed and have you tried any steps? Which app is it?,2,False
conv_9176,9176,117647,software_update,@AppleSupport the new update is making my phone so funky. Check out the emoji and the letter I️. Is there a fix? https://t.co/9EpjZmt5ZC,the new update is making my phone so funky. Check out the emoji and the letter I️. Is there a fix?,@117647 We'd like to help. Send us a DM and we can start there. https://t.co/GDrqU22YpT,We'd like to help. Send us a DM and we can start there.,2,True
conv_9838,9838,117808,software_update,@AppleSupport updating xcode via appstore. 7-min remaining 6-hr ago. 1-min rem for over an hour. Why? My net bandwidth is good.,updating xcode via appstore. 7-min remaining 6-hr ago. 1-min rem for over an hour. Why? My net bandwidth is good.,@117808 We'd like to help any way we can. Are other apps able to be downloaded on your device? Which model is it and which OS version?,We'd like to help any way we can. Are other apps able to be downloaded on your device? Which model is it and which OS version?,2,False
conv_9843,9843,117810,software_update,FOCO AQUI @AppleSupport Q Q TÁ ACONTECENDO ~ iOS 11 guloso https://t.co/Eonz2w9xPi,FOCO AQUI @AppleSupport Q Q TÁ ACONTECENDO ~ iOS 11 guloso,"@117810 Since our Twitter support is available in English, get help at https://t.co/IBIY3vMgPj or join https://t.co/pvaOFfPbjt","Since our Twitter support is available in English, get help at or join",5,True
conv_9848,9848,117811,software_update,@AppleSupport hey my i on my keyboard isn't working and i just updated my phone to the latest IOS,hey my i on my keyboard isn't working and i just updated my phone to the latest IOS,@117811 Thank you for reaching out. May we ask which apps you're seeing the keyboard issue with?,Thank you for reaching out. May we ask which apps you're seeing the keyboard issue with?,4,False
conv_10671,10671,117959,software_update,"@AppleSupport So, since updating the latest iOS, Pages no longer lets me open any docs, all show,  just don’t open. Suggestions? Anyone?","So, since updating the latest iOS, Pages no longer lets me open any docs, all show, just don’t open. Suggestions? Anyone?","@117959 Can you confirm what version of iOS you updated to? Also, have you tried restarting your device?","Can you confirm what version of iOS you updated to? Also, have you tried restarting your device?",5,False
conv_10674,10674,117960,software_update,"@AppleSupport after I upgraded my iPhone to iOS 11.0.3, the back camera and the flash stopped working. Could you do something?","after I upgraded my iPhone to iOS 11.0.3, the back camera and the flash stopped working. Could you do something?","@117960 Hi, we'll be happy to help. To start, let's give the troubleshooting steps in this article a try: https://t.co/r1DRfaFLIU","Hi, we'll be happy to help. To start, let's give the troubleshooting steps in this article a try:",2,True
conv_10679,10679,117962,software_update,Depois da ultima atualizado do IOS a bateria do IPhone 6 tá durando quase nada @115858 @AppleSupport,Depois da ultima atualizado do IOS a bateria do IPhone 6 tá durando quase nada @115858 @AppleSupport,"@117962 Since our Twitter support is available in English, get help at https://t.co/IBIY3vMgPj or join https://t.co/pvaOFfPbjt","Since our Twitter support is available in English, get help at or join",2,True
conv_10689,10689,117966,software_update,updated to iOS 11.1 @AppleSupport and there's so many glitches and bugs I found inside the update,updated to iOS 11.1 @AppleSupport and there's so many glitches and bugs I found inside the update,@117966 We'd be happy to help. Send us a DM and we can start there. https://t.co/GDrqU22YpT,We'd be happy to help. Send us a DM and we can start there.,2,True
conv_10691,10691,117967,software_update,Downloaded new software update and my iPhone 6S in perfect condition magically became inoperably glitchy. What a coincidence @AppleSupport,Downloaded new software update and my iPhone 6S in perfect condition magically became inoperably glitchy. What a coincidence @AppleSupport,@117967 We want you to have a smooth experience with our updates. What exactly is happening with your iPhone?,We want you to have a smooth experience with our updates. What exactly is happening with your iPhone?,2,False
conv_11101,11101,118095,software_update,"@115858  @AppleSupport music and podcast “skip” around like a CD, then distorts and clears up in few seconds, only happens after iOS 11","music and podcast “skip” around like a CD, then distorts and clears up in few seconds, only happens after iOS 11","@118095 We're here to help. Did this happen after a specific update, or just recently? Thanks!","We're here to help. Did this happen after a specific update, or just recently? Thanks!",8,False
conv_11107,11107,118096,software_update,.@AppleSupport .@115858 haven’t been able to type I️ since the new update https://t.co/BtR51UmAzb,.@AppleSupport .@115858 haven’t been able to type I️ since the new update,@118096 We certainly want you to be able to type. Have you tried restarting the device since this has happened?,We certainly want you to be able to type. Have you tried restarting the device since this has happened?,2,False
conv_11628,11628,118241,software_update,@AppleSupport I've been trying to update to the newest iOS for some time. It never fully processes. Verification doesn't go through. Help.,I've been trying to update to the newest iOS for some time. It never fully processes. Verification doesn't go through. Help.,"@118241 We're here to help. After backing up your device, let's try updating your device through iTunes: https://t.co/80YRnjDFDk","We're here to help. After backing up your device, let's try updating your device through iTunes:",2,True
conv_11992,11992,118358,software_update,@115858 @AppleSupport your latest iOS update had made my phone slower and apps like iMessage are slow to open and load.  What’s up with this?,your latest iOS update had made my phone slower and apps like iMessage are slow to open and load. What’s up with this?,@118358 Hi. We are here to help. What is the specific iOS version that you have?,Hi. We are here to help. What is the specific iOS version that you have?,5,False
conv_13203,13203,118714,software_update,@AppleSupport my OTG adapter doesn't work on i8plus ios 11.1,my OTG adapter doesn't work on i8plus ios 11.1,@118714 Thanks for reaching out! Please DM your information so we can help with a solution. https://t.co/GDrqU22YpT,Thanks for reaching out! Please DM your information so we can help with a solution.,2,True
conv_13218,13218,118720,software_update,"@118721 @AppleSupport my iPhone is not syncing and stuck on 'Copying diagnostic information'? 6s, latest version iOS and iTunes.","my iPhone is not syncing and stuck on 'Copying diagnostic information'? 6s, latest version iOS and iTunes.",@118719 We want to help. DM us details on the iOS version you have and which iTunes version. We'll work with you there. https://t.co/GDrqU2kzhr,We want to help. DM us details on the iOS version you have and which iTunes version. We'll work with you there.,5,True
conv_13584,13584,118834,software_update,"@AppleSupport  Dear team, after update my iPhone 6 Plus its hang in the Apple logo screen.","Dear team, after update my iPhone 6 Plus its hang in the Apple logo screen.","@118834 Don't worry, we've got you covered!  Check out the steps listed here: https://t.co/H7w57rsYVQ","Don't worry, we've got you covered! Check out the steps listed here:",3,True
conv_13586,13586,118835,software_update,@AppleSupport I got a crazy security bug issue with iOS 11.1,I got a crazy security bug issue with iOS 11.1,@118835 We'd like to help. Let's take this to DM and we'll explore ways to provide you assistance. https://t.co/GDrqU22YpT,We'd like to help. Let's take this to DM and we'll explore ways to provide you assistance.,2,True
conv_13931,13931,118926,software_update,This what happens to my iPhone after I downloaded IOS 11.1 @115858 @AppleSupport https://t.co/kiufuUwNLr,This what happens to my iPhone after I downloaded IOS 11.1 @115858 @AppleSupport,@118926 We certainly want to help! Is this while connected to iTunes? Send us a DM to let us know. https://t.co/GDrqU22YpT,We certainly want to help! Is this while connected to iTunes? Send us a DM to let us know.,2,True
conv_13933,13933,118927,software_update,"@AppleSupport after updating to ios 11.1 I have no service, displays no service. reset networking settings does nothing","after updating to ios 11.1 I have no service, displays no service. reset networking settings does nothing",@118927 We'd like to see what we can do to assist. DM us and we'll continue from there. https://t.co/GDrqU22YpT,We'd like to see what we can do to assist. DM us and we'll continue from there.,2,True
conv_14231,14231,119021,software_update,why iOS Keyboard looks weird in Landscape mode i was typing like nfjfhfbd wanzkdejfc c #fallontonight @AppleSupport Help me!!,why iOS Keyboard looks weird in Landscape mode i was typing like nfjfhfbd wanzkdejfc c #fallontonight @AppleSupport Help me!!,"@119021 Let's work together to figure out what's happening with the keyboard on your iOS device. Send us a DM with what type of device you're using, along with your specific iOS version. We'll continue working with you there. https://t.co/GDrqU22YpT","Let's work together to figure out what's happening with the keyboard on your iOS device. Send us a DM with what type of device you're using, along with your specific iOS version. We'll continue working with you there.",2,True
conv_14308,14308,119044,software_update,@AppleSupport MMS bug on iOS 11.1. MMS won’t send on iPhone 6S.,MMS bug on iOS 11.1. MMS won’t send on iPhone 6S.,@119044 We'd like to look into what's going on with your MMS. What happens when you try to send? Do you get an error?,We'd like to look into what's going on with your MMS. What happens when you try to send? Do you get an error?,5,False
conv_14311,14311,119045,software_update,Can I un-update my phone so it can stop freezing up and I can stop having to reset it 10 times a day? 🙃@AppleSupport,Can I un-update my phone so it can stop freezing up and I can stop having to reset it 10 times a day? 🙃@AppleSupport,@119045 Thank you for reaching out to us. Let's take a look at this in DM. https://t.co/GDrqU22YpT,Thank you for reaching out to us. Let's take a look at this in DM.,2,True
conv_14313,14313,119046,software_update,Can’t share any photos from iCloud with iOS 11.1 @AppleSupport https://t.co/Ef0VgWX6US,Can’t share any photos from iCloud with iOS 11.1 @AppleSupport,@119046 We'd like to help. Let's take this to DM and we'll explore ways to provide you assistance. https://t.co/GDrqU22YpT,We'd like to help. Let's take this to DM and we'll explore ways to provide you assistance.,2,True
conv_14319,14319,119048,software_update,"@AppleSupport My Calendar app doesn’t work at all after iOS 11.1, can’t see other months and it just shuts down, I have an IPhone SE","My Calendar app doesn’t work at all after iOS 11.1, can’t see other months and it just shuts down, I have an IPhone SE",@119048 We want to help you. Are there any troubleshooting steps you tried on your own? We want to make sure we don't repeat any steps.,We want to help you. Are there any troubleshooting steps you tried on your own? We want to make sure we don't repeat any steps.,4,False
conv_14322,14322,119049,software_update,@AppleSupport No typing lag fix on iOS 11.1 Not cool hah,No typing lag fix on iOS 11.1 Not cool hah,@119049 Lets look into this for you. Send us a DM with your exact iOS version to get started. https://t.co/GDrqU22YpT,Lets look into this for you. Send us a DM with your exact iOS version to get started.,3,True
conv_14328,14328,119052,software_update,@AppleSupport why does this keep happening? Started prior to iOS 11.1 update. Still happens post update. https://t.co/OykRItEdQP,why does this keep happening? Started prior to iOS 11.1 update. Still happens post update.,@119052 Let's look at this closer. Please DM us. https://t.co/GDrqU22YpT,Let's look at this closer. Please DM us.,2,True
conv_14865,14865,117235,software_update,@AppleSupport I’ve tried to do the upgrade program online and can’t. t-mobile as a carrier and no apple store closer then 3hours away. Help,I’ve tried to do the upgrade program online and can’t. t-mobile as a carrier and no apple store closer then 3hours away. Help,@117235 We'd like to help. Let's take this to DM and we'll explore ways to provide you assistance. https://t.co/GDrqU22YpT,We'd like to help. Let's take this to DM and we'll explore ways to provide you assistance.,2,True
conv_14869,14869,119218,software_update,@AppleSupport add me to the list of the people having the “question box” autocorrect thing. Running the most current iOS on an iPhone8+.,add me to the list of the people having the “question box” autocorrect thing. Running the most current iOS on an iPhone8+.,@119218 Hey there. Let’s take a look further into this. DM us letting us know when this started. https://t.co/GDrqU22YpT,Hey there. Let’s take a look further into this. DM us letting us know when this started.,2,True
conv_15467,15467,119411,software_update,@AppleSupport hi all. @115948 and settings apps keep crashing on iOS 11.1.2. See attached video. Is this a known issue? https://t.co/bjiEsXG7uG,hi all. @115948 and settings apps keep crashing on iOS 11.1.2. See attached video. Is this a known issue?,@119411 Thanks for bringing this to our attention. We'd like to look into this further. Please click here to join us in DM: https://t.co/GDrqU22YpT,Thanks for bringing this to our attention. We'd like to look into this further. Please click here to join us in DM:,2,True
conv_15712,15712,119456,software_update,"Hey @AppleSupport, what is going on with the “I️” key in iOS 11.1. When you press it, it defaults to a weird character and skips spaces. https://t.co/36PUW31SdN","Hey @AppleSupport, what is going on with the “I️” key in iOS 11.1. When you press it, it defaults to a weird character and skips spaces.",@119456 Let's look into this for you. Send us a DM and we can check on available options. https://t.co/GDrqU22YpT,Let's look into this for you. Send us a DM and we can check on available options.,4,True
conv_15719,15719,119458,software_update,Actualize a iOS 11.1 y sobrecalienta el equipo @1048 @119459 @119460 @AppleSupport,Actualize a iOS 11.1 y sobrecalienta el equipo @1048 @119459 @119460 @AppleSupport,@119458 We offer support via Twitter in English. Get help in Spanish here: https://t.co/IBIY3vMgPj or join https://t.co/OczyRx7IOs,We offer support via Twitter in English. Get help in Spanish here: or join,2,True
conv_17307,17307,119816,software_update,"in a matter of 4 hours i had to make 3 hard resets on my phone, i just made 2 hard resets on this phone’s life before iOS 11. fix this @115858 @AppleSupport","in a matter of 4 hours i had to make 3 hard resets on my phone, i just made 2 hard resets on this phone’s life before iOS 11. fix this @115858 @AppleSupport",@119816 Certainly not what we want you to experience. We'd love to look into this with you and help resolve ensure your iPhone is working 100% as expected. Please DM us and let us know which iPhone and the exact version of iOS you're using. https://t.co/GDrqU22YpT,Certainly not what we want you to experience. We'd love to look into this with you and help resolve ensure your iPhone is working 100% as expected. Please DM us and let us know which iPhone and the exact version of iOS you're using.,2,True
conv_18836,18836,120210,software_update,@115858 @AppleSupport My 1.5 year old IPad Air 2 won’t start after the last software update. I took it to the repair center today & was told it can’t be repaired and my only option is replacement which wud cost me INR 26.5k. Really? 1.5 year old device! Apple is better than that,My 1.5 year old IPad Air 2 won’t start after the last software update. I took it to the repair center today & was told it can’t be repaired and my only option is replacement which wud cost me INR 26.5k. Really? 1.5 year old device! Apple is better than that,@120210 We know how much we rely on our iPad from surfing the internet to sending emails to watching movies. We'll be happy to look into your situation. Can you DM us if the device turns on at all? Does it boot to an Apple logo? https://t.co/GDrqU22YpT,We know how much we rely on our iPad from surfing the internet to sending emails to watching movies. We'll be happy to look into your situation. Can you DM us if the device turns on at all? Does it boot to an Apple logo?,3,True
conv_21134,21134,120630,software_update,"@AppleSupport just installed your latest update on my 6s, it failed, and now my phone won't even restore ""error 21"", thanks apple","just installed your latest update on my 6s, it failed, and now my phone won't even restore ""error 21"", thanks apple","@120630 We're happy to help get your iPhone back up and running. To start, check out the steps for that error here: https://t.co/VtLfFWoKGX","We're happy to help get your iPhone back up and running. To start, check out the steps for that error here:",2,True
conv_21155,21155,120639,software_update,"Day 6 in the iTunes Lockout.
I cannot get help or explanation. Cannot download apps, update them or play music on my iPhone.
I bet some angry employee locked a thousand accounts and now won't pick up at 
1-866-9703764
#BadApple @AppleSupport @120640","Day 6 in the iTunes Lockout. I cannot get help or explanation. Cannot download apps, update them or play music on my iPhone. I bet some angry employee locked a thousand accounts and now won't pick up at 1-866-9703764 #BadApple @AppleSupport @120640",@120639 That is not the experience we want you to have. We'd be happy to look into this with you. Can you DM us what you are experiencing with your iTunes account? What do you currently see on the screen? Are you signed in to the account? We'll continue this in DM. https://t.co/GDrqU22YpT,That is not the experience we want you to have. We'd be happy to look into this with you. Can you DM us what you are experiencing with your iTunes account? What do you currently see on the screen? Are you signed in to the account? We'll continue this in DM.,2,True
conv_22995,22995,121005,software_update,@AppleSupport help!! My Mac App Store will not open so I cannot update my 2015 MacBook Pro currently running on OS X Yosemite 10.10.3,help!! My Mac App Store will not open so I cannot update my 2015 MacBook Pro currently running on OS X Yosemite 10.10.3,@121005 We'll be happy to assist. Are you getting any errors when you try to open the Mac App Store?,We'll be happy to assist. Are you getting any errors when you try to open the Mac App Store?,6,False
conv_23086,23086,121028,software_update,@AppleSupport I decided to download IOS 11. Now I can’t download anything from the App Store. Is this problem being fixed soon? I’ve tried all the options to make it work. #worstdecisionever,I decided to download IOS 11. Now I can’t download anything from the App Store. Is this problem being fixed soon? I’ve tried all the options to make it work. #worstdecisionever,@121028 We know how important apps and app updates can be. We'd like to help. Does this happen when you're using Wi-Fi or cellular data? Is there another network you can try?,We know how important apps and app updates can be. We'd like to help. Does this happen when you're using Wi-Fi or cellular data? Is there another network you can try?,6,False
conv_25318,25318,121475,software_update,"@AppleSupport , I just wanted to let you know that this is the second time facing a problem (sudden shutdown) with my iPhone which lead me to restore, delete everything and fresh install due to your recent software updates. Pls fix this issue quickly!!",", I just wanted to let you know that this is the second time facing a problem (sudden shutdown) with my iPhone which lead me to restore, delete everything and fresh install due to your recent software updates. Pls fix this issue quickly!!","@121475 We're glad you reached out to let us know. It's never our intention for you to have issues after updating the iOS on your iPhone. Did restoring help? If not, send us a DM and let us know. We're always happy to help work through any concerns with your iPhone. https://t.co/GDrqU22YpT","We're glad you reached out to let us know. It's never our intention for you to have issues after updating the iOS on your iPhone. Did restoring help? If not, send us a DM and let us know. We're always happy to help work through any concerns with your iPhone.",4,True
conv_26684,26684,121842,software_update,"@AppleSupport Teally upset, downloaded latest 11.0 update now apps will not work on iPhone or IPad. Tech support was worthless after 120 minutes tried to blame me!  Getting new phone and different notebook. This is outrageous!","Teally upset, downloaded latest 11.0 update now apps will not work on iPhone or IPad. Tech support was worthless after 120 minutes tried to blame me! Getting new phone and different notebook. This is outrageous!",@121842 We'd be happy to look into this with you.  Feel free to DM us what country you're located in and we'll go from there: https://t.co/GDrqU22YpT,We'd be happy to look into this with you. Feel free to DM us what country you're located in and we'll go from there:,3,True
conv_27440,27440,122014,software_update,@AppleSupport all of a sudden I am getting emails pushed via apple mail- I’ve had them set as fetch for a long time. Can’t find where to change back to fetch. The only change I have made is software update. HALP! I don’t want all these to push.,all of a sudden I am getting emails pushed via apple mail- I’ve had them set as fetch for a long time. Can’t find where to change back to fetch. The only change I have made is software update. HALP! I don’t want all these to push.,"@122014 We can understand not wanting the incoming emails to push through. We'll get to the root cause of this, and find you the information you need.

In order to do so, we have some questions for you. Please meet us in DM with your current iOS and we'll go from there. https://t.co/GDrqU22YpT","We can understand not wanting the incoming emails to push through. We'll get to the root cause of this, and find you the information you need. In order to do so, we have some questions for you. Please meet us in DM with your current iOS and we'll go from there.",2,True
conv_27508,27508,122018,software_update,Unable to update apps when connected to WiFi. @AppleSupport,Unable to update apps when connected to WiFi. @AppleSupport,"@122018 Thanks for reaching out to us about this issue. We want your device to work for you and we'll be happy to help out. To get started, can you tell us which device and OS version you're having this problem with? Also, what happens when you try to update?","Thanks for reaching out to us about this issue. We want your device to work for you and we'll be happy to help out. To get started, can you tell us which device and OS version you're having this problem with? Also, what happens when you try to update?",6,False
conv_29553,29553,122490,software_update,Since the newest update my MAC won't stay connected to my mouse & kb (bluetooth). Help @AppleSupport !?!,Since the newest update my MAC won't stay connected to my mouse & kb (bluetooth). Help @AppleSupport !?!,"@122490 We know how essential Bluetooth is to using wireless devices. We'll be happy to work with you to get to the bottom of this. To confirm, you updated to macOS 10.13.1, correct? Have you tried unpairing and repairing your Bluetooth devices?","We know how essential Bluetooth is to using wireless devices. We'll be happy to work with you to get to the bottom of this. To confirm, you updated to macOS 10.13.1, correct? Have you tried unpairing and repairing your Bluetooth devices?",6,False
conv_29558,29558,122491,software_update,@AppleSupport your new iOS slowdown my phone and delayed everything. @116333 you should know by now that some folks works with their phone and you can messe up people work. Test the damn thing before lunch it. Or come up with a big warning “it slow down 6.7,your new iOS slowdown my phone and delayed everything. @116333 you should know by now that some folks works with their phone and you can messe up people work. Test the damn thing before lunch it. Or come up with a big warning “it slow down 6.7,"@122491 We understand how important your iPhone is, and we're here to help. Send us a DM, and we'll take a closer look at your device together there. https://t.co/GDrqU22YpT","We understand how important your iPhone is, and we're here to help. Send us a DM, and we'll take a closer look at your device together there.",9,True
conv_31441,31441,122934,software_update,@AppleSupport can you tell me why my Apple tv4 with screen saver set to never update will suddenly have new a “video” in the aerial views?,can you tell me why my Apple tv4 with screen saver set to never update will suddenly have new a “video” in the aerial views?,"@122934 Thank you for reaching out to us. For help with this, please contact our Apple TV experts here: https://t.co/IBIY3vMgPj","Thank you for reaching out to us. For help with this, please contact our Apple TV experts here:",2,True
conv_31444,31444,122935,software_update,"Hey @AppleSupport I think my phone has dementia. No matter how many times I tell it not to update, it keeps asking.","Hey @AppleSupport I think my phone has dementia. No matter how many times I tell it not to update, it keeps asking.","@122935 While this is expected to send reminders, you can leave us feedback about that here:  https://t.co/eTPVYVFyd8","While this is expected to send reminders, you can leave us feedback about that here:",2,True
conv_31455,31455,122938,software_update,"Hi @AppleSupport after upgrading to iOS 11.1 this control center dunno where to stay - up, middle and down.  Now in the upper section. ios11 https://t.co/pK9efWapng","Hi @AppleSupport after upgrading to iOS 11.1 this control center dunno where to stay - up, middle and down. Now in the upper section. ios11","@122938 Hey, we'd love to help with your AssistiveTouch. Let's try a standard restart, here's how: https://t.co/OWRDHWSt4h","Hey, we'd love to help with your AssistiveTouch. Let's try a standard restart, here's how:",5,True
conv_31464,31464,122940,software_update,"Hi @AppleSupport my iPhone vibration not working after update iOS 11.0.3,mine is iPhone 6S","Hi @AppleSupport my iPhone vibration not working after update iOS 11.0.3,mine is iPhone 6S",@122940 iOS 11.1 has just been released. Let's try updating to that and we'll see how things are. Here's how: https://t.co/80YRnjDFDk,iOS 11.1 has just been released. Let's try updating to that and we'll see how things are. Here's how:,7,True
conv_31470,31470,122941,software_update,"28 min Benutzung, 42 min Standby: 10% Akku verbraucht. Mit iOS 11.1 hat sich nichts getan, eher noch schlimmer geworden @AppleSupport","28 min Benutzung, 42 min Standby: 10% Akku verbraucht. Mit iOS 11.1 hat sich nichts getan, eher noch schlimmer geworden @AppleSupport",@122941 We offer support via Twitter in English. Contact us for help in your preferred language here: https://t.co/IBIY3vMgPj,We offer support via Twitter in English. Contact us for help in your preferred language here:,2,True
conv_31474,31474,122942,software_update,"Ios 11.1 & I can’t even turn off the wifi & bluetooth from the control center!!

@115858 @AppleSupport",Ios 11.1 & I can’t even turn off the wifi & bluetooth from the control center!! @115858 @AppleSupport,@122942 We can help. Here's a great article to clarify more about Wi-Fi & Bluetooth in the Control Center: https://t.co/vzVz37YMv0,We can help. Here's a great article to clarify more about Wi-Fi & Bluetooth in the Control Center:,2,True
conv_31482,31482,122945,software_update,@AppleSupport Help!! I need to update the payment method for my iPhone X pre-order. It won’t let me do it online,Help!! I need to update the payment method for my iPhone X pre-order. It won’t let me do it online,@122945 We're happy to help you with that. DM us the country you are located in so we can better assist you:,We're happy to help you with that. DM us the country you are located in so we can better assist you:,2,True
conv_31899,31899,123048,software_update,"After the last update, I cannot hear my phone calls. What is happening? @115858 @AppleSupport","After the last update, I cannot hear my phone calls. What is happening? @115858 @AppleSupport",@123048 Send us a DM and let us know what version of iOS you're currently running. We'll go from there. https://t.co/GDrqU22YpT,Send us a DM and let us know what version of iOS you're currently running. We'll go from there.,2,True
conv_31911,31911,123052,software_update,"@AppleSupport After updating to 10.13.1 to fix freeze issues of High Sierra, I went to a complete black screen. Test product before release","After updating to 10.13.1 to fix freeze issues of High Sierra, I went to a complete black screen. Test product before release",@123052 We want to help. Are you still seeing a blank black screen on your Mac? Send us a DM. https://t.co/GDrqU22YpT,We want to help. Are you still seeing a blank black screen on your Mac? Send us a DM.,2,True
conv_32412,32412,123184,software_update,"@AppleSupport pls let folks downgrade to ios 10.3.3, been an apple fanboy but iOS 11 is the worst i cant put up with this glitchy OS anymore","pls let folks downgrade to ios 10.3.3, been an apple fanboy but iOS 11 is the worst i cant put up with this glitchy OS anymore",@123184  We'd like to look into the issues you're having. DM us your country and we'll go from there. https://t.co/GDrqU22YpT,We'd like to look into the issues you're having. DM us your country and we'll go from there.,2,True
conv_32416,32416,123186,software_update,@AppleSupport iOS 11 is so slow on my iPhone 5S. For example the camera app takes 5-10 seconds before it can take a photo. What gives?🤦‍♂️,iOS 11 is so slow on my iPhone 5S. For example the camera app takes 5-10 seconds before it can take a photo. What gives?🤦‍♂️,@123186 We'd love to look into this. Could you Direct Message us and let us know what iOS version you're on? https://t.co/GDrqU22YpT,We'd love to look into this. Could you Direct Message us and let us know what iOS version you're on?,2,True
conv_32422,32422,123188,software_update,"@AppleSupport hey I'm facing problem updating my Iphone to iOS 11 whenever I wanna update it, a message pop up says verifying","hey I'm facing problem updating my Iphone to iOS 11 whenever I wanna update it, a message pop up says verifying",@123188 We can help! What happens after it says verifying. Is that when it restarts or are you restarting it manually?,We can help! What happens after it says verifying. Is that when it restarts or are you restarting it manually?,4,False
conv_33357,33357,123377,software_update,@115858 @AppleSupport Congrats. IOS 11.1 is making my iPhone 6 even more glitchy and prone to freezing than it was before. #WTF,Congrats. IOS 11.1 is making my iPhone 6 even more glitchy and prone to freezing than it was before. #WTF,@123377 We'd like to look into this with you. Please click here to connect with us in DM. We'll continue there. https://t.co/GDrqU22YpT,We'd like to look into this with you. Please click here to connect with us in DM. We'll continue there.,2,True
conv_33416,33416,123392,software_update,@AppleSupport is there some@serious problem in latest iOS upgrade. Many applications are getting disconnected if phine is locked #whtsapp,is there some@serious problem in latest iOS upgrade. Many applications are getting disconnected if phine is locked #whtsapp,@123392 Send us a DM and let us know what version of iOS you're running. We'll go from there. https://t.co/GDrqU22YpT,Send us a DM and let us know what version of iOS you're running. We'll go from there.,2,True
conv_34465,34465,123469,software_update,Hey @AppleSupport @115948 it seems like my music library does not save my spot in the library if I leave the app. I do not close the app I just pause for about an hour and then it forgets my spot? Can you guys fix this in your next update please? Thanks!!!,Hey @AppleSupport @115948 it seems like my music library does not save my spot in the library if I leave the app. I do not close the app I just pause for about an hour and then it forgets my spot? Can you guys fix this in your next update please? Thanks!!!,"@123469 If you're running into issues with Apple Music playback, we'd like to help you out. Please tell us what type of device you use. Also, please let us know what version of the iOS / macOS software you currently have installed. https://t.co/GDrqU22YpT","If you're running into issues with Apple Music playback, we'd like to help you out. Please tell us what type of device you use. Also, please let us know what version of the iOS / macOS software you currently have installed.",3,True
conv_34610,34610,123499,software_update,"Oh great, iMessage not working after the latest iOS update. 😐 @AppleSupport","Oh great, iMessage not working after the latest iOS update. 😐 @AppleSupport",@123499 Thanks for reaching out. DM the specific issue you are seeing with Messages to get started. https://t.co/GDrqU22YpT,Thanks for reaching out. DM the specific issue you are seeing with Messages to get started.,2,True
conv_34614,34614,123500,software_update,Hi @AppleSupport ! #TimeMachine still not working with #HighSierra update,Hi @AppleSupport ! #TimeMachine still not working with #HighSierra update,@123500 Let's work together in DM to investigate what's going on with your Time Machine. https://t.co/GDrqU22YpT,Let's work together in DM to investigate what's going on with your Time Machine.,2,True
conv_34616,34616,123501,software_update,@115858 @AppleSupport @1456 his new ios 11.0  I have to restart my phone at least four times a day because it is blocked by everything,his new ios 11.0 I have to restart my phone at least four times a day because it is blocked by everything,@123501 We want to help get your iPhone working properly. Which exact iOS version and iPhone are you using?,We want to help get your iPhone working properly. Which exact iOS version and iPhone are you using?,2,False
conv_34620,34620,123503,software_update,"When searching fot ""GOT"" Apple TV app shows Cmore but not @1561 Nordic, even tho I only have HBO installed. @AppleSupport","When searching fot ""GOT"" Apple TV app shows Cmore but not @1561 Nordic, even tho I only have HBO installed. @AppleSupport",@123503 Let's get you in touch with our Apple TV experts so they can assist further. Reach out here: https://t.co/IBIY3vMgPj,Let's get you in touch with our Apple TV experts so they can assist further. Reach out here:,2,True
conv_34637,34637,123508,software_update,@AppleSupport is there a way I can uninstall iOS 11 and go back to 10?,is there a way I can uninstall iOS 11 and go back to 10?,@123508 Keeping your software up to date is one of the most important things you can do to maintain your Apple product's security.,Keeping your software up to date is one of the most important things you can do to maintain your Apple product's security.,5,False
conv_34653,34653,123513,software_update,Alguém sentiu um consumo maior com o novo IOS ou a @AppleSupport está de sacanagem comigo???,Alguém sentiu um consumo maior com o novo IOS ou a @AppleSupport está de sacanagem comigo???,"@123513 Since our Twitter support is available in English, get help at https://t.co/IBIY3vMgPj or join https://t.co/pvaOFfPbjt","Since our Twitter support is available in English, get help at or join",2,True
conv_34678,34678,120401,software_update,@AppleSupport after update to 10.13.1 Lacie is down again after a night of extreme and unprovoced disk access resulting in overheating! 2/2,after update to 10.13.1 Lacie is down again after a night of extreme and unprovoced disk access resulting in overheating! 2/2,"@120401 When you have a moment, please send us over a DM. We're happy to work together with you on this. https://t.co/GDrqU22YpT","When you have a moment, please send us over a DM. We're happy to work together with you on this.",4,True
conv_34685,34685,123521,software_update,Top 5 things I regret doing in MY LiFE is updating my IOS. Now my Touch ID doesn’t work! Tf @AppleSupport,Top 5 things I regret doing in MY LiFE is updating my IOS. Now my Touch ID doesn’t work! Tf @AppleSupport,"@123521 We want to look into what's going on with your TouchID. To start, which device and iOS version are you using?","We want to look into what's going on with your TouchID. To start, which device and iOS version are you using?",6,False
conv_1764,1764,116100,apple_id_icloud,"@AppleSupport Hello, I need some help regarding the region change on my Apple ID","Hello, I need some help regarding the region change on my Apple ID",@116100 This article should help with that: https://t.co/usOJWy6ChP,This article should help with that:,5,True
conv_6554,6554,117154,apple_id_icloud,@AppleSupport how long does it take usually for account recovery to get back to you? It’s been about a week now.,how long does it take usually for account recovery to get back to you? It’s been about a week now.,@117154 Having access to your Apple ID is important. Did you receive an email with a confirmation of your request? DM us here: https://t.co/GDrqU22YpT,Having access to your Apple ID is important. Did you receive an email with a confirmation of your request? DM us here:,2,True
conv_8297,8297,117454,apple_id_icloud,@AppleSupport Hello there i need help with the use of an administartors name and password on my imac,Hello there i need help with the use of an administartors name and password on my imac,@117454 Hi! We're happy to help. Join us in DM with the macOS version installed on your iMac and more details about what's going on. https://t.co/GDrqU22YpT,Hi! We're happy to help. Join us in DM with the macOS version installed on your iMac and more details about what's going on.,2,True
conv_8557,8557,117503,apple_id_icloud,"@AppleSupport is that safe if we disable passcode for unlock iphone? i mean,is the fingerprint still worked out? i think dat would be enough","is that safe if we disable passcode for unlock iphone? i mean,is the fingerprint still worked out? i think dat would be enough",@117503 We want to make sure we understand the issue. Are you wanting to disable the passcode and still use Touch ID?,We want to make sure we understand the issue. Are you wanting to disable the passcode and still use Touch ID?,9,False
conv_11139,11139,118106,apple_id_icloud,@AppleSupport I get prompted for a system administrator password on a MBP MacOS but there is no system administrator account I’m aware of!! https://t.co/M1DbEkDzaS,I get prompted for a system administrator password on a MBP MacOS but there is no system administrator account I’m aware of!!,@118106 Let's take a closer look together. Which macOS version is installed currently? Where does this screen come up on your Mac?,Let's take a closer look together. Which macOS version is installed currently? Where does this screen come up on your Mac?,2,False
conv_15722,15722,119461,apple_id_icloud,"6 years later I still can’t access Contacts on iCloud, what do we need to do to finally get this fixed, @AppleSupport? //cc @119462 https://t.co/EP9KWcig3M","6 years later I still can’t access Contacts on iCloud, what do we need to do to finally get this fixed, @AppleSupport? //cc @119462","@119461 You should be able to access your iCloud contacts on the web. DM us, and we'll see what we can do. https://t.co/GDrqU22YpT","You should be able to access your iCloud contacts on the web. DM us, and we'll see what we can do.",4,True
conv_23127,23127,121036,apple_id_icloud,@AppleSupport can I get any help on here?? Or is this not a support account at all?,can I get any help on here?? Or is this not a support account at all?,"@121036 After attempting so many tries to enter the Restrictions passcode, your device will prompt you to wait an extended time before letting you try again.","After attempting so many tries to enter the Restrictions passcode, your device will prompt you to wait an extended time before letting you try again.",5,False
conv_31862,31862,123036,apple_id_icloud,"@AppleSupport Why can't I log into my icloud on my Iphone 7 plus?  My phone updated, logged me out of everything and won't take new pw.","Why can't I log into my icloud on my Iphone 7 plus? My phone updated, logged me out of everything and won't take new pw.",@123036 We'd like to help. Are you able to log into https://t.co/9bUADNIlYp successfully? Let us know in DM. https://t.co/GDrqU22YpT,We'd like to help. Are you able to log into successfully? Let us know in DM.,2,True
conv_31873,31873,123041,apple_id_icloud,My iPhone just signed itself out of iCloud and I lost all of my synced contacts when I tried to sign back in. @AppleSupport,My iPhone just signed itself out of iCloud and I lost all of my synced contacts when I tried to sign back in. @AppleSupport,@123041 Are these contacts on the iCloud website? Check here from a computer and let us know: https://t.co/tmRhWEkIq4,Are these contacts on the iCloud website? Check here from a computer and let us know:,2,True
conv_31895,31895,123046,apple_id_icloud,@AppleSupport  somebody trying to get into my account,somebody trying to get into my account,@123046 Thanks for reaching out. We want to help. Tell us more about what's happening in DM. https://t.co/GDrqU22YpT,Thanks for reaching out. We want to help. Tell us more about what's happening in DM.,2,True
conv_31935,31935,123061,apple_id_icloud,"So at midnight my phone just went blank, spun the wheel,and asked me to enter my passcode ...wtf @AppleSupport since os 11 this randomly :(","So at midnight my phone just went blank, spun the wheel,and asked me to enter my passcode ...wtf @AppleSupport since os 11 this randomly :(",@123061 Let's take a look at this further for you. Reach out to us in DM with more information. https://t.co/GDrqU22YpT,Let's take a look at this further for you. Reach out to us in DM with more information.,2,True
conv_32379,32379,123174,apple_id_icloud,"Hey @115858 @AppleSupport, not sure you tested EVERYTHING when implementing the ability to switch #iCloud account emails! https://t.co/GebmTtpdCc","Hey @115858 @AppleSupport, not sure you tested EVERYTHING when implementing the ability to switch #iCloud account emails!","@123174 This is expected behavior. https://t.co/tmRhWEkIq4 emails cannot be changed, but you could use an alias: https://t.co/tewQI88gby","This is expected behavior. emails cannot be changed, but you could use an alias:",4,True
conv_32401,32401,123181,apple_id_icloud,Hey @AppleSupport I heard I can change my Apple ID to my @798 email but when I try it says nope. What gives? Spent an hour signing out & in.,Hey @AppleSupport I heard I can change my Apple ID to my @798 email but when I try it says nope. What gives? Spent an hour signing out & in.,@123181 We'd be happy to provide you with some info. Start by taking a look at the following article: https://t.co/xuZEqdPMFW,We'd be happy to provide you with some info. Start by taking a look at the following article:,4,True
conv_35245,35245,123677,apple_id_icloud,@AppleSupport oh dear @123678 still not co-oping with iCloud in ios11.1 really really poor show.,oh dear @123678 still not co-oping with iCloud in ios11.1 really really poor show.,"@123677 If you're still having troubles, be sure to follow up with our team that helps with GarageBand here:https://t.co/IBIY3vMgPj","If you're still having troubles, be sure to follow up with our team that helps with GarageBand here:",3,True
conv_35262,35262,123684,apple_id_icloud,"@AppleSupport I got refunded for an in app purchase on Monday & got a conformation email, but there’s no sign of it in my account yet...","I got refunded for an in app purchase on Monday & got a conformation email, but there’s no sign of it in my account yet...","@123684 Hey there! Depending on your bank, it can take 3-5 business days to reflect in your account. We hope this helps.","Hey there! Depending on your bank, it can take 3-5 business days to reflect in your account. We hope this helps.",4,False
conv_36091,36091,123849,apple_id_icloud,@AppleSupport I recently deleted some emails on my iCloud & I expected it to be in the Trash... but upon checking it got permanently deleted,I recently deleted some emails on my iCloud & I expected it to be in the Trash... but upon checking it got permanently deleted,@123849 Hello. We are here to help. What type of device are you using?,Hello. We are here to help. What type of device are you using?,7,False
conv_36626,36626,123977,apple_id_icloud,"@AppleSupport Hi there, my iPhone 6S plus can’t do backup for it, not by iCloud and iTunes , any way to fix it ,thanks https://t.co/XYyWJe7vn7","Hi there, my iPhone 6S plus can’t do backup for it, not by iCloud and iTunes , any way to fix it ,thanks",@123977 We'd love to help. What happens when you try back up via iTunes?,We'd love to help. What happens when you try back up via iTunes?,4,False
conv_38893,38893,124486,apple_id_icloud,@AppleSupport @115858 would I ever receive a txt saying my apple account had been locked and a link to a website to verify it? Seems odd!,would I ever receive a txt saying my apple account had been locked and a link to a website to verify it? Seems odd!,@124486 We typically don't send texts. You can learn more about suspicious messages here: https://t.co/tHkFZyBtjO,We typically don't send texts. You can learn more about suspicious messages here:,2,True
conv_40519,40519,124891,apple_id_icloud,@AppleSupport hi so I got an email my account was locked. But I’m pretty sure it was a fake.,hi so I got an email my account was locked. But I’m pretty sure it was a fake.,@124891 We'd like to take a closer look at this with you. Let's continue our conversation via DM. https://t.co/GDrqU22YpT,We'd like to take a closer look at this with you. Let's continue our conversation via DM.,2,True
conv_41556,41556,125135,apple_id_icloud,@AppleSupport locked out of my iPad. Followed instructions but it hasn’t worked. Please help. Also I want to turn this feature off,locked out of my iPad. Followed instructions but it hasn’t worked. Please help. Also I want to turn this feature off,@125135 Let us know exactly what you see on your display currently. This will help us determine the best next steps to assist.,Let us know exactly what you see on your display currently. This will help us determine the best next steps to assist.,5,False
conv_41558,41558,125136,apple_id_icloud,@AppleSupport Can you pair 2 AirPods to one iCloud account?,Can you pair 2 AirPods to one iCloud account?,"@125136 Thanks for reaching out. We'd be happy to look into this with you. Send us a DM, and we can go from there. https://t.co/GDrqU22YpT","Thanks for reaching out. We'd be happy to look into this with you. Send us a DM, and we can go from there.",2,True
conv_41650,41650,125164,apple_id_icloud,Hey @AppleSupport my iCloud mail is getting hammered with spam. Did you turn off filters? Under attack? LMK.,Hey @AppleSupport my iCloud mail is getting hammered with spam. Did you turn off filters? Under attack? LMK.,@125164 Hey there. We'd love to help. Have you checked out this article: https://t.co/Hw15Q2Vpu1,Hey there. We'd love to help. Have you checked out this article:,4,True
conv_43367,43367,125614,apple_id_icloud,@AppleSupport Can’t change the Apple ID to @798.com Website stills shows it is not possible. I used this document: https://t.co/5tVOJEnCkg,Can’t change the Apple ID to @798.com Website stills shows it is not possible. I used this document:,@125614 Thanks for reaching out! Our Account Security team is best suited to help you. You can reach them here: https://t.co/UJm15vmMM2,Thanks for reaching out! Our Account Security team is best suited to help you. You can reach them here:,2,True
conv_44605,44605,125899,apple_id_icloud,@AppleSupport I’m still unable to change my Apple ID from https://t.co/xvL3ugX1Kp to https://t.co/oT9ReP5yXv. I want to use my alias address https://t.co/XySlqjAcQs,I’m still unable to change my Apple ID from to I want to use my alias address,@125899 We want to help out. Let's take a look here: https://t.co/xuZEqdPMFW,We want to help out. Let's take a look here:,4,True
conv_44626,44626,125905,apple_id_icloud,@AppleSupport help I logged out of my Apple ID account and the verification code is sent to a broken phone????,help I logged out of my Apple ID account and the verification code is sent to a broken phone????,@125905 We can assist you. You can change a trusted device if you are using two-factor authentication: https://t.co/RONuUjClwW,We can assist you. You can change a trusted device if you are using two-factor authentication:,6,True
conv_45159,45159,125972,apple_id_icloud,"@AppleSupport Hi, guys. It’s me again. I bought my old work computer. It was wiped. It turns on but gives me a password hint that doesn’t work, so I can’t get it open. Ideas? Thanks!","Hi, guys. It’s me again. I bought my old work computer. It was wiped. It turns on but gives me a password hint that doesn’t work, so I can’t get it open. Ideas? Thanks!","@125972 No worries! We’re here to help. Let’s begin by gathering some information. Send us a DM telling us which what type of Mac we’re working with. Also, let us know if you recognize the user name that is displayed on the login screen. https://t.co/GDrqU22YpT","No worries! We’re here to help. Let’s begin by gathering some information. Send us a DM telling us which what type of Mac we’re working with. Also, let us know if you recognize the user name that is displayed on the login screen.",3,True
conv_48044,48044,126743,apple_id_icloud,"@AppleSupport Hi, I've just reset my phone and restored from icloud but none of my apps are downloading.","Hi, I've just reset my phone and restored from icloud but none of my apps are downloading.",@126743 We are here to help you get your apps back. Are you connected to Wi-Fi? Did other things such as your Messages come back?,We are here to help you get your apps back. Are you connected to Wi-Fi? Did other things such as your Messages come back?,4,False
conv_50023,50023,127195,apple_id_icloud,@AppleSupport Why does the method posted today on changing your Apple ID from a third party address to an iCloud address not work? https://t.co/7UC8DUYmvy,Why does the method posted today on changing your Apple ID from a third party address to an iCloud address not work?,@127195 We want to look into this. DM us in more detail and we'll go from there. https://t.co/GDrqU22YpT,We want to look into this. DM us in more detail and we'll go from there.,2,True
conv_51628,51628,127590,apple_id_icloud,"@AppleSupport hey..um my bookmarks and reading list are all gone and i didn’t connect them to icloud, is there any way to get them back?","hey..um my bookmarks and reading list are all gone and i didn’t connect them to icloud, is there any way to get them back?",@127590 We can certainly help look into this with you. DM us & tell us more about how this happened. https://t.co/GDrqU22YpT,We can certainly help look into this with you. DM us & tell us more about how this happened.,2,True
conv_53538,53538,128097,apple_id_icloud,"@AppleSupport Major security breach on iCloud evident - any issues reported? Sign-in and got other people’s information, books, music etc etc","Major security breach on iCloud evident - any issues reported? Sign-in and got other people’s information, books, music etc etc",@128097 We'd like to look into this with you. Let's continue in DM. https://t.co/GDrqU22YpT,We'd like to look into this with you. Let's continue in DM.,2,True
conv_53557,53557,128101,apple_id_icloud,@AppleSupport hey what happens when I forget my restrictions passcode? turned on when my kid had it & have no clue what it is. Wont reset.,hey what happens when I forget my restrictions passcode? turned on when my kid had it & have no clue what it is. Wont reset.,@128101 Thanks for reaching out to us. Here is a helpful resource: https://t.co/eiyAtwvrU1 Let us know if you have questions.,Thanks for reaching out to us. Here is a helpful resource: Let us know if you have questions.,8,True
conv_53582,53582,128111,apple_id_icloud,@AppleSupport Hi. I cannot reset the security questions after I logged in my account. What to do? :/,Hi. I cannot reset the security questions after I logged in my account. What to do? :/,"@128111  We want to help with your Apple ID. If you forgot the answers to your Apple ID security questions:
https://t.co/qaNMuN8ar1",We want to help with your Apple ID. If you forgot the answers to your Apple ID security questions:,5,True
conv_53594,53594,128115,apple_id_icloud,"@AppleSupport Hi, Could I change my Apple ID (from iTools time) to a new one with my surname which I already use for mail purposes? Thanks","Hi, Could I change my Apple ID (from iTools time) to a new one with my surname which I already use for mail purposes? Thanks",@128115 Thanks for reaching out to us. Try the steps in this article for your Apple ID change: https://t.co/xuZEqdPMFW,Thanks for reaching out to us. Try the steps in this article for your Apple ID change:,7,True
conv_55097,55097,128491,apple_id_icloud,@AppleSupport What does this mean? Trying to sign in to Apple Music. Help :/ https://t.co/Wo9VRpEF2F,What does this mean? Trying to sign in to Apple Music. Help :/,@128491 Let's see what's going on. Send us a DM and let us know how you got to this screen.,Let's see what's going on. Send us a DM and let us know how you got to this screen.,2,True
conv_55974,55974,128699,apple_id_icloud,"@applesupport trying to launch Radio on Watch, it says to sign into iTunes in Watch app on phone. No such sign in exists. Help? https://t.co/D5UE51I832","trying to launch Radio on Watch, it says to sign into iTunes in Watch app on phone. No such sign in exists. Help?","@128699 We'd like to help. In DM, please let us know the software version being used on the paired iPhone. https://t.co/GDrqU22YpT","We'd like to help. In DM, please let us know the software version being used on the paired iPhone.",2,True
conv_58272,58272,129233,apple_id_icloud,@AppleSupport I’m having trouble setting up my iCloud Music Library on my iPhone 7+. It’s been saying “temporarily unavailable” all day. Can you help?,I’m having trouble setting up my iCloud Music Library on my iPhone 7+. It’s been saying “temporarily unavailable” all day. Can you help?,@129233 We've got you. Is this still happening after restarting and trying with different Wi-Fi networks? Let's also get your iOS version. That'll help us get started.,We've got you. Is this still happening after restarting and trying with different Wi-Fi networks? Let's also get your iOS version. That'll help us get started.,6,False
conv_59606,59606,129598,apple_id_icloud,"Uhhhh @AppleSupport , this you? 🤔 why is it saying my Apple ID will be disabled? https://t.co/onVhJjkYAU","Uhhhh @AppleSupport , this you? 🤔 why is it saying my Apple ID will be disabled?","@129598 This isn't us, and we'd love to see it. You can forward it to the address in this article: https://t.co/LNMCdqt6fD","This isn't us, and we'd love to see it. You can forward it to the address in this article:",2,True
conv_63207,63207,130500,apple_id_icloud,@AppleSupport @115948 I have iCloud library on but can download music to play offline. Help pls,I have iCloud library on but can download music to play offline. Help pls,@130500 We can assist you. Do you receive a specific error message when you attempt to download music for offline listening?,We can assist you. Do you receive a specific error message when you attempt to download music for offline listening?,2,False
conv_65663,65663,131031,apple_id_icloud,"@AppleSupport I lose the password for my account, ask for help and months later I'm still paying for apple music. Called again and the support agent put me on hold then hung up. I need it cancelled now, I'm paying for nothing.","I lose the password for my account, ask for help and months later I'm still paying for apple music. Called again and the support agent put me on hold then hung up. I need it cancelled now, I'm paying for nothing.",@131031 We can understand wanting to cancel the subscription. We'd want to get you in touch with our iTunes Store support here: https://t.co/SDIe7UiyJN,We can understand wanting to cancel the subscription. We'd want to get you in touch with our iTunes Store support here:,2,True
conv_79997,79997,133756,apple_id_icloud,Dear @AppleSupport I’ve tried to enter my password a few times now and it keeps kicking back to my iPhone. This is really aggravating https://t.co/OynUUzWA0t,Dear @AppleSupport I’ve tried to enter my password a few times now and it keeps kicking back to my iPhone. This is really aggravating,"@133756 Hi there. Are you able to sign in to the iOS App Store from your device without issue? Please DM details, we'll meet you there to help. https://t.co/GDrqU22YpT","Hi there. Are you able to sign in to the iOS App Store from your device without issue? Please DM details, we'll meet you there to help.",4,True
conv_81982,81982,134137,apple_id_icloud,@AppleSupport What is 'profile' and 'Secure' in iCloud? https://t.co/JqToSmfVv2,What is 'profile' and 'Secure' in iCloud?,@134137 Let's find out. Send us a DM with your software version to get started. https://t.co/GDrqU22YpT,Let's find out. Send us a DM with your software version to get started.,2,True
conv_87214,87214,135091,apple_id_icloud,@AppleSupport i signed out of my apple id on my phone & when i signed back in tons of my music wasnt in my library/no longer downloaded & my playlists were gone. i have an apple music membership. everything on my computer stayed the same however. how do i get it back to normal??,i signed out of my apple id on my phone & when i signed back in tons of my music wasnt in my library/no longer downloaded & my playlists were gone. i have an apple music membership. everything on my computer stayed the same however. how do i get it back to normal??,@135091 We received your DM and We'll respond there shortly. Talk to you soon!,We received your DM and We'll respond there shortly. Talk to you soon!,2,True
conv_87216,87216,135092,apple_id_icloud,"@115858 @AppleSupport I spent the evening at Grand Central due to a continued terrible and mysterious ""FaceID true depth camera disabled"" error and received no solution - help! https://t.co/B8OBCN0BZz","I spent the evening at Grand Central due to a continued terrible and mysterious ""FaceID true depth camera disabled"" error and received no solution - help!",@135092 We'd be happy to look into this with you. Let us know via DM which version of iOS you're running on this iPhone X. We'll go from there. https://t.co/GDrqU22YpT,We'd be happy to look into this with you. Let us know via DM which version of iOS you're running on this iPhone X. We'll go from there.,2,True
conv_90262,90262,135589,apple_id_icloud,"Dear @AppleSupport, we noticed a *HUGE* security issue at MacOS High Sierra. Anyone can login as ""root"" with empty password after clicking on login button several times. Are you aware of it @115858?","Dear @AppleSupport, we noticed a *HUGE* security issue at MacOS High Sierra. Anyone can login as ""root"" with empty password after clicking on login button several times. Are you aware of it @115858?","@135588 Reach out to us via DM and let us know the type of Mac that you have, then we can work with you to get this resolved from there. https://t.co/GDrqU22YpT","Reach out to us via DM and let us know the type of Mac that you have, then we can work with you to get this resolved from there.",3,True
conv_90645,90645,135622,apple_id_icloud,"@AppleSupport I can't seem to use the payment option ""none"" on my account.  Any suggestions as to how I can resolve this without entering payment details? https://t.co/UCcccGbPQq","I can't seem to use the payment option ""none"" on my account. Any suggestions as to how I can resolve this without entering payment details?","@135622 We can get to the bottom of this together. To begin, do you have any active subscriptions or memberships?","We can get to the bottom of this together. To begin, do you have any active subscriptions or memberships?",4,False
conv_90647,90647,135623,apple_id_icloud,@AppleSupport Hello! Do you guys know if it is possible to store the Photos app library in a NAS? I don’t need to sync iCloud. Thank you!,Hello! Do you guys know if it is possible to store the Photos app library in a NAS? I don’t need to sync iCloud. Thank you!,"@135623 Hey, we can get you pointed in the right direction for questions regarding Photos. Please reach out to our Photos experts using this link: https://t.co/IBIY3vMgPj They'll help you out.","Hey, we can get you pointed in the right direction for questions regarding Photos. Please reach out to our Photos experts using this link: They'll help you out.",2,True
conv_90666,90666,135631,apple_id_icloud,"@AppleSupport I'm trying to recover my Apple ID and when I do it says ""cannot verify account we apologise but we are unable to verify your account information online""","I'm trying to recover my Apple ID and when I do it says ""cannot verify account we apologise but we are unable to verify your account information online""",@135631 Being able to access your Apple ID is important. Reach out to the Apple ID team to help take a closer look here: https://t.co/UJm15vmMM2,Being able to access your Apple ID is important. Reach out to the Apple ID team to help take a closer look here:,2,True
conv_90683,90683,135635,apple_id_icloud,"Beste @AppleSupport, hoe zorg ik ervoor dat foto’s en filmpjes  niet DIRECT in iCloud worden opgeslagen? Echt totaal idioot dat ik ze, twee minuten na het nemen, weer moet downloaden om ze aan iemand te versturen. Help, bitte!","Beste @AppleSupport, hoe zorg ik ervoor dat foto’s en filmpjes niet DIRECT in iCloud worden opgeslagen? Echt totaal idioot dat ik ze, twee minuten na het nemen, weer moet downloaden om ze aan iemand te versturen. Help, bitte!",@135635 We offer support via Twitter in English. Contact us for help in your preferred language here: https://t.co/IBIY3vMgPj,We offer support via Twitter in English. Contact us for help in your preferred language here:,2,True
conv_90719,90719,135643,apple_id_icloud,and the fix has been locking my screen when idle for just 3/4 minutes. annoying to put password repetitively. @AppleSupport  😬 https://t.co/Cxjww4rrTl,and the fix has been locking my screen when idle for just 3/4 minutes. annoying to put password repetitively. @AppleSupport 😬,"@135643 Let's take a look at what's going on with your password together. First, we need to check some of your settings. When you go to System Preferences > Security & Privacy > General, when is the password required? Let us know in DM and we'll get started. https://t.co/GDrqU22YpT","Let's take a look at what's going on with your password together. First, we need to check some of your settings. When you go to System Preferences > Security & Privacy > General, when is the password required? Let us know in DM and we'll get started.",2,True
conv_94763,94763,136586,apple_id_icloud,@AppleSupport there is a slight green tint on the top right of my iPhone X screen. It shows up in the passcode screen and Spotify but there could be more places I didn’t notice yet. Is this suppose to be there? I have the all black wallpaper on. https://t.co/NTkeFOLFrU,there is a slight green tint on the top right of my iPhone X screen. It shows up in the passcode screen and Spotify but there could be more places I didn’t notice yet. Is this suppose to be there? I have the all black wallpaper on.,@136586 We want you to love your new iPhone X. We aren't seeing the green tint in the screenshot you sent over. DM us and we will take a closer look into this for you. https://t.co/GDrqU22YpT,We want you to love your new iPhone X. We aren't seeing the green tint in the screenshot you sent over. DM us and we will take a closer look into this for you.,2,True
conv_94786,94786,136593,apple_id_icloud,@AppleSupport my app store isn't allowing me to search for new apps on my ipad 2. I just did a reset and reconnected to wifi and my icloud account.,my app store isn't allowing me to search for new apps on my ipad 2. I just did a reset and reconnected to wifi and my icloud account.,@136593 Thanks for bringing this behavior to our attention. Let’s team up to get this addressed so you can get back to searching the App Store. How long has this been happening? Are you able to browse the App Store via the other tabs at the bottom of the screen?,Thanks for bringing this behavior to our attention. Let’s team up to get this addressed so you can get back to searching the App Store. How long has this been happening? Are you able to browse the App Store via the other tabs at the bottom of the screen?,6,False
conv_94909,94909,136632,apple_id_icloud,@AppleSupport how do I know what app is requesting my password? This is a bit scary... https://t.co/hCl230xG14,how do I know what app is requesting my password? This is a bit scary...,"@136632 This would be a system prompt. Usually, for an email account you have signed into previously on your device. This is not normally a 3rd party app that would be requesting this.","This would be a system prompt. Usually, for an email account you have signed into previously on your device. This is not normally a 3rd party app that would be requesting this.",2,False
conv_96903,96903,136847,apple_id_icloud,@AppleSupport Hey! I don't see anymore the link to create an app-specific passcode... Where is this now?! =(,Hey! I don't see anymore the link to create an app-specific passcode... Where is this now?! =(,@136847 We can help. Have you tried the steps found here: https://t.co/a2hzoE0Skt,We can help. Have you tried the steps found here:,4,True
conv_97017,97017,137177,apple_id_icloud,@AppleSupport I was supposed to get an answer from Engineering as to why my iCloud drive isnt working. Grady has been an amazing help but my case isn't resolved one bit yet. Case number 100360325798,I was supposed to get an answer from Engineering as to why my iCloud drive isnt working. Grady has been an amazing help but my case isn't resolved one bit yet. Case number 100360325798,@137177 Thank you for getting in touch with us. Please send us a DM including the country you're in. We'll continue there. https://t.co/GDrqU22YpT,Thank you for getting in touch with us. Please send us a DM including the country you're in. We'll continue there.,2,True
conv_97072,97072,137192,apple_id_icloud,"@AppleSupport Ever since I got my iPhone X I’ve been prompted to sign in to iCloud every day at the same time. I’ve tried completely signing out then back in, changing the password, nothing has worked so far. Any ideas?","Ever since I got my iPhone X I’ve been prompted to sign in to iCloud every day at the same time. I’ve tried completely signing out then back in, changing the password, nothing has worked so far. Any ideas?","@137192 We don't want you having to sign in every day! Meet us in DM with some details about what's going on, and which country you're in, and we'll take a look. https://t.co/GDrqU22YpT","We don't want you having to sign in every day! Meet us in DM with some details about what's going on, and which country you're in, and we'll take a look.",2,True
conv_98820,98820,137627,apple_id_icloud,"@AppleSupport My iPhone X does not have all of my most recent photos stored on iCloud. It does have both ""iCloud Photo Library"" and ""Upload to my Photo Stream"" enabled. Help! I want to see my latest photos...","My iPhone X does not have all of my most recent photos stored on iCloud. It does have both ""iCloud Photo Library"" and ""Upload to my Photo Stream"" enabled. Help! I want to see my latest photos...","@137627 Hello there. Let's find your photos so you can enjoy them at a glance. In Settings > Photos is Optimize iPhone Storage checked? And is Photos on in iCloud Settings? If yes, our Photo Specialists can help you here: https://t.co/IBIY3vMgPj","Hello there. Let's find your photos so you can enjoy them at a glance. In Settings > Photos is Optimize iPhone Storage checked? And is Photos on in iCloud Settings? If yes, our Photo Specialists can help you here:",2,True
conv_101256,101256,138161,apple_id_icloud,@AppleSupport please helpmeni can't sign in icloud account,please helpmeni can't sign in icloud account,@138161 Having access to your account is important and we're happy to help determine the best options to gain access to your account. Are you receiving an error message when you attempt to log in? DM us and we'll work with you there. https://t.co/GDrqU22YpT,Having access to your account is important and we're happy to help determine the best options to gain access to your account. Are you receiving an error message when you attempt to log in? DM us and we'll work with you there.,4,True
conv_101298,101298,138174,apple_id_icloud,@AppleSupport is it possible to make an appointment for someone else? My sister is locked out of her account and her iPhone is dead so she can’t receive the code.,is it possible to make an appointment for someone else? My sister is locked out of her account and her iPhone is dead so she can’t receive the code.,"@138174 We’d be happy to assist.  Just so we are on the same page, she is trying to receive her two-factor authentication to unlock her Apple ID, and you wanted to make an Apple Retail Store appointment?  Please respond in DM. https://t.co/GDrqU22YpT","We’d be happy to assist. Just so we are on the same page, she is trying to receive her two-factor authentication to unlock her Apple ID, and you wanted to make an Apple Retail Store appointment? Please respond in DM.",2,True
conv_103179,103179,138699,apple_id_icloud,@AppleSupport FYI.  Def have to you use passcode to unlock iPhone X more than past iPhones with touchid. #iphonex #FaceID,FYI. Def have to you use passcode to unlock iPhone X more than past iPhones with touchid. #iphonex #FaceID,@138699 Congratulations on your new iPhone X. We'd like to help you. Have you tried setting up Face ID again? https://t.co/lDcNYSCMiX,Congratulations on your new iPhone X. We'd like to help you. Have you tried setting up Face ID again?,6,True
conv_103230,103230,138714,apple_id_icloud,@AppleSupport hi. i received an email about icloud payment from this email account and i'm wondering if it's fake since I domt have any apple decives at the moment so I didn't purchase anything. https://t.co/QHAcj2BpOA,hi. i received an email about icloud payment from this email account and i'm wondering if it's fake since I domt have any apple decives at the moment so I didn't purchase anything.,@138714 Thanks for taking the time to reach out. We know it's important to be able to identify legitimate emails and we're here to get you pointed in the right direction. You'll want to review this article for help: https://t.co/LNMCdqt6fD,Thanks for taking the time to reach out. We know it's important to be able to identify legitimate emails and we're here to get you pointed in the right direction. You'll want to review this article for help:,2,True
conv_103941,103941,138902,apple_id_icloud,@AppleSupport Is there a way to save the photos you have on a external hard drive to iCloud?,Is there a way to save the photos you have on a external hard drive to iCloud?,"@138902 Thanks for contacting us with this great question about importing photos to iCloud! There are a couple of different ways, so we want to know a bit more, so we'd love to help! DM us which kind of computer you're using and we'll get started. https://t.co/GDrqU22YpT","Thanks for contacting us with this great question about importing photos to iCloud! There are a couple of different ways, so we want to know a bit more, so we'd love to help! DM us which kind of computer you're using and we'll get started.",3,True
conv_105419,105419,139286,apple_id_icloud,@AppleSupport Hi there! How to restore my restriction password on my iPhone? It will be a great help!,Hi there! How to restore my restriction password on my iPhone? It will be a great help!,@139286 We'd be happy to help you with your restrictions password. You can read how to set that up or change it here: https://t.co/eiyAtwvrU1,We'd be happy to help you with your restrictions password. You can read how to set that up or change it here:,2,True
conv_107361,107361,139844,apple_id_icloud,@AppleSupport hi apple! How am I supposed to enter my password when my number keyboard refuses to work? 😩 happening to me for a while now! https://t.co/Euo58igWh3,hi apple! How am I supposed to enter my password when my number keyboard refuses to work? 😩 happening to me for a while now!,@139844 We'd love to help out. Do you know which Mac OS you're on?,We'd love to help out. Do you know which Mac OS you're on?,4,False
conv_109020,109020,140194,apple_id_icloud,@AppleSupport is iCloud down? I can't sign in https://t.co/fA69xgE4ow,is iCloud down? I can't sign in,"@140194 Thanks for reaching out. We don't show an iCloud outage at the moment. We can definitely look into this further.
Do you still experience the same behavior after you restart your iPhone? 
Do you have the same results when you're connected to a cellular network? https://t.co/GDrqU22YpT",Thanks for reaching out. We don't show an iCloud outage at the moment. We can definitely look into this further. Do you still experience the same behavior after you restart your iPhone? Do you have the same results when you're connected to a cellular network?,2,True
conv_109036,109036,140200,apple_id_icloud,"@AppleSupport did iOS11 and/or High Sierra break iCloud Contact Sync, my contacts are not syncing between my devices #icloudcontactsync","did iOS11 and/or High Sierra break iCloud Contact Sync, my contacts are not syncing between my devices #icloudcontactsync","@140200 Thanks for reaching out, we're happy to help! Which version of iOS are you using and when did you notice issues with iCloud contacts syncing? https://t.co/GDrqU22YpT","Thanks for reaching out, we're happy to help! Which version of iOS are you using and when did you notice issues with iCloud contacts syncing?",2,True
conv_109068,109068,140209,apple_id_icloud,"@AppleSupport  I have a problem with my iPhone. I typed the code too many times and now my device is disabled. If I set it to recovery mode and want to restore it, the iPhone won't be reset. I also can not use iTunes because I can not access the homescreen, what can i do?","I have a problem with my iPhone. I typed the code too many times and now my device is disabled. If I set it to recovery mode and want to restore it, the iPhone won't be reset. I also can not use iTunes because I can not access the homescreen, what can i do?",@140209 Hi there! We've received your DMs and you can expect a response from us there shortly with a resolution.,Hi there! We've received your DMs and you can expect a response from us there shortly with a resolution.,2,True
conv_110950,110950,140681,apple_id_icloud,"@AppleSupport I don't get this screen on my itunes for windows. Hence I cannot sync my ripped music to icloud, iphone and other i-devices. Home sharing isn't good enough! Help https://t.co/G3ctMEuLsA","I don't get this screen on my itunes for windows. Hence I cannot sync my ripped music to icloud, iphone and other i-devices. Home sharing isn't good enough! Help","@140681 We'd like to assist with this. Which version of iTunes are you using? https://t.co/g2HM9lnith

What Windows version are you running as well?",We'd like to assist with this. Which version of iTunes are you using? What Windows version are you running as well?,8,True
conv_110961,110961,140683,apple_id_icloud,"@AppleSupport do you have a problem in your servers ?
I updated my Iphone 7, asked me to login to itunes, but it won't do it, a message: ""There was a problem connecting to the server...etc"" and another message: ""KVC synchronizeWithCompletionHandler Failed""
how to fix it please ?","do you have a problem in your servers ? I updated my Iphone 7, asked me to login to itunes, but it won't do it, a message: ""There was a problem connecting to the server...etc"" and another message: ""KVC synchronizeWithCompletionHandler Failed"" how to fix it please ?","@140683 We'd like to help any way we can. From our System Status link, it appears to be working fine: https://t.co/7NVrDovSd8

Which exact iOS version number is installed on your iPhone 7?

Any steps tried so far?","We'd like to help any way we can. From our System Status link, it appears to be working fine: Which exact iOS version number is installed on your iPhone 7? Any steps tried so far?",5,True
conv_112824,112824,141077,apple_id_icloud,@AppleSupport My phone got stolen but i can't change my apple id password because of the 2 step verification that requires my phone! Do you have a uk based email that i can contact about this?,My phone got stolen but i can't change my apple id password because of the 2 step verification that requires my phone! Do you have a uk based email that i can contact about this?,"@141077 We'd like to help any way we can over Twitter. The first steps to take would be here: https://t.co/fUoKdx4Yut

As you're unable to change your Apple ID password, we recommend reaching out to our Apple ID group using this link: https://t.co/UJm15vmMM2","We'd like to help any way we can over Twitter. The first steps to take would be here: As you're unable to change your Apple ID password, we recommend reaching out to our Apple ID group using this link:",4,True
conv_112830,112830,141079,apple_id_icloud,"@AppleSupport my iCloud account was just locked down, & I had to unlock it with my 2 factor code and then change my password. Was it a hacking attempt...?","my iCloud account was just locked down, & I had to unlock it with my 2 factor code and then change my password. Was it a hacking attempt...?","@141079 Thanks for reaching out to us. We have an article that can help ensure your Apple ID is secure: https://t.co/SdkqXUvz1a

If you continue seeing any strange behavior, reach out to our Apple ID experts here: https://t.co/UJm15vmMM2","Thanks for reaching out to us. We have an article that can help ensure your Apple ID is secure: If you continue seeing any strange behavior, reach out to our Apple ID experts here:",2,True
conv_112858,112858,141088,apple_id_icloud,@AppleSupport I HAVE NO PATIENCE FOR THIS IPHONE AND RESETTING MY PASSWORD 100 TIMES TODAY.  And the camera freezes too 😡,I HAVE NO PATIENCE FOR THIS IPHONE AND RESETTING MY PASSWORD 100 TIMES TODAY. And the camera freezes too 😡,@141088 Hi. We want you to be able to use your iPhone without any issues. You're in the right place for help. DM us and tell us which version of iOS you're running. You can find the exact version under Settings > General > About. https://t.co/GDrqU22YpT,Hi. We want you to be able to use your iPhone without any issues. You're in the right place for help. DM us and tell us which version of iOS you're running. You can find the exact version under Settings > General > About.,2,True
conv_112899,112899,141098,apple_id_icloud,"Hello @AppleSupport @118721 

A friend of mine has trouble. He paid for a Swiss National Anthem file, sung by Red Army Choir: (Russian famous choir) and iTunes deleted the file from the library & iCloud. How it is possible?

cc @141099","Hello @AppleSupport @118721 A friend of mine has trouble. He paid for a Swiss National Anthem file, sung by Red Army Choir: (Russian famous choir) and iTunes deleted the file from the library & iCloud. How it is possible? cc @141099",@141098 Hey there! Thanks for reaching out to us about this. Shoot us a DM so we can get you pointed in the right direction. https://t.co/GDrqU22YpT,Hey there! Thanks for reaching out to us about this. Shoot us a DM so we can get you pointed in the right direction.,2,True
conv_118119,118119,142196,apple_id_icloud,@AppleSupport I'm desperate. my grandkid just turned on voiceover with the internet  off. I tried rebooting and now it wants my passcode but won't let me  enter it. How do I get access to my ipad again.,I'm desperate. my grandkid just turned on voiceover with the internet off. I tried rebooting and now it wants my passcode but won't let me enter it. How do I get access to my ipad again.,@142196 We've got your DM and will continue with you there! Be on the lookout for our reply. Thank you!,We've got your DM and will continue with you there! Be on the lookout for our reply. Thank you!,2,True
conv_120642,120642,142820,apple_id_icloud,"@AppleSupport UK user here. Having an absolute NIGHTMARE accessing my iTunes subscriptions. My Netflix account is connected to my Apple ID and I want to cancel/amend it, and it's showing up as totally blank on my iTunes page. PLEASE ADVISE ASAP. Getting very frustrated. https://t.co/6oDcXJrdpf","UK user here. Having an absolute NIGHTMARE accessing my iTunes subscriptions. My Netflix account is connected to my Apple ID and I want to cancel/amend it, and it's showing up as totally blank on my iTunes page. PLEASE ADVISE ASAP. Getting very frustrated.","@142820 We can help with this. If you've been unable to cancel your subscription, reach out to our iTunes Store support team using this link: https://t.co/SDIe7UiyJN","We can help with this. If you've been unable to cancel your subscription, reach out to our iTunes Store support team using this link:",2,True
conv_120652,120652,142824,apple_id_icloud,"@AppleSupport My iTunes won’t open. I keep getting this login box popping up, and every time I enter my details correctly, it just pops straight back up? Now my MacBook Pro won’t shut down and there is no option to force quit iTunes? https://t.co/REIlLtDt3B","My iTunes won’t open. I keep getting this login box popping up, and every time I enter my details correctly, it just pops straight back up? Now my MacBook Pro won’t shut down and there is no option to force quit iTunes?",@142824 We'd be happy to help out. DM us more details about your Mac and we'll take it from there. https://t.co/GDrqU22YpT,We'd be happy to help out. DM us more details about your Mac and we'll take it from there.,2,True
conv_121544,121544,143060,apple_id_icloud,"@AppleSupport I upgraded to iPhone8 from 6s, and am wondering if I could find out how many old (6s) backups I still have on iCloud. Are backups identified by device?","I upgraded to iPhone8 from 6s, and am wondering if I could find out how many old (6s) backups I still have on iCloud. Are backups identified by device?","@143060 We’d be happy to help with iCloud. You’ll be able to see a list of your backups by device if you tap Settings > [name] > iCloud > Manage Storage > Backup. Let us know if you have any additional questions, and we'll be happy to help further.","We’d be happy to help with iCloud. You’ll be able to see a list of your backups by device if you tap Settings > [name] > iCloud > Manage Storage > Backup. Let us know if you have any additional questions, and we'll be happy to help further.",4,False
conv_122311,122311,143272,apple_id_icloud,"@AppleSupport Just noticed, my iTunes backup size grew from 10GB to 50GB while iCloud backup is still 6GB with my new phone. Does iTunes save photos from the phone in high resolution even with iCloud Photo Library enabled? Here it says it doesn’t. https://t.co/iZ6wglsK3O","Just noticed, my iTunes backup size grew from 10GB to 50GB while iCloud backup is still 6GB with my new phone. Does iTunes save photos from the phone in high resolution even with iCloud Photo Library enabled? Here it says it doesn’t.","@143272 No it doesn't, that article is correct.   Have you tried recreating the backup to see if the issue persists?","No it doesn't, that article is correct. Have you tried recreating the backup to see if the issue persists?",8,False
conv_122320,122320,143275,apple_id_icloud,@AppleSupport I got a message that said my account was locked. I just want to be sure it was sent from Apple.,I got a message that said my account was locked. I just want to be sure it was sent from Apple.,@143275 Let's look into that. Send us a DM and we'll go from there. https://t.co/GDrqU22YpT,Let's look into that. Send us a DM and we'll go from there.,2,True
conv_123064,123064,143484,apple_id_icloud,all my photos and videos from all my concerts got deleted off icloud drive but the pictures of me and someone i don’t associate myself w anymore are still on there 🤔 @AppleSupport fix this b,all my photos and videos from all my concerts got deleted off icloud drive but the pictures of me and someone i don’t associate myself w anymore are still on there 🤔 @AppleSupport fix this b,"@143484 We know how important it is to have your photos and videos and we're happy to do everything we can to help. To start, please DM us with the country where you're located and the device model you're using. https://t.co/GDrqU22YpT","We know how important it is to have your photos and videos and we're happy to do everything we can to help. To start, please DM us with the country where you're located and the device model you're using.",2,True
conv_125780,125780,144222,apple_id_icloud,"@AppleSupport i would like to change my apple store region but i cant do it 'cause my apple id balance is $0.01, could you please remove it?","i would like to change my apple store region but i cant do it 'cause my apple id balance is $0.01, could you please remove it?",@144222 We'd like to get you in the right direction to assist. For billing issues reach out to our iTunes Store Support team here:  https://t.co/SDIe7UiyJN,We'd like to get you in the right direction to assist. For billing issues reach out to our iTunes Store Support team here:,2,True
conv_125795,125795,144227,apple_id_icloud,@AppleSupport I have credit on my account but I can't buy nothing because of billing information,I have credit on my account but I can't buy nothing because of billing information,@144227 We're happy to help and to point you in the right direction. Our iTunes Team can help you here with any billing inquiry: https://t.co/SDIe7UiyJN,We're happy to help and to point you in the right direction. Our iTunes Team can help you here with any billing inquiry:,2,True
conv_127648,127648,144685,apple_id_icloud,Need to reset my apple password.  How do I do that quickly? @applesupport,Need to reset my apple password. How do I do that quickly? @applesupport,"@144685 Thanks so much for reaching out! For steps on how to reset your password, take a look at this article here: https://t.co/fJnZYmbI9N If you have any other questions reach out to us in DM using the link below. https://t.co/GDrqU22YpT","Thanks so much for reaching out! For steps on how to reset your password, take a look at this article here: If you have any other questions reach out to us in DM using the link below.",2,True
conv_143509,143509,148419,apple_id_icloud,@AppleSupport hello I’ve been trying to get verification code for signing in to my apple ID but I didn’t receive any code. Need help.,hello I’ve been trying to get verification code for signing in to my apple ID but I didn’t receive any code. Need help.,"@148419 Hi there! You caught us while we were out of the office. Were you able to get that verification code? If not, where are you attempting to receive it? On an iPhone?","Hi there! You caught us while we were out of the office. Were you able to get that verification code? If not, where are you attempting to receive it? On an iPhone?",4,False
conv_2616,2616,116334,battery_power,"@AppleSupport why is my battery life short? I updated to 11.1, my battery is poor. Wife didn’t she likes her battery life","why is my battery life short? I updated to 11.1, my battery is poor. Wife didn’t she likes her battery life","@116334 Let’s work together on this situation. To clarify, did this start after updating to iOS 11.1? Also, which device are you using?","Let’s work together on this situation. To clarify, did this start after updating to iOS 11.1? Also, which device are you using?",4,False
conv_2640,2640,116340,battery_power,"@AppleSupport hi, I have a problem with my macbook pro, it won't turn on, I think it might be the charger but not sure. Is there a...","hi, I have a problem with my macbook pro, it won't turn on, I think it might be the charger but not sure. Is there a...",@116340 We can help. Let’s start with the following steps to see if we can save you a trip in for service: https://t.co/RqWW0duJ0U,We can help. Let’s start with the following steps to see if we can save you a trip in for service:,5,True
conv_3767,3767,116622,battery_power,@AppleSupport I’m no expert in battery life  but 40% doesn’t go to 7% in 5minutes,I’m no expert in battery life but 40% doesn’t go to 7% in 5minutes,"@116622 We understand your concerns, and want to help. Which device is this happening on?","We understand your concerns, and want to help. Which device is this happening on?",2,False
conv_4871,4871,116853,battery_power,Really considering getting a new kind of phone since my iPhone dies with 90% while using my camera 😤 @115858 @AppleSupport @318,Really considering getting a new kind of phone since my iPhone dies with 90% while using my camera 😤 @115858 @AppleSupport @318,@116853 We want to help! What model of iOS device are you using? Do you have the most recent version of iOS 11.1 downloaded?,We want to help! What model of iOS device are you using? Do you have the most recent version of iOS 11.1 downloaded?,4,False
conv_4901,4901,116860,battery_power,Please fix the battery issues in Ios 11! @AppleSupport @115858,Please fix the battery issues in Ios 11! @AppleSupport @115858,@116860 We want to make sure you have a working battery. Have you had a chance to update to the latest 11.1?,We want to make sure you have a working battery. Have you had a chance to update to the latest 11.1?,4,False
conv_4912,4912,116863,battery_power,Series1 #Applewatch would consistently get 18 hrs + per charge prior to last update. Now 12-13 hrs max.Died @ gym 2nite. Wtf @AppleSupport ?,Series1 #Applewatch would consistently get 18 hrs + per charge prior to last update. Now 12-13 hrs max.Died @ gym 2nite. Wtf @AppleSupport ?,"@116863 We want your Apple Watch to keep up with you at the gym. To begin, which watchOS is installed?","We want your Apple Watch to keep up with you at the gym. To begin, which watchOS is installed?",3,False
conv_4917,4917,116865,battery_power,.@AppleSupport why my iPhone keep dying at 30% quit playing games I'm not getting no new damn phone or iPhone x,.@AppleSupport why my iPhone keep dying at 30% quit playing games I'm not getting no new damn phone or iPhone x,@116865 We'd like to help. What iOS version are you on?,We'd like to help. What iOS version are you on?,2,False
conv_6934,6934,117189,battery_power,@115858 after the new apple updates: the battery life is really go fast and the WiFi is always on! @AppleSupport #newappleupdates,after the new apple updates: the battery life is really go fast and the WiFi is always on! @AppleSupport #newappleupdates,@117189 We'd love to help. Let's work on this together in DM. Start by letting us know what kind of device you are using. https://t.co/GDrqU22YpT,We'd love to help. Let's work on this together in DM. Start by letting us know what kind of device you are using.,2,True
conv_8579,8579,117510,battery_power,"@AppleSupport I bought 2 iPhones X on Friday, but I don’t see any charge on my credit card. Do I should worry or it’s normal?","I bought 2 iPhones X on Friday, but I don’t see any charge on my credit card. Do I should worry or it’s normal?","@117510 Thanks for reaching out to us. Please send us a DM with your country, and we'll look into this. https://t.co/GDrqU22YpT","Thanks for reaching out to us. Please send us a DM with your country, and we'll look into this.",2,True
conv_11096,11096,118093,battery_power,"My battery was at 64% and I restarted my phone and now it’s at 52%. WHAT THE FUCK FIX YOUR SHIT IOS 11!!!

cc: @115858 @AppleSupport",My battery was at 64% and I restarted my phone and now it’s at 52%. WHAT THE FUCK FIX YOUR SHIT IOS 11!!! cc: @115858 @AppleSupport,@118093 We'd like to offer our help. Please shoot us a DM and we'll explore the battery challenge. https://t.co/GDrqU22YpT,We'd like to offer our help. Please shoot us a DM and we'll explore the battery challenge.,4,True
conv_12602,12602,118518,battery_power,@AppleSupport Why do you keep charging my card for FREE apps? Im not happy at all.,Why do you keep charging my card for FREE apps? Im not happy at all.,"@118518 We're here for you. For unrecognized charges, use: https://t.co/taIxXM0mAZ For more help, contact us: https://t.co/SDIe7UiyJN","We're here for you. For unrecognized charges, use: For more help, contact us:",2,True
conv_14212,14212,119014,battery_power,@AppleSupport IOS 11 has been a nightmare since I downloaded it. Battery SOC is all over the board and slower than ever before,IOS 11 has been a nightmare since I downloaded it. Battery SOC is all over the board and slower than ever before,@119014 That should not be happening. We'd be happy to help. Which iOS version are you currently using? You can check in Settings > General > About.,That should not be happening. We'd be happy to help. Which iOS version are you currently using? You can check in Settings > General > About.,2,False
conv_14838,14838,119210,battery_power,@AppleSupport iOS 11 is draining the battery on my iPhone 7 twice as fast as iOS 10. Help!,iOS 11 is draining the battery on my iPhone 7 twice as fast as iOS 10. Help!,@119210 We'd like to gather some more information for better troubleshooting. Can you DM us the country you are located in? https://t.co/GDrqU22YpT,We'd like to gather some more information for better troubleshooting. Can you DM us the country you are located in?,8,True
conv_14867,14867,119217,battery_power,Hey @AppleSupport the new iOS is killing me! Email freezing and horrific battery life. What gives- I can’t even go back to old iOS. Grrrrrr,Hey @AppleSupport the new iOS is killing me! Email freezing and horrific battery life. What gives- I can’t even go back to old iOS. Grrrrrr,@119217 We're here to help. DM us which iOS device you are using to get started. https://t.co/GDrqU22YpT,We're here to help. DM us which iOS device you are using to get started.,2,True
conv_15315,15315,119362,battery_power,"4 hrs w/iOS 11.1, no change in battery consumption @AppleSupport. Thanks anyway. Can we have iOS 10 back @115858?","4 hrs w/iOS 11.1, no change in battery consumption @AppleSupport. Thanks anyway. Can we have iOS 10 back @115858?",@119362 We're sorry to hear you're still having problems. Please DM us and we'll go from there. https://t.co/GDrqU22YpT,We're sorry to hear you're still having problems. Please DM us and we'll go from there.,2,True
conv_15433,15433,119400,battery_power,Anyone else having battery issues in IPhone? Degrading way to fast. @AppleSupport,Anyone else having battery issues in IPhone? Degrading way to fast. @AppleSupport,"@119400 Having a reliable iPhone is important, and we want you to enjoy using it without worrying about battery life. Which iPhone do you have, and what's the iOS version it's currently running? DM us with details here: https://t.co/GDrqU22YpT","Having a reliable iPhone is important, and we want you to enjoy using it without worrying about battery life. Which iPhone do you have, and what's the iOS version it's currently running? DM us with details here:",2,True
conv_25245,25245,121458,battery_power,"@applesupport 11.1 battery.  Hi, I've noticed a significant decrease in battery life since upgrading my SE to IOS 11.  50% less!","11.1 battery. Hi, I've noticed a significant decrease in battery life since upgrading my SE to IOS 11. 50% less!","@121458 Great battery life is part of what gets you and your iPhone through your day, and we want to make sure we get this resolved for you. So we can get started, how long has it been since you've updated? Did this start as soon as you updated? https://t.co/GDrqU22YpT","Great battery life is part of what gets you and your iPhone through your day, and we want to make sure we get this resolved for you. So we can get started, how long has it been since you've updated? Did this start as soon as you updated?",2,True
conv_31485,31485,122946,battery_power,Hey @115858 and @AppleSupport does this improve iOS11's excessive battery consumption? #iOS11 #ios #apple #battery https://t.co/EkBBoM6K2u,Hey @115858 and @AppleSupport does this improve iOS11's excessive battery consumption? #iOS11 #ios #apple #battery,@122946 Update improvements can resolve lots of issues. Learn more about iOS 11.1 here for specifics: https://t.co/iwrxY4BcIv,Update improvements can resolve lots of issues. Learn more about iOS 11.1 here for specifics:,5,True
conv_31860,31860,123035,battery_power,@AppleSupport hey this is the 2nd time I've seen a random $15 charge to my account from itunes on my card and I haven't gotten anything,hey this is the 2nd time I've seen a random $15 charge to my account from itunes on my card and I haven't gotten anything,@123035 We'd want to get you in touch with our iTunes Store support here: https://t.co/SDIe7UiyJN,We'd want to get you in touch with our iTunes Store support here:,2,True
conv_31869,31869,123039,battery_power,@AppleSupport Battery draining in recent updates of iOS 11.1 on my iPhone 6s. Why please fix it as soon as possible,Battery draining in recent updates of iOS 11.1 on my iPhone 6s. Why please fix it as soon as possible,"@123039 We've received your DM, and we'll continue working with you there. https://t.co/GDrqU22YpT","We've received your DM, and we'll continue working with you there.",3,True
conv_31871,31871,123040,battery_power,@AppleSupport please do something about iOS 11's battery drain issue. I literally have my iPhone 6 plugged in and it's still losing power.,please do something about iOS 11's battery drain issue. I literally have my iPhone 6 plugged in and it's still losing power.,@123040 We're here to help. Let's take this to DM so we can better assist you. https://t.co/GDrqU22YpT,We're here to help. Let's take this to DM so we can better assist you.,2,True
conv_33372,33372,123380,battery_power,@AppleSupport Please fix your Siri on iOS 11 cuts out mid sentence it’s very annoying and it eats the battery like there’s no tomorrow!!!!,Please fix your Siri on iOS 11 cuts out mid sentence it’s very annoying and it eats the battery like there’s no tomorrow!!!!,@123380 We're happy to assist. Which iOS 11 version are you currently running? Go to Settings > General > About for the version.,We're happy to assist. Which iOS 11 version are you currently running? Go to Settings > General > About for the version.,5,False
conv_34589,34589,123493,battery_power,"After iPhone update, my battery dies quicker than it charges when using my sleep/alarm app. On 1% when my alarm woke me 😮😡 @AppleSupport","After iPhone update, my battery dies quicker than it charges when using my sleep/alarm app. On 1% when my alarm woke me 😮😡 @AppleSupport",@123493 Send us a DM and let us know what version of iOS 11 you're running. We'll go from there. https://t.co/GDrqU22YpT,Send us a DM and let us know what version of iOS 11 you're running. We'll go from there.,2,True
conv_34622,34622,123504,battery_power,@AppleSupport @115858 After iOS11 the battery is draining very fast. Request you to look into it.,After iOS11 the battery is draining very fast. Request you to look into it.,@123504 We'd like to help. Could you Direct Message us and tell us what iOS version you're on currently? https://t.co/GDrqU22YpT,We'd like to help. Could you Direct Message us and tell us what iOS version you're on currently?,2,True
conv_34627,34627,123506,battery_power,@AppleSupport charging my phone but it’s reducing the battery charge?? Help?!! https://t.co/Ssnoh9ayXN,charging my phone but it’s reducing the battery charge?? Help?!!,@123506 We'd like to help you with this. Are you using the charging cable that came with your iPhone? Have you tried another cable?,We'd like to help you with this. Are you using the charging cable that came with your iPhone? Have you tried another cable?,7,False
conv_34667,34667,123517,battery_power,@AppleSupport - iPhone 6S Plus suddenly losing battery life since yesterday - % goes down by the second. Any ideas on what it might be?,- iPhone 6S Plus suddenly losing battery life since yesterday - % goes down by the second. Any ideas on what it might be?,"@123517 You're very welcome. The first step to resolving this issue, would be to update the iOS 11.1. https://t.co/80YRnjDFDk","You're very welcome. The first step to resolving this issue, would be to update the iOS 11.1.",5,True
conv_34670,34670,123518,battery_power,@AppleSupport my iphones battery drains quickly. any tips. it might just be old though,my iphones battery drains quickly. any tips. it might just be old though,@123518 We'd be happy to help with some battery tips. Let's start with the maximizing tips found here: https://t.co/TpjqFp3jxD,We'd be happy to help with some battery tips. Let's start with the maximizing tips found here:,2,True
conv_35211,35211,123668,battery_power,"@AppleSupport why is the new update savaging my battery please, 100% to 1% in the space of an hour, get ya shit together","why is the new update savaging my battery please, 100% to 1% in the space of an hour, get ya shit together",@123668 That should not be happening. Let us help. DM us more details about this. https://t.co/GDrqU22YpT,That should not be happening. Let us help. DM us more details about this.,2,True
conv_35253,35253,123682,battery_power,@AppleSupport My battery life is a drama for me I work and it turns to 100% yo 80% in five minutes (ios11.0.3) 😫😫😫 Help plz 😰,My battery life is a drama for me I work and it turns to 100% yo 80% in five minutes (ios11.0.3) 😫😫😫 Help plz 😰,"@123682 There's an update to 11.1 now, let's go ahead and do that now: https://t.co/80YRnjDFDk","There's an update to 11.1 now, let's go ahead and do that now:",2,True
conv_35265,35265,123685,battery_power,@AppleSupport why is my iphone not charging? i don’t got time for this shit dawg,why is my iphone not charging? i don’t got time for this shit dawg,"@123685 It's important for your iPhone to charge reliably. To start, check out these steps: https://t.co/uqxquyfdn0","It's important for your iPhone to charge reliably. To start, check out these steps:",2,True
conv_35279,35279,123688,battery_power,"Got burned and scarred with my magsafe charger and Apple didn't give a shit, so I'm switching to Microsoft. @AppleSupport @115858 https://t.co/GivRMgiSWk","Got burned and scarred with my magsafe charger and Apple didn't give a shit, so I'm switching to Microsoft. @AppleSupport @115858",@123688 We want to look into this with you. Send us a DM letting us know more about what happened. https://t.co/GDrqU22YpT,We want to look into this with you. Send us a DM letting us know more about what happened.,2,True
conv_35347,35347,123705,battery_power,"@AppleSupport my iphone 6s is rendered two 2 hours. Drained battery, killed all non used apps and still two hours. #newiosblows","my iphone 6s is rendered two 2 hours. Drained battery, killed all non used apps and still two hours. #newiosblows",@123705 Let's look into what's happening together. Send us a DM telling us the country you're located in to begin. https://t.co/GDrqU22YpT,Let's look into what's happening together. Send us a DM telling us the country you're located in to begin.,2,True
conv_36039,36039,123832,battery_power,I go to send one text and my phone battery went from 56% to 38% ??? @AppleSupport . It has also dropped to 32% while typing this tweet.,I go to send one text and my phone battery went from 56% to 38% ??? @AppleSupport . It has also dropped to 32% while typing this tweet.,@123832 Glad to help. Let us know what iOS is running there let's have a closer look at things.,Glad to help. Let us know what iOS is running there let's have a closer look at things.,4,False
conv_38244,38244,124309,battery_power,@AppleSupport after updating my Apple Watch series 2 to WatchOS 4.1 battery is draining a lot faster.,after updating my Apple Watch series 2 to WatchOS 4.1 battery is draining a lot faster.,"@124309 We're here for you. Send us a DM, and we'll take a closer look at your battery life together. https://t.co/GDrqU22YpT","We're here for you. Send us a DM, and we'll take a closer look at your battery life together.",2,True
conv_39674,39674,124684,battery_power,iOS11.1 update available. Let's hope this sorts the horrific battery life since the last one eh @AppleSupport?,iOS11.1 update available. Let's hope this sorts the horrific battery life since the last one eh @AppleSupport?,"@124683 Battery life is definitely important, and we can help. To start, DM us the iOS version your iPhone is on. https://t.co/GDrqU22YpT","Battery life is definitely important, and we can help. To start, DM us the iOS version your iPhone is on.",3,True
conv_40474,40474,124875,battery_power,@AppleSupport My battery is draining quickly on my iPhone 6s when I use 3G. I lose like 5% a minute. But it’s better when I use my WiFi.,My battery is draining quickly on my iPhone 6s when I use 3G. I lose like 5% a minute. But it’s better when I use my WiFi.,@124875 We've responded to your DM. Look for us there.,We've responded to your DM. Look for us there.,2,True
conv_40478,40478,124877,battery_power,"@AppleSupport hey, we need a new iOS update ASAP. My 6S’s battery life was literally cut almost in half and with less use! Work on it.","hey, we need a new iOS update ASAP. My 6S’s battery life was literally cut almost in half and with less use! Work on it.",@124877 We received your DM and will continue with you from there. Keep an eye out for our response.,We received your DM and will continue with you from there. Keep an eye out for our response.,2,True
conv_40498,40498,124882,battery_power,@124888 @115858 @AppleSupport is there an official fix for the 11.0.3 battery issue? 😰😭😓,is there an official fix for the 11.0.3 battery issue? 😰😭😓,"@124882 If you're having issues with your iPhone battery life, we'd like to help. Update to iOS 11.1 & let us know if that persists after.","If you're having issues with your iPhone battery life, we'd like to help. Update to iOS 11.1 & let us know if that persists after.",21,False
conv_40516,40516,124889,battery_power,"@124890 Não melhorou. PIOROU!
Sai de casa com 100% de bateria e cheguei no trampo com 92%... SEM USAR!
@AppleSupport please, fiX the battery issue!","Não melhorou. PIOROU! Sai de casa com 100% de bateria e cheguei no trampo com 92%... SEM USAR! @AppleSupport please, fiX the battery issue!","@124889 Since our Twitter support is available in English, get help at https://t.co/IBIY3vMgPj or join https://t.co/pvaOFfPbjt","Since our Twitter support is available in English, get help at or join",2,True
conv_40524,40524,124893,battery_power,@AppleSupport is the battery drain using iOS 11.0.2 we’ll know? I can see my battery drain crazy after used on 4G for a couple of min!,is the battery drain using iOS 11.0.2 we’ll know? I can see my battery drain crazy after used on 4G for a couple of min!,"@124893 We're here to help. Let's update to iOS 11.1 as it was recently released. For steps, check out this link: https://t.co/80YRnjDFDk","We're here to help. Let's update to iOS 11.1 as it was recently released. For steps, check out this link:",2,True
conv_41594,41594,125148,battery_power,@AppleSupport Hey guys just upgraded to IOS 11.0.3 Battery drain horrendous on my 6s. NEVER seen it so bad!!! Can you please improve this..😔,Hey guys just upgraded to IOS 11.0.3 Battery drain horrendous on my 6s. NEVER seen it so bad!!! Can you please improve this..😔,@125148 Hi Alice. We've released an update to 11.1. Please navigate to Settings > General > Software Update to install the update.,Hi Alice. We've released an update to 11.1. Please navigate to Settings > General > Software Update to install the update.,6,False
conv_41610,41610,125151,battery_power,@AppleSupport battery life on iOS 11.1 sucks. Really really bad.,battery life on iOS 11.1 sucks. Really really bad.,@125151 Hello. Let's talk via DM and we'll check a few things together. Please tap here to continue? https://t.co/GDrqU22YpT,Hello. Let's talk via DM and we'll check a few things together. Please tap here to continue?,2,True
conv_41617,41617,125154,battery_power,The new #IOS update is killing my battery. Why is this happening? @AppleSupport,The new #IOS update is killing my battery. Why is this happening? @AppleSupport,@125154 Thanks for reaching out to us. Let's work to get that battery life increased. Which version of iOS is currently installed?,Thanks for reaching out to us. Let's work to get that battery life increased. Which version of iOS is currently installed?,4,False
conv_41645,41645,125162,battery_power,iPhone battery went from 100 to 54 in just 40 minutes. I updated the iOS yesterday. What gives? @AppleSupport,iPhone battery went from 100 to 54 in just 40 minutes. I updated the iOS yesterday. What gives? @AppleSupport,@125162 We're here to help. Let's take this to DM so we can better assist you. https://t.co/GDrqU22YpT,We're here to help. Let's take this to DM so we can better assist you.,2,True
conv_41711,41711,125182,battery_power,"@AppleSupport just upgraded to 11.1, and had 50% battery drain on iPhone 6 during my bike ride to work (1 hour).  This is unacceptable","just upgraded to 11.1, and had 50% battery drain on iPhone 6 during my bike ride to work (1 hour). This is unacceptable","@125182 We’d love to help with your battery life. To start, please send us a DM. https://t.co/GDrqU22YpT","We’d love to help with your battery life. To start, please send us a DM.",2,True
conv_42626,42626,125420,battery_power,@AppleSupport just took 6% of my battery to pull up an email for my target in store order. This has been happening since the last update 😡,just took 6% of my battery to pull up an email for my target in store order. This has been happening since the last update 😡,@125420 Have you updated to iOS 11.1 yet? https://t.co/80YRnjDFDk Send us a DM and let us know. https://t.co/GDrqU22YpT,Have you updated to iOS 11.1 yet? Send us a DM and let us know.,3,True
conv_42651,42651,125428,battery_power,@AppleSupport Just wanted to report poor battery life on iPhone 6S following iOS 11.1 update yesterday. Phone also running warmer.,Just wanted to report poor battery life on iPhone 6S following iOS 11.1 update yesterday. Phone also running warmer.,"@125428 We’d love to help with your battery life. To start, please send us a DM. https://t.co/GDrqU22YpT","We’d love to help with your battery life. To start, please send us a DM.",2,True
conv_43192,43192,125565,battery_power,"@AppleSupport I got my iphone 7 9 months ago. Since the ios 11 update I have to charge it twice a day, I get no more than 3/4hs of total usage before battery drains out. I love you apple, but please fix this!","I got my iphone 7 9 months ago. Since the ios 11 update I have to charge it twice a day, I get no more than 3/4hs of total usage before battery drains out. I love you apple, but please fix this!","@125565 We know how important it is to have the battery in your iPhone performing at its best. There can be many factors which influence the battery performance. Let's take a closer look together. Send us a DM, telling us which version of iOS 11 is on your iPhone 7, to begin. https://t.co/GDrqU22YpT","We know how important it is to have the battery in your iPhone performing at its best. There can be many factors which influence the battery performance. Let's take a closer look together. Send us a DM, telling us which version of iOS 11 is on your iPhone 7, to begin.",2,True
conv_43197,43197,125567,battery_power,"Apple can I have the option back for auto brightness, would be fab since my battery is atrocious anyway 👍🏻
@AppleSupport @115858","Apple can I have the option back for auto brightness, would be fab since my battery is atrocious anyway 👍🏻 @AppleSupport @115858","@125567 Auto-Brightness is still available, it's just moved to Settings > General > Accessibility > Display Accommodations.
Also, if you're having issues with your battery, meet us in DM with some details, tell us which country you're in, and we'll take a look with you. https://t.co/GDrqU22YpT","Auto-Brightness is still available, it's just moved to Settings > General > Accessibility > Display Accommodations. Also, if you're having issues with your battery, meet us in DM with some details, tell us which country you're in, and we'll take a look with you.",2,True
conv_43323,43323,125602,battery_power,@AppleSupport is it possible to get a 2011 MacBook Pro battery serviced in store?,is it possible to get a 2011 MacBook Pro battery serviced in store?,@125602 Let's see what we can find out. Send us a DM with the country you're located in.,Let's see what we can find out. Send us a DM with the country you're located in.,2,True
conv_43347,43347,125608,battery_power,@AppleSupport My phone just lost 50% battery in 5 minutes with only Twitter open. It's an iPhone 5 (MD638LL/A) running iOS 10.3.3 (14G60),My phone just lost 50% battery in 5 minutes with only Twitter open. It's an iPhone 5 (MD638LL/A) running iOS 10.3.3 (14G60),@125608 Are you seeing this battery service message? https://t.co/KyywFa9iZ3,Are you seeing this battery service message?,6,True
conv_46578,46578,126348,battery_power,My phone died at 10:30am this morning. I woke up at 6:30am with a full charge. Literally wtf @AppleSupport,My phone died at 10:30am this morning. I woke up at 6:30am with a full charge. Literally wtf @AppleSupport,@126348 We want to help. Tell us more about what's happening in DM. https://t.co/GDrqU22YpT,We want to help. Tell us more about what's happening in DM.,2,True
conv_46584,46584,126351,battery_power,After the new @AppleSupport update my phone loses battery power when it’s plugged in and I look at it 😤😳😡,After the new @AppleSupport update my phone loses battery power when it’s plugged in and I look at it 😤😳😡,"@126351 We're here for you. Send us a DM with your current iOS version, and we'll continue there. https://t.co/GDrqU22YpT","We're here for you. Send us a DM with your current iOS version, and we'll continue there.",2,True
conv_48026,48026,126738,battery_power,كل الناس ما يهمها حاجة الان فى نظام #iOS11 الا تعديل استخدام البطارية we dont care any feature in #iOS11  just need more life for battery @AppleSupport  @124303,كل الناس ما يهمها حاجة الان فى نظام #iOS11 الا تعديل استخدام البطارية we dont care any feature in #iOS11 just need more life for battery @AppleSupport @124303,@126738 We offer support via Twitter in English. Contact us for help in your preferred language here: https://t.co/IBIY3vMgPj,We offer support via Twitter in English. Contact us for help in your preferred language here:,10,True
conv_50044,50044,127204,battery_power,@115858 @AppleSupport my phone’s battery is draining faster after upgrading to ios 11.1. (I have iphone 6s). Please fix this issue asap.😩,my phone’s battery is draining faster after upgrading to ios 11.1. (I have iphone 6s). Please fix this issue asap.😩,@127204 Let's help. Follow up with us in DM. Tell us the current region you reside in there. https://t.co/GDrqU22YpT,Let's help. Follow up with us in DM. Tell us the current region you reside in there.,2,True
conv_50074,50074,127213,battery_power,@AppleSupport What did i wrong? Any version of ios 11 drains my battery. I have to charge It twice a day. Apple please....,What did i wrong? Any version of ios 11 drains my battery. I have to charge It twice a day. Apple please....,@127213 We'd like to help. Check out these steps on how to maximize your battery life: https://t.co/bivpdfBNJ6,We'd like to help. Check out these steps on how to maximize your battery life:,2,True
conv_50082,50082,127217,battery_power,iOS 11.1 on iPhone 6 Battery drain increased. You guys should retire gracefully if you can’t solve simple problem @AppleSupport,iOS 11.1 on iPhone 6 Battery drain increased. You guys should retire gracefully if you can’t solve simple problem @AppleSupport,@127217 Thanks for reaching out to us. We are always happy to help. Send us a DM so we can look into this issue with you there. https://t.co/GDrqU22YpT,Thanks for reaching out to us. We are always happy to help. Send us a DM so we can look into this issue with you there.,4,True
conv_50588,50588,127348,battery_power,@AppleSupport Having some battery issues. Any way to check it?,Having some battery issues. Any way to check it?,@127348 Hey there! This is certainly not the experience we want you to have. You're in great hands for support. Let's look into this together. Please DM us which Apple device you're using. We look forward to speaking with you soon. https://t.co/GDrqU22YpT,Hey there! This is certainly not the experience we want you to have. You're in great hands for support. Let's look into this together. Please DM us which Apple device you're using. We look forward to speaking with you soon.,2,True
conv_50821,50821,127404,battery_power,@AppleSupport IOS new update have some problems. Have to charge the phone 3 times a day. Before it was just once.,IOS new update have some problems. Have to charge the phone 3 times a day. Before it was just once.,@127404 We understand how important battery life is. What is the exact version you updated to? https://t.co/ZTw54HL4Rm,We understand how important battery life is. What is the exact version you updated to?,4,True
conv_52294,52294,127763,battery_power,@AppleSupport @126972 running the app is eating all kinds of extra battery life on my iPhone 7. Didn’t notice it til a couple of days ago,running the app is eating all kinds of extra battery life on my iPhone 7. Didn’t notice it til a couple of days ago,@127763 Let's take a look at this together! Which iOS version is currently on your iPhone?,Let's take a look at this together! Which iOS version is currently on your iPhone?,8,False
conv_52975,52975,127933,battery_power,Ayo @AppleSupport - since updating to iOS11 my 7+ almost always dies around the 17/18% battery mark. Any solutions?,Ayo @AppleSupport - since updating to iOS11 my 7+ almost always dies around the 17/18% battery mark. Any solutions?,@127933 We'd like to take a closer look at your battery issues. DM us and we'll get started. https://t.co/GDrqU22YpT,We'd like to take a closer look at your battery issues. DM us and we'll get started.,2,True
conv_54479,54479,128339,battery_power,"@AppleSupport iOS 11 may be the worst phone update in history. Freezing, not loading, battery draining 50% in less than hour. Awful.","iOS 11 may be the worst phone update in history. Freezing, not loading, battery draining 50% in less than hour. Awful.","@128339 We want to work with to resolve these issue. To get us started, may we have the exact iOS version that's on the iPhone?","We want to work with to resolve these issue. To get us started, may we have the exact iOS version that's on the iPhone?",4,False
conv_55074,55074,119564,battery_power,@AppleSupport is there any way I can check the overall battery health of my 7+?,is there any way I can check the overall battery health of my 7+?,@119564 We'd be happy to assist with any battery related issues you might be experiencing. What's going on?,We'd be happy to assist with any battery related issues you might be experiencing. What's going on?,5,False
conv_55103,55103,128493,battery_power,"@AppleSupport should I update my iPhone to 11.1 cause if I do my battery better last the whole day. My job depends on it, please advise","should I update my iPhone to 11.1 cause if I do my battery better last the whole day. My job depends on it, please advise",@128493 We advise always to keep your device updated for the best expereince.,We advise always to keep your device updated for the best expereince.,8,False
conv_58855,58855,129402,battery_power,"Installed iOS 11.0.3 at @AppleSupport prompt last Fri. Since then battery life is drained, apps won’t load: and you knew this would happen","Installed iOS 11.0.3 at @AppleSupport prompt last Fri. Since then battery life is drained, apps won’t load: and you knew this would happen",@129402 We want you to be able to use you apps and rely on the battery. Let's work on this. What happens when you try to load an app?,We want you to be able to use you apps and rely on the battery. Let's work on this. What happens when you try to load an app?,6,False
conv_59227,59227,129497,battery_power,"This is getting worse - WTF?! You expect a phone for over £500 to work and since your update the screen doesn't work, it keeps jumping all over the place and my battery dies within 3 hours iOS 11 is crap Im serious thinking of chucking this and buying an android ph. @applesupport","This is getting worse - WTF?! You expect a phone for over £500 to work and since your update the screen doesn't work, it keeps jumping all over the place and my battery dies within 3 hours iOS 11 is crap Im serious thinking of chucking this and buying an android ph. @applesupport",@129497 That's not the type of experience that we want you to go through. Please DM us which exact iOS version your device is currently running and we'll go from there. You can locate the version under Settings > General > About. https://t.co/GDrqU22YpT,That's not the type of experience that we want you to go through. Please DM us which exact iOS version your device is currently running and we'll go from there. You can locate the version under Settings > General > About.,2,True
conv_62213,62213,130248,battery_power,@AppleSupport I’ve downloaded the new iPhone update and my battery lasts half as long. What’s going on?!?,I’ve downloaded the new iPhone update and my battery lasts half as long. What’s going on?!?,@130248 We completely understand wanting to have good battery life. How long is the battery lasting on a full charge after the update?,We completely understand wanting to have good battery life. How long is the battery lasting on a full charge after the update?,7,False
conv_62266,62266,130262,battery_power,@AppleSupport any way to check the overall battery health of my iphone?,any way to check the overall battery health of my iphone?,@130262 We would be glad to take a look at this for you. Reach out to us in DM. https://t.co/GDrqU22YpT,We would be glad to take a look at this for you. Reach out to us in DM.,2,True
conv_65015,65015,130909,battery_power,@AppleSupport Please help. My mom's iPhone 6s Plus' battery drains so fast even without using it. It happened after she updated to iOS 11.1.2.,Please help. My mom's iPhone 6s Plus' battery drains so fast even without using it. It happened after she updated to iOS 11.1.2.,@130909 Thanks for reaching out to us. We are always happy to help. Send us a DM so we can look into this issue with you there. https://t.co/GDrqU22YpT,Thanks for reaching out to us. We are always happy to help. Send us a DM so we can look into this issue with you there.,2,True
conv_74555,74555,132699,battery_power,"@AppleSupport 

My iphone just randomly shut off & when I turned it back on it deleted all of my photos...",My iphone just randomly shut off & when I turned it back on it deleted all of my photos...,@132699 We'd love to help look into this and get you back in action. Can you send us a DM with some additional details? https://t.co/GDrqU22YpT,We'd love to help look into this and get you back in action. Can you send us a DM with some additional details?,2,True
conv_81795,81795,127204,battery_power,Does criminal case game or 8 ball pool drains battery? I am at ios 10.3.3 and my phone was 100% when i slept and now it 39%. @AppleSupport @134114 @134115 @115858,Does criminal case game or 8 ball pool drains battery? I am at ios 10.3.3 and my phone was 100% when i slept and now it 39%. @AppleSupport @134114 @134115 @115858,"@127204 We're happy to look into issues concerning your battery. Please DM us your model iPhone and if you've made any changes to it recently; adding new app, adjusting settings, etc. https://t.co/GDrqU2kzhr","We're happy to look into issues concerning your battery. Please DM us your model iPhone and if you've made any changes to it recently; adding new app, adjusting settings, etc.",2,True
conv_81797,81797,134116,battery_power,@AppleSupport hi ! Can we have my battery health on my iPhone 6 checked ?,hi ! Can we have my battery health on my iPhone 6 checked ?,@134116 We are here to help. DM us your iOS version and we can take a look at this for you. https://t.co/GDrqU22YpT,We are here to help. DM us your iOS version and we can take a look at this for you.,2,True
conv_81828,81828,134125,battery_power,"@applesupport The new iOS is horrible. It’s made my iPhone 6 so slow, it’s beyond frustrating to even use. The battery life has been cut by a noticeable difference as well. Two thumbs down. I know I’m not the only person affected by this. When is the fix coming?","The new iOS is horrible. It’s made my iPhone 6 so slow, it’s beyond frustrating to even use. The battery life has been cut by a noticeable difference as well. Two thumbs down. I know I’m not the only person affected by this. When is the fix coming?","@134125 You're in the right place, and we'll do all we can to help. To get started, may we know what iOS 11 version is currently installed? Let us know in DM and we'll continue from there: https://t.co/GDrqU22YpT","You're in the right place, and we'll do all we can to help. To get started, may we know what iOS 11 version is currently installed? Let us know in DM and we'll continue from there:",2,True
conv_81834,81834,134128,battery_power,".@AppleSupport iPhone 6s.  Got new battery as part of last year’s recall. Today shutdown after 15 minute walk in -4C and trying to take picture. When restarted initially 10%. After warming up, and reboot 51% https://t.co/BvO2mJspQI",".@AppleSupport iPhone 6s. Got new battery as part of last year’s recall. Today shutdown after 15 minute walk in -4C and trying to take picture. When restarted initially 10%. After warming up, and reboot 51%",@134128 We want to help. Let's continue in DM. https://t.co/GDrqU22YpT,We want to help. Let's continue in DM.,2,True
conv_81986,81986,134139,battery_power,@AppleSupport IOS 11.1.2 is killing my battery life. Sucks,IOS 11.1.2 is killing my battery life. Sucks,@134139 Thank you for reaching out. We know how important your battery life is. Reach out to us in DM and let us know how long your battery normally lasts in a day and we’ll help. https://t.co/GDrqU22YpT,Thank you for reaching out. We know how important your battery life is. Reach out to us in DM and let us know how long your battery normally lasts in a day and we’ll help.,2,True
conv_81988,81988,134140,battery_power,Okay but why has my iPhone 6 battery been dying 500x faster since installing IOS11?? 🙃 @AppleSupport,Okay but why has my iPhone 6 battery been dying 500x faster since installing IOS11?? 🙃 @AppleSupport,@134140 Thanks for reaching out to us. We are always happy to help. Send us a DM so we can look into your battery issue with you. https://t.co/GDrqU22YpT,Thanks for reaching out to us. We are always happy to help. Send us a DM so we can look into your battery issue with you.,2,True
conv_82004,82004,134147,battery_power,@AppleSupport since I’ve updated to the IOS 11 my battery has been draining to quickly I’ve only been using it for 15 mins& it’s drained,since I’ve updated to the IOS 11 my battery has been draining to quickly I’ve only been using it for 15 mins& it’s drained,"@134147 That's unexpected, but we'd be happy to help. Let's move over to DM. Let us know which iOS version you currently have installed. You can check in Settings > General > About. https://t.co/GDrqU22YpT","That's unexpected, but we'd be happy to help. Let's move over to DM. Let us know which iOS version you currently have installed. You can check in Settings > General > About.",2,True
conv_82006,82006,134148,battery_power,Hey @AppleSupport my friend had her iPhone battery explode and you don't seem to care. Poor form! https://t.co/QJaUpwg7w6,Hey @AppleSupport my friend had her iPhone battery explode and you don't seem to care. Poor form!,"@134148 Thank you for reaching out to us. Please send us a DM, so we can gather more information about this. https://t.co/GDrqU22YpT","Thank you for reaching out to us. Please send us a DM, so we can gather more information about this.",2,True
conv_84217,84217,134523,battery_power,@115858 Also can @AppleSupport please tell me why my one year old iPhone is crapping out and always freezes or dies?!?! This shit didn’t happen when I️ had an Android..... 🤔,Also can @AppleSupport please tell me why my one year old iPhone is crapping out and always freezes or dies?!?! This shit didn’t happen when I️ had an Android..... 🤔,@134523 We would love the opportunity to work with you today to get these issues corrected. Let's begin with finding out which iOS version you are running under Settings > General > About. DM us that version number here: https://t.co/GDrqU22YpT,We would love the opportunity to work with you today to get these issues corrected. Let's begin with finding out which iOS version you are running under Settings > General > About. DM us that version number here:,2,True
conv_84220,84220,134524,battery_power,"Battery life is jumping down in 4% steps while streaming music via Apple Music over LTE to Bluetooth headphones 😮 That can‘t ne normal, @AppleSupport? https://t.co/pmlSAQMupI","Battery life is jumping down in 4% steps while streaming music via Apple Music over LTE to Bluetooth headphones 😮 That can‘t ne normal, @AppleSupport?",@134524 Let's see what's going on. Which version of iOS is it happening on? Reply in DM to get started. https://t.co/GDrqU22YpT,Let's see what's going on. Which version of iOS is it happening on? Reply in DM to get started.,2,True
conv_84265,84265,134540,battery_power,@AppleSupport @116333 Mac air is having problem of liquid spill in motherboard due to which it stops charging Is apple selling defective Macs,Mac air is having problem of liquid spill in motherboard due to which it stops charging Is apple selling defective Macs,"@134540 We'd like to look into this with you to see how we can help. Let us know in DM what country you're located in, and we'll get started: https://t.co/GDrqU22YpT","We'd like to look into this with you to see how we can help. Let us know in DM what country you're located in, and we'll get started:",2,True
conv_86980,86980,135028,battery_power,"@AppleSupport ok, I’ve been using my iPhone for 2 hours it’s gone from 100 to 47% background apps off etc .... why?!! Every day I charge it 3 times at least! #iphone6splus","ok, I’ve been using my iPhone for 2 hours it’s gone from 100 to 47% background apps off etc .... why?!! Every day I charge it 3 times at least! #iphone6splus",@135028 We're here to help. Which iOS version are you currently running? Tap Settings > General > About to find the version number.,We're here to help. Which iOS version are you currently running? Tap Settings > General > About to find the version number.,4,False
conv_86983,86983,135029,battery_power,"It’s unbelievable that @115858, @AppleSupport still haven’t sorted out the battery issues on iOS 11. I almost don’t want to use my phone because of how quickly it drains out. Unacceptable.","It’s unbelievable that @115858, @AppleSupport still haven’t sorted out the battery issues on iOS 11. I almost don’t want to use my phone because of how quickly it drains out. Unacceptable.",@135029 We're always happy to help. What iOS device are you currently using? Let us know in Direct Message and we'll take a look. https://t.co/GDrqU22YpT,We're always happy to help. What iOS device are you currently using? Let us know in Direct Message and we'll take a look.,2,True
conv_2642,2642,116341,network_connectivity,@AppleSupport still no reliable Bluetooth on my iPhone 8+.,still no reliable Bluetooth on my iPhone 8+.,@116341 Thanks for reaching out. DM which Bluetooth device you are trying to connect to so we can help. https://t.co/GDrqU22YpT,Thanks for reaching out. DM which Bluetooth device you are trying to connect to so we can help.,2,True
conv_4879,4879,116855,network_connectivity,@AppleSupport I can’t download songs. Progress icon keeps spinning. On both data + WiFi. Stream works though. Can’t add songs to playlists. https://t.co/x7uUxSqO9u,I can’t download songs. Progress icon keeps spinning. On both data + WiFi. Stream works though. Can’t add songs to playlists.,@116855 We want to help. Does restarting help at all? DM us which iOS version you're on and we'll continue support there. https://t.co/GDrqU22YpT,We want to help. Does restarting help at all? DM us which iOS version you're on and we'll continue support there.,4,True
conv_4906,4906,116855,network_connectivity,@AppleSupport The ‘Overlapping url over TIME on Free WiFi hotspots’ remains. v11.0.3. Not a WiFi problem; two different hotspots shown. https://t.co/81ifcrDUeS,The ‘Overlapping url over TIME on Free WiFi hotspots’ remains. v11.0.3. Not a WiFi problem; two different hotspots shown.,@116855 We'd like to have you backup and update your iPhone to iOS 11.1 and let us know if that helps: https://t.co/ahjigcvFRG,We'd like to have you backup and update your iPhone to iOS 11.1 and let us know if that helps:,4,True
conv_9840,9840,117809,network_connectivity,"@AppleSupport mi iPhone no se puede conectar a la red wifi privadas pero si a las free, que hago 😢","mi iPhone no se puede conectar a la red wifi privadas pero si a las free, que hago 😢",@117809 We offer support via Twitter in English. Get help in Spanish here: https://t.co/IBIY3vMgPj or join https://t.co/OczyRx7IOs,We offer support via Twitter in English. Get help in Spanish here: or join,2,True
conv_13588,13588,118836,network_connectivity,Why do I need a sim card when I’m joined to the WiFi? I’m only using this phone to test websites. @AppleSupport https://t.co/xdINQXPvEX,Why do I need a sim card when I’m joined to the WiFi? I’m only using this phone to test websites. @AppleSupport,"@118836 You'll need to insert a SIM and activate the iPhone, once that's done you can remove the SIM and use the iPhone on Wi-Fi.","You'll need to insert a SIM and activate the iPhone, once that's done you can remove the SIM and use the iPhone on Wi-Fi.",2,False
conv_13949,13949,118932,network_connectivity,@AppleSupport I have updated my WatchOS but cannot stream the radio on LTE  (@115911) . Wi Fi (both tethered and direct from watch) works,I have updated my WatchOS but cannot stream the radio on LTE (@115911) . Wi Fi (both tethered and direct from watch) works,@118932 You're in the right place for help. Let us know in a DM if the issue started randomly or since you first setup the Watch. https://t.co/GDrqU22YpT,You're in the right place for help. Let us know in a DM if the issue started randomly or since you first setup the Watch.,4,True
conv_25424,25424,121503,network_connectivity,@applesupport Bluetooth connection iPhone X to Infiniti is terrible. Garbled and scratchy cutting in and out >30% of time. Didn't happen W iPhone 6!!,Bluetooth connection iPhone X to Infiniti is terrible. Garbled and scratchy cutting in and out >30% of time. Didn't happen W iPhone 6!!,"@121503 We want you to be able to enjoy your iPhone X with your Bluetooth devices. We'll do all we can to help. To start, what iOS version is currently installed? Does this issue occur with any other Bluetooth devices that you connect to?","We want you to be able to enjoy your iPhone X with your Bluetooth devices. We'll do all we can to help. To start, what iOS version is currently installed? Does this issue occur with any other Bluetooth devices that you connect to?",4,False
conv_35213,35213,123669,network_connectivity,@AppleSupport Hola/Hello! I can use the AirPods witch Bluetooth audio transmisor? Any model? This no... https://t.co/ULMExUlaoX,Hola/Hello! I can use the AirPods witch Bluetooth audio transmisor? Any model? This no...,@123669 You'll find more info on compatibilty with your AIrPods at the following link: https://t.co/Kd8IAdG7nA,You'll find more info on compatibilty with your AIrPods at the following link:,2,True
conv_35259,35259,123683,network_connectivity,"@AppleSupport Hi! Although I have full coverage, even with LTE, on my iPhone, I can’t connect to the internet. Can you help me?","Hi! Although I have full coverage, even with LTE, on my iPhone, I can’t connect to the internet. Can you help me?",@123683 We can help you. Could you tell us what happens when you try to connect to the Internet? Do you get an error message?,We can help you. Could you tell us what happens when you try to connect to the Internet? Do you get an error message?,6,False
conv_36109,36109,123854,network_connectivity,@AppleSupport Can’t an iPhone 8 connect to a Bluetooth device using NFC?,Can’t an iPhone 8 connect to a Bluetooth device using NFC?,@123854 Great question. That should work fine.  Are you having any issues there?,Great question. That should work fine. Are you having any issues there?,6,False
conv_38248,38248,124311,network_connectivity,@AppleSupport yesterday I purchased iPhone 6. Trying to connect to PC for copy songs but it’s not recognizing. Please help.,yesterday I purchased iPhone 6. Trying to connect to PC for copy songs but it’s not recognizing. Please help.,@124311 Let's work on this together. Which version of Windows are you using? DM the answer below. https://t.co/GDrqU22YpT,Let's work on this together. Which version of Windows are you using? DM the answer below.,2,True
conv_39670,39670,124682,network_connectivity,@AppleSupport why does my iPhone turn on WiFi and Bluetooth automatically? 😭 #IWantToUseMyData,why does my iPhone turn on WiFi and Bluetooth automatically? 😭 #IWantToUseMyData,@124682 Are you doing it from Control Center? That would just disconnect your devices. Learn more here: https://t.co/G7BHuQnDS6,Are you doing it from Control Center? That would just disconnect your devices. Learn more here:,2,True
conv_42628,42628,125421,network_connectivity,@AppleSupport You have a Homekit bug where some guest users can’t connect to the hub. Support team has not been helpful thus far.,You have a Homekit bug where some guest users can’t connect to the hub. Support team has not been helpful thus far.,@125421 Let's help get this sorted. Please DM us some further details and we can go from there. https://t.co/GDrqU22YpT,Let's help get this sorted. Please DM us some further details and we can go from there.,2,True
conv_56964,56964,128901,network_connectivity,‼️ STOP TURNING ON MY WI-FI ‼️@AppleSupport,‼️ STOP TURNING ON MY WI-FI ‼️@AppleSupport,"@128901 We're glad to help! Please let us know exactly what's going on, and if this addresses your issue: https://t.co/G7BHuQnDS6","We're glad to help! Please let us know exactly what's going on, and if this addresses your issue:",3,True
conv_87038,87038,135049,network_connectivity,"@AppleSupport Hi, there are problems with tvOS 11.2 betas. Apps don't connect to services that uses https. I tested it and For example:
1. Connection to https://t.co/7V1MMp5xt2 doesn't work
2. https://t.co/Xe7nmKrPQS works
More https://t.co/NyTCz6mJGf Could you check it, please?","Hi, there are problems with tvOS 11.2 betas. Apps don't connect to services that uses https. I tested it and For example: 1. Connection to doesn't work 2. works More Could you check it, please?",@135049  We'd want to get you connected with Apple TV support for help.  They can be reached here:   https://t.co/IBIY3vMgPj,We'd want to get you connected with Apple TV support for help. They can be reached here:,2,True
conv_90627,90627,135615,network_connectivity,@AppleSupport Having loads of issues with bluetooth audio streaming since iOS11 in combination with @318 @115888 @135616 updated apps,Having loads of issues with bluetooth audio streaming since iOS11 in combination with @318 @115888 @135616 updated apps,@135615 We'll do everything we can to help out. What version of iOS 11 is running and on what device? Are you having issues connecting to a specific Bluetooth device?,We'll do everything we can to help out. What version of iOS 11 is running and on what device? Are you having issues connecting to a specific Bluetooth device?,6,False
conv_92685,92685,136067,network_connectivity,@AppleSupport Good morning! My iPhone has been unable to join a “captive Wi-Fi network” like you find in many public coffee shops. Can you help?,Good morning! My iPhone has been unable to join a “captive Wi-Fi network” like you find in many public coffee shops. Can you help?,@136067 We're happy to help get this Wi-Fi issue taken care of. Can you tell us which iOS version you are currently using please?,We're happy to help get this Wi-Fi issue taken care of. Can you tell us which iOS version you are currently using please?,4,False
conv_94734,94734,136577,network_connectivity,"Dear @AppleSupport, I get a trouble with #itunesx64. It can not connect with #ip6s at #ios11_2_5. What's wrong?","Dear @AppleSupport, I get a trouble with #itunesx64. It can not connect with #ip6s at #ios11_2_5. What's wrong?","@136577 We're happy to look into these issues with you. To make sure we understand correctly, your iPhone is not recognized by iTunes, is that correct?","We're happy to look into these issues with you. To make sure we understand correctly, your iPhone is not recognized by iTunes, is that correct?",4,False
conv_94751,94751,136581,network_connectivity,@AppleSupport iPhone X Bluetooth connectivity issues with JabraConnect headset. Cuts in and out all the time. Didn’t with my 7+,iPhone X Bluetooth connectivity issues with JabraConnect headset. Cuts in and out all the time. Didn’t with my 7+,@136581 We're here to help. Try these steps and let us know if you still have this issue: https://t.co/JMbUWh4fsj,We're here to help. Try these steps and let us know if you still have this issue:,2,True
conv_94914,94914,136634,network_connectivity,My MacBook prioritized the tethering internet from my #iphoneX over Wifi and @5148 now slows me down to unusable internet speeds. Any advice to circumvent that @AppleSupport ? @136635,My MacBook prioritized the tethering internet from my #iphoneX over Wifi and @5148 now slows me down to unusable internet speeds. Any advice to circumvent that @AppleSupport ? @136635,"@136634 We're happy to look into this with you. Is the MacBook connected with the cable, or through Bluetooth?","We're happy to look into this with you. Is the MacBook connected with the cable, or through Bluetooth?",4,False
conv_96995,96995,137170,network_connectivity,@115858 @AppleSupport the Bluetooth function on my iPhone is super frustrating! I accidentally pressed forget device and now my iPhone is forgetting my wireless headphone forever! I did all reset but still can’t find my device! so frustrating!,the Bluetooth function on my iPhone is super frustrating! I accidentally pressed forget device and now my iPhone is forgetting my wireless headphone forever! I did all reset but still can’t find my device! so frustrating!,@137170 We'd be happy to help you with this.  Let us know in DM the iOS version you're using and the type of Bluetooth headphones. https://t.co/GDrqU22YpT,We'd be happy to help you with this. Let us know in DM the iOS version you're using and the type of Bluetooth headphones.,2,True
conv_97061,97061,137190,network_connectivity,@AppleSupport why tf does my wifi n bluetooth turn on by its self after I turn it off?,why tf does my wifi n bluetooth turn on by its self after I turn it off?,@137190 We want to help. Which version of iOS are you using? You can check in Settings > General > About.,We want to help. Which version of iOS are you using? You can check in Settings > General > About.,6,False
conv_101266,101266,138164,network_connectivity,Hey @AppleSupport my iPhone 7 suddenly stopped working with Apple CarPlay in my brand new car yesterday. Won't connect via bluetooth or USB either. I've done 2 hard resets & tried other troubleshooting to no avail. Can somebody help me or am I switching to Android soon? 🤔,Hey @AppleSupport my iPhone 7 suddenly stopped working with Apple CarPlay in my brand new car yesterday. Won't connect via bluetooth or USB either. I've done 2 hard resets & tried other troubleshooting to no avail. Can somebody help me or am I switching to Android soon? 🤔,@138164 We will do our best to get your CarPlay working again.  Were there any changes on the iPhone recently?  Which iOS version are you using?  You can check under Settings > General > About.,We will do our best to get your CarPlay working again. Were there any changes on the iPhone recently? Which iOS version are you using? You can check under Settings > General > About.,9,False
conv_105330,105330,139260,network_connectivity,Why I can’t turn my WiFi button on? @AppleSupport,Why I can’t turn my WiFi button on? @AppleSupport,"@139260 We'd like to help. Please let us know in DM the device you are using, along with the software version it is running to start: https://t.co/GDrqU22YpT","We'd like to help. Please let us know in DM the device you are using, along with the software version it is running to start:",2,True
conv_105382,105382,139274,network_connectivity,"@AppleSupport 3 updates now and still have not fixed the problem of swiping up and being able to turn off or on WiFi and Bluetooth, why. Samsung is becoming more attractive everyday.","3 updates now and still have not fixed the problem of swiping up and being able to turn off or on WiFi and Bluetooth, why. Samsung is becoming more attractive everyday.","@139274 In iOS 11 and later, when you toggle the Wi-Fi or Bluetooth buttons in Control Center, your device will immediately disconnect from Wi-Fi and Bluetooth accessories. Both Wi-Fi and Bluetooth will continue to be available. More info here: https://t.co/G7BHuQnDS6","In iOS 11 and later, when you toggle the Wi-Fi or Bluetooth buttons in Control Center, your device will immediately disconnect from Wi-Fi and Bluetooth accessories. Both Wi-Fi and Bluetooth will continue to be available. More info here:",6,True
conv_105409,105409,139283,network_connectivity,"Hey @AppleSupport, wanna explain to me why my phone won’t stop turning it’s damn WiFi on? I DONT WANT TO USE IT SO STOP TURNING IT ON","Hey @AppleSupport, wanna explain to me why my phone won’t stop turning it’s damn WiFi on? I DONT WANT TO USE IT SO STOP TURNING IT ON","@139283 We can help! Are you using iOS 11? If so, check the following article for some guidance on how Wi-Fi works in Control Center: https://t.co/G7BHuQnDS6. To turn off Wi-Fi rather than disable it, you'll want to do so via Settings > Wi-Fi. Let us know if that helps!","We can help! Are you using iOS 11? If so, check the following article for some guidance on how Wi-Fi works in Control Center: To turn off Wi-Fi rather than disable it, you'll want to do so via Settings > Wi-Fi. Let us know if that helps!",6,True
conv_107346,107346,139841,network_connectivity,"@AppleSupport umm, why won’t my personal hotspot connect to my laptop? I’ve tried restarting my network settings on my iphone and restarting my laptop but it still doesn’t work. On my laptop, it says “the connection is limited”","umm, why won’t my personal hotspot connect to my laptop? I’ve tried restarting my network settings on my iphone and restarting my laptop but it still doesn’t work. On my laptop, it says “the connection is limited”",@139841 We are here to help. Let's take a look at this. What is your cell coverage like? What is your current iOS version?,We are here to help. Let's take a look at this. What is your cell coverage like? What is your current iOS version?,4,False
conv_107352,107352,139842,network_connectivity,"I swear to god I’m going to throw my iPhone out of frustration. STOP TURNING WIFI BACK ON @AppleSupport I turn it off, it comes back on. Every 5 minutes. It’s fucking annoying not having a phone that works right anymore","I swear to god I’m going to throw my iPhone out of frustration. STOP TURNING WIFI BACK ON @AppleSupport I turn it off, it comes back on. Every 5 minutes. It’s fucking annoying not having a phone that works right anymore","@139842 Are you using Control Center or Settings on your iPhone to turn Wi-Fi off? If you're using Control Center, that works a bit differently in iOS 11: https://t.co/G7BHuQnDS6 Let us know in DM if you have any other questions. https://t.co/GDrqU22YpT","Are you using Control Center or Settings on your iPhone to turn Wi-Fi off? If you're using Control Center, that works a bit differently in iOS 11: Let us know in DM if you have any other questions.",7,True
conv_109091,109091,140213,network_connectivity,"In NYC.Have free data roaming. iPhone keeps losing 3G signal. If I turn airplane mode on and off again, I get 3G for about a minute, then lose it again.

Anyone any ideas for a fix?

@122326 @applesupport","In NYC.Have free data roaming. iPhone keeps losing 3G signal. If I turn airplane mode on and off again, I get 3G for about a minute, then lose it again. Anyone any ideas for a fix? @122326 @applesupport",@140213 We want to help. Please let us know which iPhone model and iOS version you are currently using.,We want to help. Please let us know which iPhone model and iOS version you are currently using.,8,False
conv_112818,112818,141075,network_connectivity,@AppleSupport Mr. Robot won’t load on Apple TV. Getting an endless spinner. Everything else (all other shows and apps) loads fine. Tried restarting and our wifi is working fine. Can you help?,Mr. Robot won’t load on Apple TV. Getting an endless spinner. Everything else (all other shows and apps) loads fine. Tried restarting and our wifi is working fine. Can you help?,@141075 Our Apple TV support can assist with this. Please reach out to them here:   https://t.co/IBIY3vMgPj,Our Apple TV support can assist with this. Please reach out to them here:,2,True
conv_114457,114457,141446,network_connectivity,@AppleSupport My brand new iPhone X won’t connect to ANY of my devices over bluetooth.,My brand new iPhone X won’t connect to ANY of my devices over bluetooth.,@141446 We'd like to help. Let's take this to DM and we'll explore ways to provide you assistance. https://t.co/GDrqU22YpT,We'd like to help. Let's take this to DM and we'll explore ways to provide you assistance.,2,True
conv_119470,119470,142506,network_connectivity,@AppleSupport I didn’t realize that by upgrading from my iPhone 6 to the new iPhone X I was loosing Bluetooth.  Any idea when I can return to life as I know it?,I didn’t realize that by upgrading from my iPhone 6 to the new iPhone X I was loosing Bluetooth. Any idea when I can return to life as I know it?,@142506 We want to help. The iPhone X does have Bluetooth capabilities. Can you tell us a bit about what is happening when you try to use Bluetooth so we can help?,We want to help. The iPhone X does have Bluetooth capabilities. Can you tell us a bit about what is happening when you try to use Bluetooth so we can help?,4,False
conv_119512,119512,142515,network_connectivity,@AppleSupport Hey I'm having trouble with a defective iPhone. It's impossible to pick up signal with this phone. Can you please help me? Thanks!,Hey I'm having trouble with a defective iPhone. It's impossible to pick up signal with this phone. Can you please help me? Thanks!,@142515 We can certainly take a look at this with you. What model iPhone do you have? Are you having these reception issues only while you're in certain areas?,We can certainly take a look at this with you. What model iPhone do you have? Are you having these reception issues only while you're in certain areas?,6,False
conv_120669,120669,142828,network_connectivity,"@AppleSupport Can we please stop this shite where clicking the WiFi button in the control centre doesn’t turn it off? 
Let me choose when I want it to come back!",Can we please stop this shite where clicking the WiFi button in the control centre doesn’t turn it off? Let me choose when I want it to come back!,"@142828 Thanks for reaching out to us for support. The way that works in Control Center has changed. Read more here, and DM if you need more help:

https://t.co/vzVz37YMv0 https://t.co/GDrqU22YpT","Thanks for reaching out to us for support. The way that works in Control Center has changed. Read more here, and DM if you need more help:",3,True
conv_120683,120683,142833,network_connectivity,"My Apple Watch is still not connecting to Wi-Fi. Did everything: forgetting & reconnecting iPhone Wi-Fi, shutting-off devices & Bluetooth, repairing... Wi-Fi network is 2,4Ghz and 11b/g/n. Called French @AppleSupport. They were so lost I decided to get another coffee ☕️. Help?","My Apple Watch is still not connecting to Wi-Fi. Did everything: forgetting & reconnecting iPhone Wi-Fi, shutting-off devices & Bluetooth, repairing... Wi-Fi network is 2,4Ghz and 11b/g/n. Called French @AppleSupport. They were so lost I decided to get another coffee ☕️. Help?","@142833 We're happy to help. Just to make sure we understand, after trying all these steps, your Apple Watch still won't connect to Wi-Fi at all? What iPhone and iOS version do you have? DM us so we can gather additional information to assist you. https://t.co/GDrqU22YpT","We're happy to help. Just to make sure we understand, after trying all these steps, your Apple Watch still won't connect to Wi-Fi at all? What iPhone and iOS version do you have? DM us so we can gather additional information to assist you.",2,True
conv_123728,123728,143665,network_connectivity,"@AppleSupport if i buy the WiFi only iPad, can i later add the cellular package to it?","if i buy the WiFi only iPad, can i later add the cellular package to it?",@143665 The Wi-Fi only models do not have the capability to run cellular. You would need to buy a cellular version to have the option to activate later.,The Wi-Fi only models do not have the capability to run cellular. You would need to buy a cellular version to have the option to activate later.,3,False
conv_127640,127640,144682,network_connectivity,"@144683 See, I don’t get this! It irritates the living CRAP out of me! Why does it say “downloaded” but yet you can’t listen to it without signal? Thought that was the whole deal with podcasts! The ones I listen to delete quickly and then I miss it! Please fix @AppleSupport","See, I don’t get this! It irritates the living CRAP out of me! Why does it say “downloaded” but yet you can’t listen to it without signal? Thought that was the whole deal with podcasts! The ones I listen to delete quickly and then I miss it! Please fix @AppleSupport",@144682 Thanks for reaching out. We're here to help. DM us so we can look into this further with you. https://t.co/GDrqU22YpT,Thanks for reaching out. We're here to help. DM us so we can look into this further with you.,2,True
conv_146810,146810,149330,network_connectivity,@115858 @AppleSupport  Can you Please fix the ios11 CELLULAR data instability problem，This is the worst system I've ever used.... Or if you can't then PLEASE let us go back ios10... :(,Can you Please fix the ios11 CELLULAR data instability problem，This is the worst system I've ever used.... Or if you can't then PLEASE let us go back ios10... :(,"@149330 Let's team up on this. Send us a DM with more information, and the device you're experiencing this on. We'll continue from there. https://t.co/GDrqU22YpT","Let's team up on this. Send us a DM with more information, and the device you're experiencing this on. We'll continue from there.",2,True
conv_148077,148077,149682,network_connectivity,@AppleSupport how do I stop my WiFi from automatically connecting to a network by itself?,how do I stop my WiFi from automatically connecting to a network by itself?,@149682 We're happy to help you with this. Which device are you using?,We're happy to help you with this. Which device are you using?,8,False
conv_148295,148295,149741,network_connectivity,"hi, @AppleSupport how do i get rid of the syncing? symbol next to my wifi. it's been like this for months. https://t.co/9oZQ3nP7TH","hi, @AppleSupport how do i get rid of the syncing? symbol next to my wifi. it's been like this for months.",@149741 Hi there. We're happy to look into this. Is that symbol there intermittently or constantly? Let us know in DM and we'll go from there. https://t.co/GDrqU22YpT,Hi there. We're happy to look into this. Is that symbol there intermittently or constantly? Let us know in DM and we'll go from there.,2,True
conv_149994,149994,150194,network_connectivity,@150195 guys I am seeing low accuracy gps results with Series 3 iWatch as below the return route shows me veering way of course - signal strength was full is this a known issue ? @AppleSupport #iwatchgps #iwatchseries3 https://t.co/P4TYyIvsix,guys I am seeing low accuracy gps results with Series 3 iWatch as below the return route shows me veering way of course - signal strength was full is this a known issue ? @AppleSupport #iwatchgps #iwatchseries3,"@150194 We know how important GPS accuracy is and want to help.  What version of watchOS is on this Apple Watch?  Also, what version is on the iPhone?","We know how important GPS accuracy is and want to help. What version of watchOS is on this Apple Watch? Also, what version is on the iPhone?",6,False
conv_156032,156032,151825,network_connectivity,Why is this happening @115858 @AppleSupport -it happens no matter what WiFi I'm connected to. https://t.co/lh03LofXM4,Why is this happening @115858 @AppleSupport -it happens no matter what WiFi I'm connected to.,@151825 We'd like to help. Let's try removing and downloading the iOS update again as outlined here: https://t.co/Ui1yTnOCUz,We'd like to help. Let's try removing and downloading the iOS update again as outlined here:,4,True
conv_161276,161276,153205,network_connectivity,"@AppleSupport my iPhone 7 Plus is constantly saying no service and has since around lunch time, my SIM card works in other phones but when I put other sims in my phone it still says no service so is obviously my phone and not my sim, what can I do?","my iPhone 7 Plus is constantly saying no service and has since around lunch time, my SIM card works in other phones but when I put other sims in my phone it still says no service so is obviously my phone and not my sim, what can I do?","@153205 Hey there, great job trying out other sim cards to isolate the problem. Were the other sims for your same carrier? Let's try some of the steps in this article like restarting your iPhone and checking for a carrier settings update: https://t.co/5KootZbxj1","Hey there, great job trying out other sim cards to isolate the problem. Were the other sims for your same carrier? Let's try some of the steps in this article like restarting your iPhone and checking for a carrier settings update:",2,True
conv_161317,161317,153220,network_connectivity,Anyone else seeing very bad/broken bluetooth experience on iPhone X? #iphoneX @AppleSupport,Anyone else seeing very bad/broken bluetooth experience on iPhone X? #iphoneX @AppleSupport,@153220 We are here to help. DM us the details of your issue and we can take a look at this. https://t.co/GDrqU22YpT,We are here to help. DM us the details of your issue and we can take a look at this.,2,True
conv_164236,164236,154040,network_connectivity,"@AppleSupport Iphone 5 must be the best iPhone ever made. I am very disappointed with iPhone 6 and 6plus especially when they develop no service, searching network problems that can't be fixed, very disappointed with iPhones","Iphone 5 must be the best iPhone ever made. I am very disappointed with iPhone 6 and 6plus especially when they develop no service, searching network problems that can't be fixed, very disappointed with iPhones",@154040 We understand the importance of being able to have an excellent signal on your phone. We'll do everything that we can to get this sorted. Let's meet in DM here: https://t.co/GDrqU22YpT,We understand the importance of being able to have an excellent signal on your phone. We'll do everything that we can to get this sorted. Let's meet in DM here:,2,True
conv_167281,167281,154898,network_connectivity,"Bonsoir @AppleSupport j’en ai marre que la wifi s’active toute seule et j’ai pas que ça à faire de tout le temps la désactiver, et ça me prend de la batterie bordel !","Bonsoir @AppleSupport j’en ai marre que la wifi s’active toute seule et j’ai pas que ça à faire de tout le temps la désactiver, et ça me prend de la batterie bordel !",@154898 We offer support via Twitter in English. Contact us for help in your preferred language here: https://t.co/IBIY3vMgPj.,We offer support via Twitter in English. Contact us for help in your preferred language here:,2,True
conv_177015,177015,157660,network_connectivity,@AppleSupport I joust got a new phone and none of my apps are downloading... I tried like 10 different WiFi connections and they are just sitting there doing nothing 😭😭😭,I joust got a new phone and none of my apps are downloading... I tried like 10 different WiFi connections and they are just sitting there doing nothing 😭😭😭,"@157660  It's awesome to here when someone gets a new product made by us. We thank you and would love to help! Did you already try restarting the device? If this does not work, what's the device model? Send us a DM.","It's awesome to here when someone gets a new product made by us. We thank you and would love to help! Did you already try restarting the device? If this does not work, what's the device model? Send us a DM.",2,True
conv_177809,177809,157882,network_connectivity,@AppleSupport There might be a bug or flaw in iPhone X and Bluetooth. Keeps disconnecting from my car if not streaming sound from iPhone (ie if the phone is connected but listening to radio...disconnects from car after a minute or so). It’s highly distracting while driving,There might be a bug or flaw in iPhone X and Bluetooth. Keeps disconnecting from my car if not streaming sound from iPhone (ie if the phone is connected but listening to radio...disconnects from car after a minute or so). It’s highly distracting while driving,@157882 We want to help! How long have you been having these issues? Do you have the most recent version of iOS 11.1.2 downloaded? https://t.co/GDrqU22YpT,We want to help! How long have you been having these issues? Do you have the most recent version of iOS 11.1.2 downloaded?,2,True
conv_178705,178705,158112,network_connectivity,"@AppleSupport Please tell me why 1-800-MY-IPHONE isn't working. I keep getting a ""can't connect/disconnected"" message. I really need help.","Please tell me why 1-800-MY-IPHONE isn't working. I keep getting a ""can't connect/disconnected"" message. I really need help.","@158112 You can contact us at 1-800-MY–APPLE (800–692–7753), 7 days a week from 7:00 a.m. to 11:00 p.m. Central time.","You can contact us at 1-800-MY–APPLE (800–692–7753), 7 days a week from 7:00 a.m. to 11:00 p.m. Central time.",2,False
conv_181385,181385,158608,network_connectivity,Not sure what happened but my iPhone totally lost its signal & I was lost for almost 3 hours today with no gps. Anyone else have that issue? Very scary @AppleSupport,Not sure what happened but my iPhone totally lost its signal & I was lost for almost 3 hours today with no gps. Anyone else have that issue? Very scary @AppleSupport,@158608 We'd be happy to take a look into this with you and see what's going on here. Could you please send us a DM with what iOS version you're running so we can get started? https://t.co/GDrqU22YpT,We'd be happy to take a look into this with you and see what's going on here. Could you please send us a DM with what iOS version you're running so we can get started?,2,True
conv_185524,185524,159633,network_connectivity,@AppleSupport since the day of my forceps operation 20 Sept I haven’t had any phone signal.Confirmed it’s not a SIM issue.plz help me!,since the day of my forceps operation 20 Sept I haven’t had any phone signal.Confirmed it’s not a SIM issue.plz help me!,@159633 Thanks for reaching out to us. We'd like to help you and look into this further. Please DM us to continue working on this. https://t.co/GDrqU22YpT,Thanks for reaching out to us. We'd like to help you and look into this further. Please DM us to continue working on this.,2,True
conv_188445,188445,160221,network_connectivity,@AppleSupport wifi is always turn on #iOS11,wifi is always turn on #iOS11,"@160221 We'd be glad to help with that. We have changed how you turn off Wi-Fi, you’ll find the steps here: https://t.co/G7BHuQnDS6","We'd be glad to help with that. We have changed how you turn off Wi-Fi, you’ll find the steps here:",2,True
conv_193614,193614,161521,network_connectivity,"@AppleSupport help pls!
My new iPhone 7 is connected to a cellular network, but cellular data isn’t working. Tried off/on & network reset.","help pls! My new iPhone 7 is connected to a cellular network, but cellular data isn’t working. Tried off/on & network reset.","@161521 We can help! To confirm, you can use cellular services, but you are unable to use any data related services? Any errors?","We can help! To confirm, you can use cellular services, but you are unable to use any data related services? Any errors?",10,False
conv_195943,195943,162092,network_connectivity,"@AppleSupport The new updates leave WiFi on in settings, even tho you swipe up and turn it off. Please fix.","The new updates leave WiFi on in settings, even tho you swipe up and turn it off. Please fix.",@162092 We're here for you! Learn more about turning Wi-Fi on/off in the Control Center with iOS 11 here: https://t.co/G7BHuQnDS6,We're here for you! Learn more about turning Wi-Fi on/off in the Control Center with iOS 11 here:,2,True
conv_208920,208920,165441,network_connectivity,@AppleSupport I have cellular data turned off on my iPad. How do I stop the constant notifications asking me to sign up for a data plan?,I have cellular data turned off on my iPad. How do I stop the constant notifications asking me to sign up for a data plan?,@165441 Let’s take a closer look at this with you. Please let us know which iPad model you have in DM to proceed. https://t.co/GDrqU22YpT,Let’s take a closer look at this with you. Please let us know which iPad model you have in DM to proceed.,8,True
conv_208926,208926,165442,network_connectivity,Ummm... @AppleSupport why is my phone downloading auto updates for apps when WiFi is off???? iPhone 6s Plus. https://t.co/QIfDupFPrq,Ummm... @AppleSupport why is my phone downloading auto updates for apps when WiFi is off???? iPhone 6s Plus.,@165442  We'd like to look into this with you. Which version of iOS are you using? Find that by going to Settings > General > About.,We'd like to look into this with you. Which version of iOS are you using? Find that by going to Settings > General > About.,6,False
conv_209084,209084,165491,network_connectivity,Hey @AppleSupport why can’t I add a toggle for airdrop to my “customizable” control center? I have to dig into settings just to find it,Hey @AppleSupport why can’t I add a toggle for airdrop to my “customizable” control center? I have to dig into settings just to find it,@165491 We’d like to help. What happens when you try use AirDrop with your MacBook? Let us know in DM. https://t.co/GDrqU22YpT,We’d like to help. What happens when you try use AirDrop with your MacBook? Let us know in DM.,3,True
conv_211282,211282,166047,network_connectivity,@AppleSupport Watch series 3 has data plan and keeps changing from having a plan and connection to “no cellular plan”,Watch series 3 has data plan and keeps changing from having a plan and connection to “no cellular plan”,"@166047 Reach out to us via DM, then we can take a look in to this issue with you from there. https://t.co/GDrqU22YpT","Reach out to us via DM, then we can take a look in to this issue with you from there.",2,True
conv_215384,215384,167178,network_connectivity,@AppleSupport @318 yall ruined my podcast experience with ios11. My Bluetooth headset connects with music and doesn't let me pause,yall ruined my podcast experience with ios11. My Bluetooth headset connects with music and doesn't let me pause,"@167178 Which Bluetooth headset are you using with iOS 11? Also, which device does this occur on? Let us know, we'd like to help.","Which Bluetooth headset are you using with iOS 11? Also, which device does this occur on? Let us know, we'd like to help.",4,False
conv_215419,215419,167187,network_connectivity,Have a new iPhone 8 and it’s unusable since #ios11update @AppleSupport WiFi connects but nothing loads #fail,Have a new iPhone 8 and it’s unusable since #ios11update @AppleSupport WiFi connects but nothing loads #fail,@167187 Let’s see what we can find out. Which version of iOS 11 are you running currently? Have you tested on multiple Wi-Fi networks?,Let’s see what we can find out. Which version of iOS 11 are you running currently? Have you tested on multiple Wi-Fi networks?,4,False
conv_215825,215825,167327,network_connectivity,I have an iPhone that refuses to connect to WiFi even though it’s inches away from the router! 😡😡. 2 expensive 2 b this crap. @AppleSupport,I have an iPhone that refuses to connect to WiFi even though it’s inches away from the router! 😡😡. 2 expensive 2 b this crap. @AppleSupport,@167327 We'd like to help out with your Wi-Fi. Follow the steps in this article and let us know how it goes: https://t.co/2NrOWKKcvY,We'd like to help out with your Wi-Fi. Follow the steps in this article and let us know how it goes:,9,True
conv_225109,225109,169776,network_connectivity,"@AppleSupport Hello. My iPhone X arrived today and it's great! However, the wifi signal keeps dropping despite still displaying the wifi bars. This has resulted in me unknowingly using 1.3GB of my data because I thought it was on WiFi. Any suggestions?","Hello. My iPhone X arrived today and it's great! However, the wifi signal keeps dropping despite still displaying the wifi bars. This has resulted in me unknowingly using 1.3GB of my data because I thought it was on WiFi. Any suggestions?","@169776   We are always excited to hear when someone receives one of our products. Did you toggle off the Wi-Fi via Control Center? You can do this, but you may want to check out the new functions iOS 11 brings to Control Center here: https://t.co/vzVz37YMv0","We are always excited to hear when someone receives one of our products. Did you toggle off the Wi-Fi via Control Center? You can do this, but you may want to check out the new functions iOS 11 brings to Control Center here:",10,True
conv_229215,229215,170664,network_connectivity,"@170666 I keep losing data connection. Cellular is fine, just data. @AppleSupport why is this happening?","I keep losing data connection. Cellular is fine, just data. @AppleSupport why is this happening?",@170664 Let's look into this together! Could you tell us which iPhone and iOS version you're using?,Let's look into this together! Could you tell us which iPhone and iOS version you're using?,13,False
conv_235818,235818,172168,network_connectivity,@AppleSupport podcast connect service is down for me. I post my podcast every week on thursday--what can I do to resolve this?,podcast connect service is down for me. I post my podcast every week on thursday--what can I do to resolve this?,@172168 Hi. For issues posting your Podcast reach out here: https://t.co/CCmV21iDxK,Hi. For issues posting your Podcast reach out here:,2,True
conv_236410,236410,172307,network_connectivity,@AppleSupport @116333 with Watch is 4.0.1 I always get the Red Cross :( signal is far to weak on new watch. I may return it back to store https://t.co/3HM9Ev9gUk,with Watch is 4.0.1 I always get the Red Cross :( signal is far to weak on new watch. I may return it back to store,@172307 Thanks for reaching out to us. Go ahead and DM us and we can certainly look into this with you further. https://t.co/GDrqU22YpT,Thanks for reaching out to us. Go ahead and DM us and we can certainly look into this with you further.,2,True
conv_237547,237547,172561,network_connectivity,"Why does my wifi & bt still turned on even i turned em off in control center, it drains my batt ios11.1 @AppleSupport","Why does my wifi & bt still turned on even i turned em off in control center, it drains my batt ios11.1 @AppleSupport","@172561 Great question! To disable Wi-Fi and Bluetooth, you must visit Settings. Learn more here: https://t.co/G7BHuQnDS6","Great question! To disable Wi-Fi and Bluetooth, you must visit Settings. Learn more here:",3,True
conv_237848,237848,172610,network_connectivity,@AppleSupport se disattivo Bluetooth e Wi-fi da “Centro di controllo” in “Impostazioni” risultano sempre attivi. Perché? #iOS11 #problemi,se disattivo Bluetooth e Wi-fi da “Centro di controllo” in “Impostazioni” risultano sempre attivi. Perché? #iOS11 #problemi,@172610 We offer support via Twitter in English. Contact us for help in your preferred language here: https://t.co/IBIY3vMgPj,We offer support via Twitter in English. Contact us for help in your preferred language here:,3,True
conv_238752,238752,172791,network_connectivity,So why does Wi-Fi and Bluetooth automatically come on after airplane models turned off @applesupport #jokephone,So why does Wi-Fi and Bluetooth automatically come on after airplane models turned off @applesupport #jokephone,"@172791 We're here to help. Are you turning off Wi-Fi and Bluetooth in the Control Center, or through Settings on your device?","We're here to help. Are you turning off Wi-Fi and Bluetooth in the Control Center, or through Settings on your device?",6,False
conv_243322,243322,173783,network_connectivity,My question was: Why keep the wi-fi (and Bluetooth) going on once I switched them off? @AppleSupport https://t.co/shktfG16s4,My question was: Why keep the wi-fi (and Bluetooth) going on once I switched them off? @AppleSupport,@173783 We recommend checking out this link for more info on Bluetooth and Wi-Fi: https://t.co/G7BHuQnDS6,We recommend checking out this link for more info on Bluetooth and Wi-Fi:,4,True
conv_244707,244707,174123,network_connectivity,I’m seeing this as well. #iOS11 keeps turning on #WiFi automatically after you turn it off which is really irritating @115858 @AppleSupport https://t.co/HfPPsiA15v,I’m seeing this as well. #iOS11 keeps turning on #WiFi automatically after you turn it off which is really irritating @115858 @AppleSupport,"@174123 We're here to help! When turning off Wi-Fi, are you going into Settings > Wi-Fi or using the Control Center?","We're here to help! When turning off Wi-Fi, are you going into Settings > Wi-Fi or using the Control Center?",6,False
conv_245366,245366,174258,network_connectivity,@AppleSupport Subscribed to Apple Music yesterday. Downloaded songs but they don’t play offline in a car but do with no WiFi at home.,Subscribed to Apple Music yesterday. Downloaded songs but they don’t play offline in a car but do with no WiFi at home.,@174258 We certainly want you to be able to enjoy your music offline as well. What happens when you try to play them offline?,We certainly want you to be able to enjoy your music offline as well. What happens when you try to play them offline?,4,False
conv_245370,245370,158584,network_connectivity,@AppleSupport can I call and iMessage on apple watch without iPhone connected and without cellular plan on wifi connection only,can I call and iMessage on apple watch without iPhone connected and without cellular plan on wifi connection only,@158584 Which Apple Watch are you using? You can see what options are available on Wi-Fi on here: https://t.co/xZKvlmfdD9,Which Apple Watch are you using? You can see what options are available on Wi-Fi on here:,6,True
conv_245969,245969,174420,network_connectivity,Anyone having issues sending iMessages over Cellular Data after going to 11.0.2 @AppleSupport,Anyone having issues sending iMessages over Cellular Data after going to 11.0.2 @AppleSupport,@174420 We're happy to help. What happens when you try sending an iMessage?,We're happy to help. What happens when you try sending an iMessage?,8,False
conv_247581,247581,174828,network_connectivity,"@AppleSupport please fix bugs in ios11, when i turn off airplane mode, it turns on wifi and bluetooth unintendedly, they were off before","please fix bugs in ios11, when i turn off airplane mode, it turns on wifi and bluetooth unintendedly, they were off before",@174828 We would like to take a closer look at this with you.  Please send us a DM so we can assist. https://t.co/GDrqU22YpT,We would like to take a closer look at this with you. Please send us a DM so we can assist.,2,True
conv_248739,248739,175092,network_connectivity,Why does my phone keep automatically turning on WiFi and Bluetooth even when I manually turn them off 😤 @AppleSupport,Why does my phone keep automatically turning on WiFi and Bluetooth even when I manually turn them off 😤 @AppleSupport,"@175092 Are you using Control Center to turn them off? If so, check out how the new features work here: https://t.co/G7BHuQFeJE","Are you using Control Center to turn them off? If so, check out how the new features work here:",4,True
conv_249201,249201,175203,network_connectivity,@AppleSupport any ideas why my #iPhone8Plus is having WiFi issues?! Constantly having to disconnect and reconnect!,any ideas why my #iPhone8Plus is having WiFi issues?! Constantly having to disconnect and reconnect!,@175203 We want to help out. Have you taken a look at these steps here? https://t.co/G7BHuQnDS6,We want to help out. Have you taken a look at these steps here?,6,True
conv_249203,249203,175204,network_connectivity,@AppleSupport Can I connect two iPhones on my apple watch?,Can I connect two iPhones on my apple watch?,@175204 Great question! You can only connect 1 iPhone. Learn more here: https://t.co/RDR6c1ZI40,Great question! You can only connect 1 iPhone. Learn more here:,2,True
conv_250729,250729,128696,network_connectivity,@AppleSupport #iOS11 is it just me or anyone else facing the issue where the Bluetooth turns on automatically? #appleios11,#iOS11 is it just me or anyone else facing the issue where the Bluetooth turns on automatically? #appleios11,@128696 We're here to help. Would you please tell us which iOS device are you using?,We're here to help. Would you please tell us which iOS device are you using?,3,False
conv_257192,257192,177169,network_connectivity,"@AppleSupport what’s the point of having Apple TV in the control panel if it doesn’t work, I still can’t connect it https://t.co/dPKDsVB4L7","what’s the point of having Apple TV in the control panel if it doesn’t work, I still can’t connect it",@177169 We'd love to help! Which model of Apple TV are you trying to connect to? The app works with Apple TV 4K and Apple TV 4th gen.,We'd love to help! Which model of Apple TV are you trying to connect to? The app works with Apple TV 4K and Apple TV 4th gen.,2,False
conv_259448,259448,177700,network_connectivity,@115858 @AppleSupport #iOS11 Quisiera activar/desactivar wifi y bluetooth cd yo quiero y no cd le da la gana a mi #iphone #AsiNoActualizo 😡🙌🏼,#iOS11 Quisiera activar/desactivar wifi y bluetooth cd yo quiero y no cd le da la gana a mi #iphone #AsiNoActualizo 😡🙌🏼,@177700 We offer support via Twitter in English. Get help in Spanish here: https://t.co/IBIY3w3RGR or join https://t.co/OczyRxpjG0,We offer support via Twitter in English. Get help in Spanish here: or join,2,True
conv_261350,261350,178228,network_connectivity,@AppleSupport holy crap the WiFi issue on iOS11 is annoyingly horrible. Can I revert back to 10?,holy crap the WiFi issue on iOS11 is annoyingly horrible. Can I revert back to 10?,@178228 We're here to help with your Wi-Fi issue. Can you provide us with more details?,We're here to help with your Wi-Fi issue. Can you provide us with more details?,5,False
conv_283598,283598,183558,network_connectivity,@AppleSupport needs to tell me why only their phones are kicking me off of wifi but my laptop is perfectly fine.,needs to tell me why only their phones are kicking me off of wifi but my laptop is perfectly fine.,@183558 We can help with Wi-Fi.  How many devices are having issues?  Is this a home network?,We can help with Wi-Fi. How many devices are having issues? Is this a home network?,8,False
conv_284930,284930,183881,network_connectivity,latest software 11.2 is good but thr is Sml problem dat wifi remains on even it’s off at shortcut pls advise @AppleSupport @13965,latest software 11.2 is good but thr is Sml problem dat wifi remains on even it’s off at shortcut pls advise @AppleSupport @13965,"@183881 This is actually expected behavior in iOS 11's Control Center. For more info, check out: https://t.co/G7BHuQnDS6","This is actually expected behavior in iOS 11's Control Center. For more info, check out:",2,True
conv_3764,3764,116621,device_performance,not only does my phone keep freezing but when i screenshot things it turns out white... really not liking this iphone 8 plus @AppleSupport,not only does my phone keep freezing but when i screenshot things it turns out white... really not liking this iphone 8 plus @AppleSupport,@116621 Let's look at this together. Are you updated to iOS 11.1?,Let's look at this together. Are you updated to iOS 11.1?,4,False
conv_6928,6928,117186,device_performance,@AppleSupport my iPhone is a fully up to date so why does my phone keep freezing 🙃???,my iPhone is a fully up to date so why does my phone keep freezing 🙃???,"@117186 We want to help in any way we can. Which iPhone are you using? Let us know in DM, and we’ll work with you there. https://t.co/GDrqU22YpT","We want to help in any way we can. Which iPhone are you using? Let us know in DM, and we’ll work with you there.",2,True
conv_8313,8313,117459,device_performance,@AppleSupport i have 256 hd and timemachine/system is taking up 150gb of space. I only have 25gb free. Is it suppose to work like this?,i have 256 hd and timemachine/system is taking up 150gb of space. I only have 25gb free. Is it suppose to work like this?,@117459 Thanks for reaching out to us. We're happy to help out. We recommend checking out this link: https://t.co/03O2CionXW,Thanks for reaching out to us. We're happy to help out. We recommend checking out this link:,6,True
conv_13224,13224,118724,device_performance,@AppleSupport MacOS Sierra is taking up over 100G of my 120G SSD. Why does it take up that much space and can I do anything about it?,MacOS Sierra is taking up over 100G of my 120G SSD. Why does it take up that much space and can I do anything about it?,@118724 Let's team up in DM and determine how we can clear up this space. You can reach us at the link below. https://t.co/GDrqU22YpT,Let's team up in DM and determine how we can clear up this space. You can reach us at the link below.,2,True
conv_14326,14326,119051,device_performance,"Updated my phone last night & now its stuck in headphone mode, cant hear anything on video, FaceTime & call sound goes in&out @AppleSupport","Updated my phone last night & now its stuck in headphone mode, cant hear anything on video, FaceTime & call sound goes in&out @AppleSupport",@119051 We'd like to help. Let's take this to DM and we'll explore ways to provide you assistance. https://t.co/GDrqU22YpT,We'd like to help. Let's take this to DM and we'll explore ways to provide you assistance.,2,True
conv_18886,18886,120221,device_performance,@AppleSupport my Apple Watch has been like this for 2 days any suggestions. Also tried to do a reboot but to no avail. https://t.co/06IgjQuApq,my Apple Watch has been like this for 2 days any suggestions. Also tried to do a reboot but to no avail.,"@120221 Thanks for the photo, and for reaching out to us. We'll do all we can to get your Apple Watch up and running for you. 

We'd like a few details from you in order to assist. Please meet us in DM so we may ask some isolation questions, and resolve your issue. https://t.co/GDrqU22YpT","Thanks for the photo, and for reaching out to us. We'll do all we can to get your Apple Watch up and running for you. We'd like a few details from you in order to assist. Please meet us in DM so we may ask some isolation questions, and resolve your issue.",2,True
conv_18892,18892,120223,device_performance,"@AppleSupport 
@115858 

My iphone 7 stuck on apple logo and keep rebooting , What can i do to fix it without losing any data !","My iphone 7 stuck on apple logo and keep rebooting , What can i do to fix it without losing any data !","@120223 That is not the experience we want you to have. Let's work as a team to get the iPhone up and running. First, we will need to gather more information. Please DM us the iOS version and what was happening before the device began restarting. https://t.co/GDrqU22YpT","That is not the experience we want you to have. Let's work as a team to get the iPhone up and running. First, we will need to gather more information. Please DM us the iOS version and what was happening before the device began restarting.",2,True
conv_20022,20022,120401,device_performance,@AppleSupport 12/9TB of storage completely unusable and what happened to the data? What’s up Apple? 2/2 https://t.co/Ai8NLzzcVB,12/9TB of storage completely unusable and what happened to the data? What’s up Apple? 2/2,@120401 We'll be happy to see how we can help. Which Mac are you using this with?,We'll be happy to see how we can help. Which Mac are you using this with?,3,False
conv_23117,23117,121033,device_performance,"@AppleSupport Hi, it looks like I can no longer set the Podcasts app to only keep two recent episodes, and now a bunch of my podcasts are piling up and eating up my storage. Am I missing something or is this setting gone forever?","Hi, it looks like I can no longer set the Podcasts app to only keep two recent episodes, and now a bunch of my podcasts are piling up and eating up my storage. Am I missing something or is this setting gone forever?","@121033 Thanks for the question. You can navigate to Settings > Podcasts and set the download feature to manual. This will keep episodes from downloading until you are ready. Also, you can set it up to delete played episodes.","Thanks for the question. You can navigate to Settings > Podcasts and set the download feature to manual. This will keep episodes from downloading until you are ready. Also, you can set it up to delete played episodes.",6,False
conv_32398,32398,123180,device_performance,"@AppleSupport I’m late to the complaining party, but y’all I keep having to restart my phone just to make a call 🙄","I’m late to the complaining party, but y’all I keep having to restart my phone just to make a call 🙄",@123180 Thanks for reaching out; we'd like to help. When did you first encounter this issue?,Thanks for reaching out; we'd like to help. When did you first encounter this issue?,2,False
conv_34586,34586,123492,device_performance,@applesupport The latest version of iTunes for Windows keeps asking for my password and sometimes gets stuck in a loop.,The latest version of iTunes for Windows keeps asking for my password and sometimes gets stuck in a loop.,@123492 We'd like to help. Please confirm the iTunes version number you have installed now to get started.,We'd like to help. Please confirm the iTunes version number you have installed now to get started.,4,False
conv_35314,35314,123696,device_performance,"@AppleSupport why does the podcast app freeze up and not work, constantly?","why does the podcast app freeze up and not work, constantly?",@123696 Thanks for reaching out. DM which iPhone and specific iOS version you are using to get started. https://t.co/GDrqU22YpT,Thanks for reaching out. DM which iPhone and specific iOS version you are using to get started.,2,True
conv_36050,36050,123836,device_performance,@123837 @123838 I’m also stuck on 10.13.1 beta (17B46a) and won’t show 10.13.1 final to show in App Store updates. @AppleSupport https://t.co/E3NWeZ45MP,I’m also stuck on 10.13.1 beta (17B46a) and won’t show 10.13.1 final to show in App Store updates. @AppleSupport,"@123836 We want you to be able to update your Mac.  Please send us a DM, so we can take a closer look. https://t.co/GDrqU22YpT","We want you to be able to update your Mac. Please send us a DM, so we can take a closer look.",2,True
conv_36084,36084,123848,device_performance,"@115858 @AppleSupport @116333 What Is going on with the #Iphone, it is very unresponsive and has a lot of lag #iphone6SPlus and #iphone8","What Is going on with the #Iphone, it is very unresponsive and has a lot of lag #iphone6SPlus and #iphone8",@123848 We'd be more than happy to look into this with you. What version of iOS are you using and are your apps up-to-date?,We'd be more than happy to look into this with you. What version of iOS are you using and are your apps up-to-date?,5,False
conv_36126,36126,123859,device_performance,"@AppleSupport  fix my phone, just bc y’all got a new phone out doesn’t mean everyone’s 7+ needs to freeze constantly and shit.","fix my phone, just bc y’all got a new phone out doesn’t mean everyone’s 7+ needs to freeze constantly and shit.",@123859 We want you to enjoy using your iPhone. Does the iPhone become unresponsive when using certain apps?,We want you to enjoy using your iPhone. Does the iPhone become unresponsive when using certain apps?,4,False
conv_36643,36643,123982,device_performance,@AppleSupport any possibility to do that without completely wiping the memory? Thanks! 2/2,any possibility to do that without completely wiping the memory? Thanks! 2/2,@123982 We're so sorry for your loss. Let's continue chatting via DM so we can take a look at the best options. https://t.co/GDrqU2kzhr,We're so sorry for your loss. Let's continue chatting via DM so we can take a look at the best options.,2,True
conv_38227,38227,124304,device_performance,"@1756 @115858 Mine is shite mate....crashing, turning itself off, apps randomly freezing, won’t let me call anyone @115858 @AppleSupport","Mine is shite mate....crashing, turning itself off, apps randomly freezing, won’t let me call anyone @115858 @AppleSupport",@124304 We'd like to look into this with you. When did these issues begin? Tell us in a DM. https://t.co/GDrqU22YpT,We'd like to look into this with you. When did these issues begin? Tell us in a DM.,2,True
conv_39601,39601,124659,device_performance,Dear @AppleSupport – please do something about #iOS11 on the #iPhone6... it get's damn hot and is terribly slow during #AppStore updates 🔥,Dear @AppleSupport – please do something about #iOS11 on the #iPhone6... it get's damn hot and is terribly slow during #AppStore updates 🔥,@124659 We want to know more about what you're experiencing. Are these issues only happening when using the App Store? Which iOS are you on?,We want to know more about what you're experiencing. Are these issues only happening when using the App Store? Which iOS are you on?,2,False
conv_39648,39648,124676,device_performance,My phone will not stop freezing @AppleSupport,My phone will not stop freezing @AppleSupport,"@124676 We're glad to help. To start, what version of iOS are you currently running? Find that in Settings > General > About.","We're glad to help. To start, what version of iOS are you currently running? Find that in Settings > General > About.",2,False
conv_40449,40449,124865,device_performance,@AppleSupport 6sPlus freezes.hangs evry nw n thn.nt able 2 mltitsk. Apps freeze n i hv 2 restrt evry tym. Takng 2 long 2 opn apps. Frustrtd,6sPlus freezes.hangs evry nw n thn.nt able 2 mltitsk. Apps freeze n i hv 2 restrt evry tym. Takng 2 long 2 opn apps. Frustrtd,"@124865 Hi. We are here to help. To get started, what is your iOS version? Go to Settings > General > About. Thanks","Hi. We are here to help. To get started, what is your iOS version? Go to Settings > General > About. Thanks",4,False
conv_41562,41562,125137,device_performance,"@AppleSupport any way at all of reducing the amount of storage Mail takes up on your hard disk? “Load remote content” is off. I also have a 125GB MacBook Air 😩. The only actual files on my computer are mail files, literally everything else is on DropBox","any way at all of reducing the amount of storage Mail takes up on your hard disk? “Load remote content” is off. I also have a 125GB MacBook Air 😩. The only actual files on my computer are mail files, literally everything else is on DropBox",@125137 Which version of macOS is running on your MacBook Air? Send us a DM and let us know. https://t.co/GDrqU22YpT,Which version of macOS is running on your MacBook Air? Send us a DM and let us know.,4,True
conv_41713,41713,125183,device_performance,"It’s become too slow ,apps not working properly @AppleSupport","It’s become too slow ,apps not working properly @AppleSupport",@125183 Let's get you back to enjoying your device. What kind of Apple device are you using? https://t.co/GDrqU22YpT,Let's get you back to enjoying your device. What kind of Apple device are you using?,2,True
conv_42604,42604,125414,device_performance,Hey @115858 and @applesupport how can I have 150gb of space left and be full at the same time?  #confused https://t.co/6lmQTll0pG,Hey @115858 and @applesupport how can I have 150gb of space left and be full at the same time? #confused,@125414 We want you to be able to fully utilize your storage. What version of macOS is on your Mac? https://t.co/aTSJR8BjEc,We want you to be able to fully utilize your storage. What version of macOS is on your Mac?,4,True
conv_42618,42618,125418,device_performance,@AppleSupport my iPhone 8 lock screen music controls always freeze specifically the elapsed time of a song I can still control. Visual bug,my iPhone 8 lock screen music controls always freeze specifically the elapsed time of a song I can still control. Visual bug,@125418 We're happy to assist. Which iOS version are you currently running? Go to Settings > General > About for the version.,We're happy to assist. Which iOS version are you currently running? Go to Settings > General > About for the version.,4,False
conv_43334,43334,125605,device_performance,Hey @115858 @AppleSupport why does High Sierra keep crashing my Mac? its crashed 6 times in a day so far.,Hey @115858 @AppleSupport why does High Sierra keep crashing my Mac? its crashed 6 times in a day so far.,@125605 That shouldn't be happening. Let's help. Which version of macOS High Sierra are you using? What happens when it crashes?,That shouldn't be happening. Let's help. Which version of macOS High Sierra are you using? What happens when it crashes?,6,False
conv_43353,43353,125609,device_performance,Why is my phone still freezing like that’s its job? @AppleSupport,Why is my phone still freezing like that’s its job? @AppleSupport,"@125609 Let's help get this resolved. To get started, does this happen completely at random or when using specific applications?","Let's help get this resolved. To get started, does this happen completely at random or when using specific applications?",6,False
conv_46576,46576,126347,device_performance,"@AppleSupport I am from the US but I live in China. Is it possible to have my iPhone/Mac iCloud linked to my Chinese info (bank, address), and separate Apple ID linked to my U.S. info (bank, address)?..Want to keep my iCloud storage in China but use App Store/Apple music from US","I am from the US but I live in China. Is it possible to have my iPhone/Mac iCloud linked to my Chinese info (bank, address), and separate Apple ID linked to my U.S. info (bank, address)?..Want to keep my iCloud storage in China but use App Store/Apple music from US",@126347 Our iTunes Support team would love to assist you. You can reach their team here: https://t.co/SDIe7UiyJN,Our iTunes Support team would love to assist you. You can reach their team here:,2,True
conv_48041,48041,126742,device_performance,Hey @AppleSupport how does your operating system occupy almost 50% of my phone’s storage? https://t.co/yM3WDFCMD1,Hey @AppleSupport how does your operating system occupy almost 50% of my phone’s storage?,@126742 Let's look into this for you. Send us a DM with your current iOS version to get started. https://t.co/GDrqU22YpT,Let's look into this for you. Send us a DM with your current iOS version to get started.,2,True
conv_51684,51684,127608,device_performance,Just updated to iOS11.1 & now my 6s plus is stuck at Apple screen. I tried hard restart a few times but nothing PLEASE HELP!! @applesupport,Just updated to iOS11.1 & now my 6s plus is stuck at Apple screen. I tried hard restart a few times but nothing PLEASE HELP!! @applesupport,"@127608 We want your iPhone to be working as expected. Send us a DM, and we'll start there. https://t.co/GDrqU22YpT","We want your iPhone to be working as expected. Send us a DM, and we'll start there.",2,True
conv_54449,54449,128327,device_performance,@AppleSupport why is photo booth freezing on high serria,why is photo booth freezing on high serria,@128327 We're here to help. Let's take this to DM so we can better assist you. https://t.co/GDrqU22YpT,We're here to help. Let's take this to DM so we can better assist you.,2,True
conv_55110,55110,128495,device_performance,@AppleSupport why is my phone acting up saying im out of storage? How do I go from 60gb then delete Spotify(3gb) and end up with 59gb,why is my phone acting up saying im out of storage? How do I go from 60gb then delete Spotify(3gb) and end up with 59gb,"@128495 Let's work on this together. When you get the message about storage, is it referring to your iCloud Storage?","Let's work on this together. When you get the message about storage, is it referring to your iCloud Storage?",2,False
conv_56957,56957,128899,device_performance,"@AppleSupport I’m trying to download WatchOS 4.1, but it’s frozen on “Estimating time remaining”. nothing’s happening. what do I do?","I’m trying to download WatchOS 4.1, but it’s frozen on “Estimating time remaining”. nothing’s happening. what do I do?","@128899 Thanks for reaching out! Take a look at the steps here under ""If you need help updating"": https://t.co/s6t9pl6tpv","Thanks for reaching out! Take a look at the steps here under ""If you need help updating"":",2,True
conv_57515,57515,129051,device_performance,Apps constantly freezing on my 8 Plus today.... anyone else????? @AppleSupport @115858,Apps constantly freezing on my 8 Plus today.... anyone else????? @AppleSupport @115858,@129051 Let's help to get this resolved! Which iOS version do you have installed on your iPhone currently?,Let's help to get this resolved! Which iOS version do you have installed on your iPhone currently?,8,False
conv_59599,59599,129595,device_performance,@AppleSupport my mac is stuck on mute.. please help me,my mac is stuck on mute.. please help me,@129595 We want to help. What type of Mac computer do you have? Have you tried re-starting?,We want to help. What type of Mac computer do you have? Have you tried re-starting?,2,False
conv_60303,60303,129789,device_performance,@AppleSupport need help with Storage issues on my 6s. I’ve deleted pretty much everything and it’s still full with ‘other’ 🤔 https://t.co/eK6rmoRbyS,need help with Storage issues on my 6s. I’ve deleted pretty much everything and it’s still full with ‘other’ 🤔,@129789 We can help with this. Send us a DM and let us know the country you're in. https://t.co/GDrqU22YpT,We can help with this. Send us a DM and let us know the country you're in.,2,True
conv_60317,60317,129791,device_performance,@AppleSupport why does my lock screen when playing music freeze and not let me skip or go back or anything?,why does my lock screen when playing music freeze and not let me skip or go back or anything?,@129791 We can help! Which version of iOS are you currently running? You can check in Settings > General > About > Version,We can help! Which version of iOS are you currently running? You can check in Settings > General > About > Version,4,False
conv_61066,61066,129977,device_performance,@AppleSupport can you tell me why it keeps coming up my storage is nearly full no matter HOW MUCH or WHAT I delete? ☹️,can you tell me why it keeps coming up my storage is nearly full no matter HOW MUCH or WHAT I delete? ☹️,@129977 We're here to help. Let's take this to DM so we can better assist you. https://t.co/GDrqU22YpT,We're here to help. Let's take this to DM so we can better assist you.,2,True
conv_61319,61319,130037,device_performance,@AppleSupport my ipad pro is stuck on loading.... not opening app store ... how to fix? https://t.co/bPeadvDaIo,my ipad pro is stuck on loading.... not opening app store ... how to fix?,@130037 We want to help you out. Let's start by following the steps in this link: https://t.co/1SrHVMz478 Let us know if you still encounter issues after that.,We want to help you out. Let's start by following the steps in this link: Let us know if you still encounter issues after that.,4,True
conv_62229,62229,130251,device_performance,@AppleSupport two of my friends are using the iphone 6s and 7 which have just updated. Their phone's are now freezing on multiple apps help!,two of my friends are using the iphone 6s and 7 which have just updated. Their phone's are now freezing on multiple apps help!,"@130251 We'd like to work with you. Just to verify, this is not your iPhone, but your friends' iPhone's, right?","We'd like to work with you. Just to verify, this is not your iPhone, but your friends' iPhone's, right?",4,False
conv_62259,62259,130260,device_performance,my phone is frozen and IM GETTING PISSED @APPLESUPPORT,my phone is frozen and IM GETTING PISSED @APPLESUPPORT,@130260 We want to help with this. Which iOS version are you using? Did this happen while using a particular app?,We want to help with this. Which iOS version are you using? Did this happen while using a particular app?,2,False
conv_62273,62273,130264,device_performance,My phone won’t stop turning off and freezing @AppleSupport !!!!,My phone won’t stop turning off and freezing @AppleSupport !!!!,@130264 Let's look into this for you. Send us a DM with your current iOS version to get started. https://t.co/GDrqU22YpT,Let's look into this for you. Send us a DM with your current iOS version to get started.,2,True
conv_81819,81819,134122,device_performance,Hey @AppleSupport why can’t I search on my music app for music without the whole app crashing??!! https://t.co/CweVYCRX3u,Hey @AppleSupport why can’t I search on my music app for music without the whole app crashing??!!,@134122 Thanks for reaching out. We want to be sure you can search for your favorite music. We can definitely look into this with you. Do you have the same results after you restart your iPhone?,Thanks for reaching out. We want to be sure you can search for your favorite music. We can definitely look into this with you. Do you have the same results after you restart your iPhone?,4,False
conv_81999,81999,134145,device_performance,"Easily worst purchase I’ve made is @115858 ‘s iPhone 8+. Either that or just their worst software ever. Spotify randomly stops, apps are slow to open, screen lags when waking. Good job apple. @AppleSupport","Easily worst purchase I’ve made is @115858 ‘s iPhone 8+. Either that or just their worst software ever. Spotify randomly stops, apps are slow to open, screen lags when waking. Good job apple. @AppleSupport",@134145 We appreciate you reaching out to us and can't wait to get this resolved together. Which iOS version are we working with on your iPhone? You can find that in Settings > General > About. You can find us in DM at the link below. https://t.co/GDrqU2kzhr,We appreciate you reaching out to us and can't wait to get this resolved together. Which iOS version are we working with on your iPhone? You can find that in Settings > General > About. You can find us in DM at the link below.,2,True
conv_82042,82042,134156,device_performance,"@AppleSupport Hi! When someone calls, the volume of the tone of my iPhone X goes down suddenly. Why? 🤔
I’ve tried to restart, to change the tone... And nothing works. 
Thanks for your help","Hi! When someone calls, the volume of the tone of my iPhone X goes down suddenly. Why? 🤔 I’ve tried to restart, to change the tone... And nothing works. Thanks for your help","@134156 We appreciate you reaching out. Can you send us a DM and explain a little more in detail? When you say the volume of the tone, do you mean the ringtone? https://t.co/GDrqU22YpT","We appreciate you reaching out. Can you send us a DM and explain a little more in detail? When you say the volume of the tone, do you mean the ringtone?",2,True
conv_84257,84257,134537,device_performance,@AppleSupport is it normal for me to have to restart my Apple TV everyday to get it to work?,is it normal for me to have to restart my Apple TV everyday to get it to work?,"@134537 The Apple TV should not have to go through a daily restart. To look into the Apple TV, let’s get you in touch with our Apple TV pros. You can reach them here:  https://t.co/IBIY3vMgPj","The Apple TV should not have to go through a daily restart. To look into the Apple TV, let’s get you in touch with our Apple TV pros. You can reach them here:",2,True
conv_86987,86987,135031,device_performance,"@4043 @AppleSupport And every time I’ve reached out, I’m told to reboot my phone. How many times??? 😫","And every time I’ve reached out, I’m told to reboot my phone. How many times??? 😫",@135031 We'd like to get this sorted for you. We know how important it is to have your phone working properly. Click here to connect with us in DM: https://t.co/GDrqU22YpT,We'd like to get this sorted for you. We know how important it is to have your phone working properly. Click here to connect with us in DM:,2,True
conv_90620,90620,135614,device_performance,Four videos are suddenly gone from my phone...would the automatic iCloud backing-up do that? Clear space by transferring them there?? That's the only thing that could make any sense. @AppleSupport,Four videos are suddenly gone from my phone...would the automatic iCloud backing-up do that? Clear space by transferring them there?? That's the only thing that could make any sense. @AppleSupport,@135614 Let's check some settings on your device. Tap Settings > Photos. Is iCloud Photo Library on? Have you signed out of your Apple ID?,Let's check some settings on your device. Tap Settings > Photos. Is iCloud Photo Library on? Have you signed out of your Apple ID?,4,False
conv_90990,90990,135716,device_performance,"@AppleSupport hello, my iPhone 7 keeps crashing? Help","hello, my iPhone 7 keeps crashing? Help",@135716 We're here to help you. Let's follow the steps in this article: https://t.co/osZOKKByWM Before updating we recommend creating a backup of your device. If you continue to have issues DM us and we'll look into things a bit closer there. https://t.co/GDrqU2kzhr,We're here to help you. Let's follow the steps in this article: Before updating we recommend creating a backup of your device. If you continue to have issues DM us and we'll look into things a bit closer there.,2,True
conv_92758,92758,136093,device_performance,@AppleSupport set all these alarms for the first one to freeze and prevent any alarms from going off,set all these alarms for the first one to freeze and prevent any alarms from going off,"@136093 Thanks for reaching out. We'd like to look into this with you. Please DM us your current iOS version, and we'll get started. https://t.co/GDrqU22YpT","Thanks for reaching out. We'd like to look into this with you. Please DM us your current iOS version, and we'll get started.",3,True
conv_94783,94783,136592,device_performance,@AppleSupport any idea what this means when I restart my 2016 MacBook Pro? https://t.co/koXIkQ3Lio,any idea what this means when I restart my 2016 MacBook Pro?,@136592 We'd be happy to look into this with you more in detail.  Let us know in DM what version of macOS you're using and if this issues happens each time you restart. https://t.co/GDrqU22YpT,We'd be happy to look into this with you more in detail. Let us know in DM what version of macOS you're using and if this issues happens each time you restart.,2,True
conv_94899,94899,136629,device_performance,Halo. @AppleSupport it's stuck on this screen no matter how many times I click anything so I can't turn it off to fix it 🤔 https://t.co/4YyjgRAoC2,Halo. @AppleSupport it's stuck on this screen no matter how many times I click anything so I can't turn it off to fix it 🤔,"@136629 Hey there, let's try force restarting your iPhone to see if anything changes. This link should help: https://t.co/8MvHMFZ83h","Hey there, let's try force restarting your iPhone to see if anything changes. This link should help:",2,True
conv_94917,94917,136636,device_performance,My iPhone podcasts app is so jacked up! Have to restart phone EVERY time I want to listen to podcast. Anyone else having issues? About to look into 3rd party app... @applesupport @318,My iPhone podcasts app is so jacked up! Have to restart phone EVERY time I want to listen to podcast. Anyone else having issues? About to look into 3rd party app... @applesupport @318,@136636 We'd like to help figure out what's happening with your Podcast app. Which iOS version is this happening with? Let us know in DM. https://t.co/GDrqU22YpT,We'd like to help figure out what's happening with your Podcast app. Which iOS version is this happening with? Let us know in DM.,2,True
conv_98818,98818,137626,device_performance,I really hate @115858. The latest #iphone updates have so many problems. I can't crop photos. It refuses to use the ringtone I set in my settings. Half my apps crash. Can't wait to switch to #Samsung. @AppleSupport,I really hate @115858. The latest #iphone updates have so many problems. I can't crop photos. It refuses to use the ringtone I set in my settings. Half my apps crash. Can't wait to switch to #Samsung. @AppleSupport,@137626 Let's look into that. Send us a DM and we'll go from there. https://t.co/GDrqU22YpT,Let's look into that. Send us a DM and we'll go from there.,2,True
conv_100245,100245,137967,device_performance,What is this @AppleSupport? since I upgraded with this $hi&*y #macOS my instant click before is now lagging to almost a minute and that disrupts my writing e-mails (work and personal) wow! this is getting crazy everyday not enjoying Apple Macbook NOW!,What is this @AppleSupport? since I upgraded with this $hi&*y #macOS my instant click before is now lagging to almost a minute and that disrupts my writing e-mails (work and personal) wow! this is getting crazy everyday not enjoying Apple Macbook NOW!,"@137967 We'd like to help. Does this seem to persist when using multiple apps? Have you tried rebooting to see if that helps? Send us a DM, we'll be glad to work on this with you. https://t.co/GDrqU22YpT","We'd like to help. Does this seem to persist when using multiple apps? Have you tried rebooting to see if that helps? Send us a DM, we'll be glad to work on this with you.",5,True
conv_100540,100540,137986,device_performance,My iPhone been moving slow af the past couple weeks. I need answers @AppleSupport,My iPhone been moving slow af the past couple weeks. I need answers @AppleSupport,"@137986 We’d love to help with the performance of your iPhone. To start, please send us a DM confirming which iPhone and exact software version you’re using. You can tap Settings > General > About to locate the software version. https://t.co/GDrqU22YpT","We’d love to help with the performance of your iPhone. To start, please send us a DM confirming which iPhone and exact software version you’re using. You can tap Settings > General > About to locate the software version.",2,True
conv_103248,103248,138721,device_performance,Hey @AppleSupport is this a known bug that will be fixed soon? My dock on iPad continues to not stay centered and only a reboot will reset it.  See attached picture. https://t.co/d0U1mmK6C1,Hey @AppleSupport is this a known bug that will be fixed soon? My dock on iPad continues to not stay centered and only a reboot will reset it. See attached picture.,@138721 We'd love to look into this with you. Which exact version of the operating system is your iPad running? Let us know in DM and we'll team up to get this resolved. https://t.co/GDrqU22YpT,We'd love to look into this with you. Which exact version of the operating system is your iPad running? Let us know in DM and we'll team up to get this resolved.,4,True
conv_104194,104194,138974,device_performance,"@AppleSupport my storage has ran out and nothing I download isn't storing on my iCloud which still has 2GB left,help?🙄🙄","my storage has ran out and nothing I download isn't storing on my iCloud which still has 2GB left,help?🙄🙄",@138974 We want to help you with managing your storage on your iPhone. Your iPhone is able to show you information on the storage being used and make recommendations to optimize your storage usage. Please check out more on how to clear that space here: https://t.co/0yFHFRYSnX,We want to help you with managing your storage on your iPhone. Your iPhone is able to show you information on the storage being used and make recommendations to optimize your storage usage. Please check out more on how to clear that space here:,2,True
conv_105374,105374,139272,device_performance,"@AppleSupport my watch is running really slow, it’s up to date, I’ve restarted it, turned it on and off, not sure what else I can do?","my watch is running really slow, it’s up to date, I’ve restarted it, turned it on and off, not sure what else I can do?",@139272 Thanks for reaching out to us. We are always happy to help. Send us a DM so we can look into this issue with you there. https://t.co/GDrqU22YpT,Thanks for reaching out to us. We are always happy to help. Send us a DM so we can look into this issue with you there.,2,True
conv_107374,107374,139847,device_performance,@AppleSupport Multitasking on iPad Pro 9.7 is getting right on my tits. Edit in Notepad. Switch to another app (Safari). Switch back and it (for no reason) scrolls elsewhere in Notepad. Lack of memory and/or incomplete state save is poor.,Multitasking on iPad Pro 9.7 is getting right on my tits. Edit in Notepad. Switch to another app (Safari). Switch back and it (for no reason) scrolls elsewhere in Notepad. Lack of memory and/or incomplete state save is poor.,@139847 Hey there. Can you please send us a DM of your current iOS version and we will go from there? https://t.co/GDrqU22YpT,Hey there. Can you please send us a DM of your current iOS version and we will go from there?,2,True
conv_109022,109022,140195,device_performance,@AppleSupport can you tell me what other is and why it’s taking up ALL OF MY STORAGE https://t.co/hYyjDWLx9C,can you tell me what other is and why it’s taking up ALL OF MY STORAGE,"@140195 Thanks for contacting us, we can help you with your question. Please check out the ""About cached files in ""Other"" iOS storage"" section of this support article: https://t.co/0yFHFRYSnX","Thanks for contacting us, we can help you with your question. Please check out the ""About cached files in ""Other"" iOS storage"" section of this support article:",2,True
conv_109030,109030,140197,device_performance,@AppleSupport please fix or look more into the iPhones freezing and then restarting 2-4 times in a row. I have the iPhone 8 Plus and it’s done this 4 times to me in the last 12 hours,please fix or look more into the iPhones freezing and then restarting 2-4 times in a row. I have the iPhone 8 Plus and it’s done this 4 times to me in the last 12 hours,@140197 We can help! We know how important it is that our devices work as expected. Which version of iOS are you currently running? You can check in Settings > General > About > Version.,We can help! We know how important it is that our devices work as expected. Which version of iOS are you currently running? You can check in Settings > General > About > Version.,4,False
conv_110967,110967,140685,device_performance,@AppleSupport any chance keyboard lag on the iPhone will be fixed soon? I upgraded my 6s+ to 11.1.2 and it's still sluggish 😭,any chance keyboard lag on the iPhone will be fixed soon? I upgraded my 6s+ to 11.1.2 and it's still sluggish 😭,@140685 Could you Direct Message us so we can look into this further? We'd love to help. https://t.co/GDrqU22YpT,Could you Direct Message us so we can look into this further? We'd love to help.,2,True
conv_112805,112805,141070,device_performance,@AppleSupport Is the Space Grey 64GB iPhone X in stock in Montreal? (Ste-Catherine store),Is the Space Grey 64GB iPhone X in stock in Montreal? (Ste-Catherine store),"@141070 While we're unable to check individual inventories, our Online Sales team will best be able to address your questions. Click here to get in touch:  https://t.co/8yjRd1Xo0i","While we're unable to check individual inventories, our Online Sales team will best be able to address your questions. Click here to get in touch:",2,True
conv_112811,112811,141071,device_performance,"@AppleSupport 5 Times a day my phone says “no sim” & I have to restart it to make it go away, do I need a new phone https://t.co/f48jvdz33b","5 Times a day my phone says “no sim” & I have to restart it to make it go away, do I need a new phone",@141071 Hello. We are here to help. How long has this been occurring? Have their been any recent changes to your device? What is your iOS version?,Hello. We are here to help. How long has this been occurring? Have their been any recent changes to your device? What is your iOS version?,6,False
conv_112881,112881,128763,device_performance,"@AppleSupport I want to trade in an iPhone for another one of the same model with larger storage capacity, will I have to buy another","I want to trade in an iPhone for another one of the same model with larger storage capacity, will I have to buy another","@128763 Hello! We'll be happy to point you in the right direction to get that question answered. Options vary by location, which country are you currently in?","Hello! We'll be happy to point you in the right direction to get that question answered. Options vary by location, which country are you currently in?",4,False
conv_114507,114507,141457,device_performance,Hey @AppleSupport - my iPhone X is stuck on the restore with just 270 bytes to go. What should I do? https://t.co/wgQZAbX7xf,Hey @AppleSupport - my iPhone X is stuck on the restore with just 270 bytes to go. What should I do?,"@141457 Thanks for reaching out. Has your phone stayed connected to Wi-Fi the entire time? Also, how long has your phone been restoring from iCloud?","Thanks for reaching out. Has your phone stayed connected to Wi-Fi the entire time? Also, how long has your phone been restoring from iCloud?",8,False
conv_119531,119531,142522,device_performance,"@AppleSupport hi can you please help me? my iphone 7 keeps freezing, it has happened like 5 times today and I have to restart my phone every time that that happens bc my screen doesn’t react","hi can you please help me? my iphone 7 keeps freezing, it has happened like 5 times today and I have to restart my phone every time that that happens bc my screen doesn’t react","@142522 We’d love to help with the performance of your iPhone. To start, please send us a DM confirming which software version you’re using. You can tap Settings > General > About to locate the software version. https://t.co/GDrqU22YpT","We’d love to help with the performance of your iPhone. To start, please send us a DM confirming which software version you’re using. You can tap Settings > General > About to locate the software version.",2,True
conv_121571,121571,143069,device_performance,@AppleSupport please why does my phone ask for my Apple ID almost every time I want to open an app and then crash,please why does my phone ask for my Apple ID almost every time I want to open an app and then crash,@143069 Let's look into that. Send us a DM and we'll go from there. https://t.co/GDrqU22YpT,Let's look into that. Send us a DM and we'll go from there.,2,True
conv_123107,123107,143494,device_performance,@AppleSupport iPhone 8 is basically frozen and won’t reset using the lock button. What should I do?,iPhone 8 is basically frozen and won’t reset using the lock button. What should I do?,"@143494 Let's see if we can help with this. Check out our article https://t.co/o7nB3pXfMv for steps to take on an iPhone 8 when it won't respond, let us know if that helps.","Let's see if we can help with this. Check out our article for steps to take on an iPhone 8 when it won't respond, let us know if that helps.",3,True
conv_124412,124412,143864,device_performance,"@AppleSupport I’ve been having problems with my SE since last month with 10.3.3. It uses a lot of RAM when connected to Wi-Fi and sometimes with LTE data. I go to Calendar and it says NO EVENTS for 1 second, and in the Music app I get lag when I first enter and slide down or up.","I’ve been having problems with my SE since last month with 10.3.3. It uses a lot of RAM when connected to Wi-Fi and sometimes with LTE data. I go to Calendar and it says NO EVENTS for 1 second, and in the Music app I get lag when I first enter and slide down or up.","@143864 Hey there! We'd be happy to look into that with you. Would you mind shooting us a DM with any specific details, and we'll take it from there. https://t.co/GDrqU22YpT","Hey there! We'd be happy to look into that with you. Would you mind shooting us a DM with any specific details, and we'll take it from there.",2,True
conv_125750,125750,144215,device_performance,"@AppleSupport my new IPhone 8 is lagging, text especially. Is there a way to fix?","my new IPhone 8 is lagging, text especially. Is there a way to fix?",@144215 We'd be more than happy to look into it with you. Send us a DM with any details you have and we'll take it from there. https://t.co/GDrqU22YpT,We'd be more than happy to look into it with you. Send us a DM with any details you have and we'll take it from there.,2,True
conv_127143,127143,144550,device_performance,@AppleSupport my uncle upgraded to the iPhone X but is having tons of problems transferring over his photos from his iPhone 6. He bought extra iCloud storage but only 200 of 1700 photos transferred. He has plenty of iCloud storage,my uncle upgraded to the iPhone X but is having tons of problems transferring over his photos from his iPhone 6. He bought extra iCloud storage but only 200 of 1700 photos transferred. He has plenty of iCloud storage,@144550 We'd love to help. Please meet us in DM. https://t.co/GDrqU22YpT,We'd love to help. Please meet us in DM.,2,True
conv_127147,127147,144552,device_performance,@AppleSupport my phone is fucked since iOS11. Instagram has major flaws. Phone is slow and crashes. FIX IT. ASAP!!!,my phone is fucked since iOS11. Instagram has major flaws. Phone is slow and crashes. FIX IT. ASAP!!!,@144552 That's certainly not what we'd expect to hear. We'll do all we can to help. DM us what version of iOS you are currently using. We'll continue there. https://t.co/GDrqU22YpT,That's certainly not what we'd expect to hear. We'll do all we can to help. DM us what version of iOS you are currently using. We'll continue there.,2,True
conv_145249,145249,148921,device_performance,"New Android Phone smokes iPhoneX in speed test (& it's half the price) hey @AppleSupport since iOS11 my iPhone6plus is slower than a Sydney train & they’re fcuk’n slow
https://t.co/tRMaRFSZC1",New Android Phone smokes iPhoneX in speed test (& it's half the price) hey @AppleSupport since iOS11 my iPhone6plus is slower than a Sydney train & they’re fcuk’n slow,"@148921 Hey there. We know it's important for your iPhone to work the way you expect, and we're happy to see how we can help. To get started, send us a DM with more information and the exact iOS version your iPhone is running. We'll meet you there. https://t.co/GDrqU22YpT","Hey there. We know it's important for your iPhone to work the way you expect, and we're happy to see how we can help. To get started, send us a DM with more information and the exact iOS version your iPhone is running. We'll meet you there.",2,True
conv_146573,146573,149267,device_performance,"What is happening to @115858 ?
My phone has been freezing with the Apple logo since last night and I can do nothing.
@AppleSupport Can you do something?",What is happening to @115858 ? My phone has been freezing with the Apple logo since last night and I can do nothing. @AppleSupport Can you do something?,"@149267 We can help. Let's follow these steps: https://t.co/8MvHMFZ83h If the issue remains, please DM and let us know. We'll be here for you. https://t.co/GDrqU22YpT","We can help. Let's follow these steps: If the issue remains, please DM and let us know. We'll be here for you.",6,True
conv_146690,146690,149301,device_performance,Anyone else facing screen freezing issues on iphone 7 plus or is it just me? It started happening after 11.1.1 🤦🏽‍♂️ and after 11.1.2 the issue still exists @AppleSupport @115858 😭,Anyone else facing screen freezing issues on iphone 7 plus or is it just me? It started happening after 11.1.1 🤦🏽‍♂️ and after 11.1.2 the issue still exists @AppleSupport @115858 😭,@149301 We want to help with your device performance issues. Reach out via DM using the link below and tell us more about your issue. https://t.co/GDrqU22YpT,We want to help with your device performance issues. Reach out via DM using the link below and tell us more about your issue.,2,True
conv_146789,146789,149323,device_performance,@115948 keeps crashing. Is not even opening now. @AppleSupport any suggestions?,keeps crashing. Is not even opening now. @AppleSupport any suggestions?,@149323 We'd love to help out. What device are you currently using with Apple Music?,We'd love to help out. What device are you currently using with Apple Music?,6,False
conv_146796,146796,149324,device_performance,Of course my little 16GB iPhone doesn’t have any memory left @AppleSupport you’ve put 9.04GB of “System” on it!!,Of course my little 16GB iPhone doesn’t have any memory left @AppleSupport you’ve put 9.04GB of “System” on it!!,"@149324 We'd love to help with any questions you have about your iPhone's storage. To ensure we're on the same page, which device and version of iOS are you using? Here's a guide with information about how to optimize iPhone storage: https://t.co/0yFHFRYSnX","We'd love to help with any questions you have about your iPhone's storage. To ensure we're on the same page, which device and version of iOS are you using? Here's a guide with information about how to optimize iPhone storage:",2,True
conv_148084,148084,149683,device_performance,@AppleSupport my Apple Music is constantly crashing - I can’t even open the app! This recent iPhone updates have been shocking - I’ve had nothing but problems,my Apple Music is constantly crashing - I can’t even open the app! This recent iPhone updates have been shocking - I’ve had nothing but problems,"@149683 We want to help you out with your Apple Music. Meet us in DM with the following details:

Go to Settings > General > About,  and tell us what version of the iOS you currently have installed.
Does Apple Music give an error? If so, what does it say? https://t.co/GDrqU22YpT","We want to help you out with your Apple Music. Meet us in DM with the following details: Go to Settings > General > About, and tell us what version of the iOS you currently have installed. Does Apple Music give an error? If so, what does it say?",2,True
conv_148136,148136,149695,device_performance,@AppleSupport ok i have $15 in my itunes account now how do i use that to pay for my icloud storage,ok i have $15 in my itunes account now how do i use that to pay for my icloud storage,@149695 Upgrade your storage using the steps here: https://t.co/nLbyAohjV7 Your credit would be used first and then you will be billed for any remaining amount.,Upgrade your storage using the steps here: Your credit would be used first and then you will be billed for any remaining amount.,2,True
conv_148148,148148,123493,device_performance,"Not only do all my apps crash, but now all my photos have been wiped. My iPhone was working perfectly before the updates, thanks @115858 @AppleSupport","Not only do all my apps crash, but now all my photos have been wiped. My iPhone was working perfectly before the updates, thanks @115858 @AppleSupport",@123493 We want to be sure you can use your iPhone without any issues. We can definitely look into this with you. Send us a DM and we'll go from there. https://t.co/GDrqU22YpT,We want to be sure you can use your iPhone without any issues. We can definitely look into this with you. Send us a DM and we'll go from there.,2,True
conv_148191,148191,149711,device_performance,"@AppleSupport Am finding it impossible to cancel my subscription, it is stuck in a loop, can you PM me please? Thanks","Am finding it impossible to cancel my subscription, it is stuck in a loop, can you PM me please? Thanks",@149711 We're happy to point you in the right direction for assistance with your Subscription. Our iTunes Support team would be the best option to help with this. You can reach out to them directly at https://t.co/SDIe7UiyJN.,We're happy to point you in the right direction for assistance with your Subscription. Our iTunes Support team would be the best option to help with this. You can reach out to them directly at,2,True
conv_148271,148271,149735,device_performance,@AppleSupport why is my iBooks frozen.. is there a force refresh or something?,why is my iBooks frozen.. is there a force refresh or something?,@149735 Hello. We want you to be able to use iBooks. You're in the right place for help. Which device are you using iBooks with?,Hello. We want you to be able to use iBooks. You're in the right place for help. Which device are you using iBooks with?,8,False
conv_9180,9180,117649,app_store_billing,"@AppleSupport I bought an iTunes gift card worth £15 a week ago, and the email still hasn’t come into my inbox to tell me the code. Helpppp","I bought an iTunes gift card worth £15 a week ago, and the email still hasn’t come into my inbox to tell me the code. Helpppp",@117649 We're here for you. You'll need to contact our iTunes Store group for help with iTunes codes: https://t.co/SDIe7UiyJN,We're here for you. You'll need to contact our iTunes Store group for help with iTunes codes:,2,True
conv_13197,13197,118713,app_store_billing,Écran d’iPhone cassé. Impossible à connecter sur iTunes ... des astuces svp ? @AppleSupport,Écran d’iPhone cassé. Impossible à connecter sur iTunes ... des astuces svp ? @AppleSupport,@118713 We offer support via Twitter in English. Contact us for help in your preferred language here: https://t.co/IBIY3vMgPj,We offer support via Twitter in English. Contact us for help in your preferred language here:,7,True
conv_14324,14324,119050,app_store_billing,@AppleSupport just purchased iTunes movie on ATV in HD. Stops to buffer and stream every 5 minutes. Very unpleasant experience. Never had issues with @116688 movies. @55 showing 30+ mbps DL🤷🏻‍♂️,just purchased iTunes movie on ATV in HD. Stops to buffer and stream every 5 minutes. Very unpleasant experience. Never had issues with @116688 movies. @55 showing 30+ mbps DL🤷🏻‍♂️,@119050 We want to help with your Apple TV. Click here to reach our team that can assist with your Apple TV: https://t.co/IBIY3vMgPj,We want to help with your Apple TV. Click here to reach our team that can assist with your Apple TV:,2,True
conv_22988,22988,121003,app_store_billing,"@AppleSupport Trying to download an app to a family member's phone that I purchased as the family group organizer.  Being asked to purchase it, but I don't want to be charged again.  Suggestions? https://t.co/Y730eW0nZe","Trying to download an app to a family member's phone that I purchased as the family group organizer. Being asked to purchase it, but I don't want to be charged again. Suggestions?","@121003 We can help. As long as this app supports Family Sharing, you'll be able to download it by following the steps in our article. Give them a shot, and let us know if this continues: https://t.co/IotWsTk0Px https://t.co/GDrqU22YpT","We can help. As long as this app supports Family Sharing, you'll be able to download it by following the steps in our article. Give them a shot, and let us know if this continues:",2,True
conv_23100,23100,121031,app_store_billing,"@AppleSupport, why do I keep getting charged over £20 for anything I buy from iTunes? Bought an album for £4.99 and got charged £20.67. Same thing happened a couple of weeks ago to. Why?! https://t.co/0fIDOKovNP",", why do I keep getting charged over £20 for anything I buy from iTunes? Bought an album for £4.99 and got charged £20.67. Same thing happened a couple of weeks ago to. Why?!",@121031 Our iTunes Store team would be happy to look into this with you. Reach out to them here:  https://t.co/SDIe7UiyJN,Our iTunes Store team would be happy to look into this with you. Reach out to them here:,3,True
conv_23178,23178,121048,app_store_billing,@AppleSupport upgraded to 11.1.2 and iTunes Player won’t work on iPhone 7. ANNOYING,upgraded to 11.1.2 and iTunes Player won’t work on iPhone 7. ANNOYING,"@121048 Let’s work together to get this resolved. To be sure we’re on the same page, are you noticing and issue with the Music app, or a different app?","Let’s work together to get this resolved. To be sure we’re on the same page, are you noticing and issue with the Music app, or a different app?",4,False
conv_31884,31884,123043,app_store_billing,@AppleSupport I can’t download apps from the app store.,I can’t download apps from the app store.,@123043 Let’s work together to get your apps downloading again. Are you downloading updates or new apps? Any messages when downloading?,Let’s work together to get your apps downloading again. Are you downloading updates or new apps? Any messages when downloading?,4,False
conv_35344,35344,123704,app_store_billing,"Dear @AppleSupport I have an iPhone 7 & iTunes, both genuine. So why do I always get this message when I sync? Hope you can help. Thanks. https://t.co/QgJ14liJDw","Dear @AppleSupport I have an iPhone 7 & iTunes, both genuine. So why do I always get this message when I sync? Hope you can help. Thanks.","@123704 We're happy to help out with your sync issues. To get started, let us know which version of Windows and iTunes you have installed.","We're happy to help out with your sync issues. To get started, let us know which version of Windows and iTunes you have installed.",4,False
conv_36028,36028,123830,app_store_billing,@AppleSupport Trying to access iTunes Connect and keep getting this when I click on artists. On two different computers (both IE and Chrome) https://t.co/SLcNN0jSkW,Trying to access iTunes Connect and keep getting this when I click on artists. On two different computers (both IE and Chrome),@123830 We'd want to get you to our Developer Support for assistance: https://t.co/rSt0PtuKcC,We'd want to get you to our Developer Support for assistance:,5,True
conv_36631,36631,123979,app_store_billing,@AppleSupport I just sent a dm about an accident on iTunes I need help removing the payment please.,I just sent a dm about an accident on iTunes I need help removing the payment please.,"@123979 This article can help:https://t.co/Y0YoIRcZa7 If you run into issues, reach out to iTunes billing here: https://t.co/SDIe7UiyJN","This article can help: If you run into issues, reach out to iTunes billing here:",2,True
conv_41589,41589,125147,app_store_billing,"@AppleSupport At the apple store in Paris, can I buy an iPad by paying half in cash and half in credit card?","At the apple store in Paris, can I buy an iPad by paying half in cash and half in credit card?",@125147 Let's help get you into the right hands. Please reach out to us via: https://t.co/8yjRd1Xo0i and we can go from there.,Let's help get you into the right hands. Please reach out to us via: and we can go from there.,5,True
conv_47995,47995,126729,app_store_billing,"@AppleSupport hi there, I need to inquire something regarding he refund of an item","hi there, I need to inquire something regarding he refund of an item","@126729 For questions about refunds, our iTunes Store would be the best team to help. Reach out to them here:  https://t.co/SDIe7UiyJN","For questions about refunds, our iTunes Store would be the best team to help. Reach out to them here:",4,True
conv_57497,57497,129044,app_store_billing,@115990 @AppleSupport Apple App Store unreachable over Verizon LTE in NE Oklahoma City right now.,Apple App Store unreachable over Verizon LTE in NE Oklahoma City right now.,@129044 We're happy to help. Do you get the same error when trying to access our App Store using a Wi-Fi network?,We're happy to help. Do you get the same error when trying to access our App Store using a Wi-Fi network?,4,False
conv_58162,58162,129203,app_store_billing,@AppleSupport hi I need your help on restoring my purchase,hi I need your help on restoring my purchase,@129203 We'll be happy to help! What type of purchases are you looking to restore – in-app or iTunes & App Store purchases?,We'll be happy to help! What type of purchases are you looking to restore – in-app or iTunes & App Store purchases?,2,False
conv_58177,58177,129209,app_store_billing,Is App Store down? @AppleSupport,Is App Store down? @AppleSupport,@129209 Everything shows green here: https://t.co/7NVrDovSd8 Are you having an issue with the App Store?,Everything shows green here: Are you having an issue with the App Store?,4,True
conv_58185,58185,129212,app_store_billing,@AppleSupport why is the app store not working smh,why is the app store not working smh,"@129212 Great question, let's look into this together. To begin, what country are you located in?","Great question, let's look into this together. To begin, what country are you located in?",4,False
conv_61323,61323,130038,app_store_billing,@AppleSupport I accidentally bought something is there anyway I can get a refund,I accidentally bought something is there anyway I can get a refund,@130038 We're happy to help. Take a look here: https://t.co/A5QhKRZhQQ,We're happy to help. Take a look here:,4,True
conv_87079,87079,135061,app_store_billing,"I cant download anything on my iPhone because @AppleSupport needs my payment informations,can you tell me why you need them if i want to download something free :)","I cant download anything on my iPhone because @AppleSupport needs my payment informations,can you tell me why you need them if i want to download something free :)",@135061 We can understand wanting to be able to download free apps without a payment method. This article will explain what to do if you cannot choose None as a payment method: https://t.co/rnB74M0zio Let us know what questions you have after reviewing the article.,We can understand wanting to be able to download free apps without a payment method. This article will explain what to do if you cannot choose None as a payment method: Let us know what questions you have after reviewing the article.,3,True
conv_90654,90654,135626,app_store_billing,"@AppleSupport excuse me,
I'm got a refund confirmation email but nothing happened.
Do I have to do anythings?","excuse me, I'm got a refund confirmation email but nothing happened. Do I have to do anythings?","@135626 Thanks for reaching out to us about your refund! To clarify, was this a refund for a purchase in the iTunes Store? Or was this a product purchase?","Thanks for reaching out to us about your refund! To clarify, was this a refund for a purchase in the iTunes Store? Or was this a product purchase?",4,False
conv_92536,92536,136038,app_store_billing,@AppleSupport whenever I BUY a song or album on iTunes it first of all  charges me and then tells me I haven't purchased it so I always have to purchase everything multiple times in order to have it in my music and then it'll tell me I can't listen to it because I don't have,whenever I BUY a song or album on iTunes it first of all charges me and then tells me I haven't purchased it so I always have to purchase everything multiple times in order to have it in my music and then it'll tell me I can't listen to it because I don't have,@136038 We'd like to see what's going on with your music you purchase. DM us and let us know which device you are purchasing the music on and if you have iCloud Music Library enabled. We'll get started there. https://t.co/GDrqU2kzhr,We'd like to see what's going on with your music you purchase. DM us and let us know which device you are purchasing the music on and if you have iCloud Music Library enabled. We'll get started there.,3,True
conv_92635,92635,136052,app_store_billing,"Neither iPhone alarm went off this morning, had to make a 5:30 AM flight. The 2am alarm on one phone finally went off at 5:40 on it's own. United just charged $640 per person to get on a later flight today 😠 @AppleSupport","Neither iPhone alarm went off this morning, had to make a 5:30 AM flight. The 2am alarm on one phone finally went off at 5:40 on it's own. United just charged $640 per person to get on a later flight today 😠 @AppleSupport","@136051 We'd be happy to help you with this. Can you tell us which model iPhone, and iOS version you are currently using please?","We'd be happy to help you with this. Can you tell us which model iPhone, and iOS version you are currently using please?",9,False
conv_92658,92658,136060,app_store_billing,"@AppleSupport can you please tell me how you transfer for example, videos from PC to my iPhone. I have tried various ways but none have worked. Movies/ Videos bar appears blank in iTunes..","can you please tell me how you transfer for example, videos from PC to my iPhone. I have tried various ways but none have worked. Movies/ Videos bar appears blank in iTunes..",@136060 We'd be happy to help. Which version of iTunes are you running? What is happening when you try to sync them to your iPhone?,We'd be happy to help. Which version of iTunes are you running? What is happening when you try to sync them to your iPhone?,5,False
conv_92699,92699,136070,app_store_billing,"@AppleSupport : when a purchase to gift at a later day is made , will the charges take place at the moment of the purchase or on the delivery date ?",": when a purchase to gift at a later day is made , will the charges take place at the moment of the purchase or on the delivery date ?","@136070 Great question. On any purchase, you are charged at the time of the transaction. Get in touch with our Sales team if you have any further questions:  https://t.co/8yjRd1Xo0i","Great question. On any purchase, you are charged at the time of the transaction. Get in touch with our Sales team if you have any further questions:",2,True
conv_92730,92730,136079,app_store_billing,@AppleSupport i recently switched from 3 mobile to EE and redeemed the 6 months free Apple Music but I got charged £9.99 today.,i recently switched from 3 mobile to EE and redeemed the 6 months free Apple Music but I got charged £9.99 today.,@136079 This is something our iTunes billing team can review with you in more detail today. Please reach out here for the best assistance: https://t.co/SDIe7UiyJN,This is something our iTunes billing team can review with you in more detail today. Please reach out here for the best assistance:,3,True
conv_94842,94842,136609,app_store_billing,@AppleSupport I submitted a video podcast show to iTunes and approved. Can’t submit the audio version though “Can’t submit your feed. Your feed was previously submitted” - that’s the video version not audio. How do I go about this?,I submitted a video podcast show to iTunes and approved. Can’t submit the audio version though “Can’t submit your feed. Your feed was previously submitted” - that’s the video version not audio. How do I go about this?,"@136609 Your best resource for this is to select ""Contact Us"" on this page: https://t.co/Z700WfTAZ1 They will be the best group to assist you further.","Your best resource for this is to select ""Contact Us"" on this page: They will be the best group to assist you further.",2,True
conv_101304,101304,138177,app_store_billing,"@AppleSupport how do I go about raising a high level complaint please? 4 senior techs couldn’t help fix my problem, now my e mails are being unanswered, want a refund for a product that’s not fit for purpose, have tried everything to fix, thanks.","how do I go about raising a high level complaint please? 4 senior techs couldn’t help fix my problem, now my e mails are being unanswered, want a refund for a product that’s not fit for purpose, have tried everything to fix, thanks.",@138177 We'd be happy to look into this with you. DM us using the link below and we'll go from there. https://t.co/GDrqU22YpT,We'd be happy to look into this with you. DM us using the link below and we'll go from there.,2,True
conv_103245,103245,138720,app_store_billing,@AppleSupport Is this real? The app store said there were no updates. https://t.co/7jMVn8OHhs,Is this real? The app store said there were no updates.,"@138720 Thanks for taking the time to reach out. Yes, that notification is from Apple.","Thanks for taking the time to reach out. Yes, that notification is from Apple.",2,False
conv_105435,105435,139291,app_store_billing,"@AppleSupport Safari on MacOS needs some serious work. I have some websites that won't function et'all on Safari. Most recent, a payment to my IPTV service may have been lost because Safari wouldn't load.","Safari on MacOS needs some serious work. I have some websites that won't function et'all on Safari. Most recent, a payment to my IPTV service may have been lost because Safari wouldn't load.","@139291 We'd love to help you with Safari. Can you tell us more details of what's happening with the websites? Are some websites not loading at all? Also, what's the version of macOS installed?","We'd love to help you with Safari. Can you tell us more details of what's happening with the websites? Are some websites not loading at all? Also, what's the version of macOS installed?",4,False
conv_109046,109046,140203,app_store_billing,@AppleSupport why have you taken my Apple subscription twice within two days?,why have you taken my Apple subscription twice within two days?,@140203 We can help out. We'd want to get you in touch with our iTunes Store support here:   https://t.co/SDIe7UiyJN,We can help out. We'd want to get you in touch with our iTunes Store support here:,2,True
conv_109050,109050,140204,app_store_billing,"@AppleSupport Do I have to buy an iPhone 8 directly from Apple to be eligible for AppleCare+ or can I buy the phone separately and add AC+ afterwards, as long as it's within 60 days of my purchase?","Do I have to buy an iPhone 8 directly from Apple to be eligible for AppleCare+ or can I buy the phone separately and add AC+ afterwards, as long as it's within 60 days of my purchase?","@140204 That's a great question! No, you don't have to buy your iPhone directly from us. Please take a look at the following article for some guidance on purchasing an AppleCare plan for your device: https://t.co/brpZQUaYqu","That's a great question! No, you don't have to buy your iPhone directly from us. Please take a look at the following article for some guidance on purchasing an AppleCare plan for your device:",4,True
conv_118103,118103,142191,app_store_billing,"@AppleSupport I have a question, if I were to get a new computer, how would I transfer my songs on iTunes on my old computer to iTunes on my new computer? Asking because I may get a new computer","I have a question, if I were to get a new computer, how would I transfer my songs on iTunes on my old computer to iTunes on my new computer? Asking because I may get a new computer",@142191 Hello there. We'd love to help you with transferring your iTunes library. Please take a look at this: https://t.co/lQg9Mr0sdj,Hello there. We'd love to help you with transferring your iTunes library. Please take a look at this:,2,True
conv_119492,119492,142510,app_store_billing,"Yes, I’m looking for my playlists. What happened to them? @118936 @AppleSupport @115948 @118721 #iTunes #Apple https://t.co/lB3mfRYPyT","Yes, I’m looking for my playlists. What happened to them? @118936 @AppleSupport @115948 @118721 #iTunes #Apple","@142510 Thanks for reaching out. Do you currently have iCloud Music Library enabled? Also, let us know the iOS you're running on your iPhone and we'll take it from there.","Thanks for reaching out. Do you currently have iCloud Music Library enabled? Also, let us know the iOS you're running on your iPhone and we'll take it from there.",4,False
conv_119524,119524,142519,app_store_billing,@AppleSupport is the Animal Crossing game on the Mac App Store?,is the Animal Crossing game on the Mac App Store?,@142519 Hey there! Thanks for asking; we'd love to help with this! Animal Crossing is available for iOS devices running iOS 9 or later. It's not currently available for Mac computers.,Hey there! Thanks for asking; we'd love to help with this! Animal Crossing is available for iOS devices running iOS 9 or later. It's not currently available for Mac computers.,2,False
conv_122341,122341,143285,app_store_billing,@AppleSupport I’m having trouble accessing your website to purchase something. Any chance you know when it’ll be available again?,I’m having trouble accessing your website to purchase something. Any chance you know when it’ll be available again?,@143285 We're happy to help. What happens when you try to make a purchase? Are you getting an error message?,We're happy to help. What happens when you try to make a purchase? Are you getting an error message?,2,False
conv_123718,123718,143663,app_store_billing,@118721 @AppleSupport i bought a song from Little Mix new album but when I go to my library is not even there like I didn’t buy it ?? And also on iTunes is said that I bought a song.  what do i do to get the song i paid for? Or at least give me my money back 🙄🙄 https://t.co/9UDcPv1sKI,i bought a song from Little Mix new album but when I go to my library is not even there like I didn’t buy it ?? And also on iTunes is said that I bought a song. what do i do to get the song i paid for? Or at least give me my money back 🙄🙄,"@143663 We can help. Check out the section ""Redownload a song, album, or music video"" here: https://t.co/I39AyMJNgb

Let us know if the song appears there. https://t.co/GDrqU22YpT","We can help. Check out the section ""Redownload a song, album, or music video"" here: Let us know if the song appears there.",2,True
conv_125020,125020,144022,app_store_billing,"@AppleSupport hi there, I sent an iTunes gift for my friend. This morning he lost it with no reason and can’t find it anywhere. Please help.","hi there, I sent an iTunes gift for my friend. This morning he lost it with no reason and can’t find it anywhere. Please help.","@144022 Hi. We are here to help. Check out this link for steps to resend your gift:
https://t.co/dmWUqgVYdP",Hi. We are here to help. Check out this link for steps to resend your gift:,4,True
conv_125777,125777,144221,app_store_billing,Hey @AppleSupport can you tell me why this keeps on popping up? I’m not trying to purchase anything? https://t.co/wUiDreUVVr,Hey @AppleSupport can you tell me why this keeps on popping up? I’m not trying to purchase anything?,@144221 Thanks for reaching out. Do you happen to have any apps trying to download from the App Store?,Thanks for reaching out. Do you happen to have any apps trying to download from the App Store?,4,False
conv_127135,127135,144546,app_store_billing,@AppleSupport I pre ordered an album on iTunes but it’s not showing up in my music library even though it’s been released how can I fix this?,I pre ordered an album on iTunes but it’s not showing up in my music library even though it’s been released how can I fix this?,"@144546 Thanks for contacting us, we can help you with your pre-order download issue. Please check out and follow the steps in the “Download a pre-order” section of this support article: https://t.co/df4pj0iEqO DM us if you have any questions or concerns. https://t.co/GDrqU22YpT","Thanks for contacting us, we can help you with your pre-order download issue. Please check out and follow the steps in the “Download a pre-order” section of this support article: DM us if you have any questions or concerns.",2,True
conv_127626,127626,144676,app_store_billing,@AppleSupport I all of a sudden have a ton of duplicate films showing in my iTunes collection.,I all of a sudden have a ton of duplicate films showing in my iTunes collection.,@144676 Our website here has some info that should help you: https://t.co/7a2drmJF0i DM us if you have any other questions about this. https://t.co/GDrqU22YpT,Our website here has some info that should help you: DM us if you have any other questions about this.,2,True
conv_143505,143505,119021,app_store_billing,I’m still trying to repair my iPhone 5s but iTunes give me an Error code 3194 🤞🏻 @AppleSupport https://t.co/qcQBxgTBEA,I’m still trying to repair my iPhone 5s but iTunes give me an Error code 3194 🤞🏻 @AppleSupport,@119021 Let's work on this together. Which iTunes version and iOS version are you using? Please also take a look at the following article regarding this error message: https://t.co/YP1YMbkfRk,Let's work on this together. Which iTunes version and iOS version are you using? Please also take a look at the following article regarding this error message:,2,True
conv_143533,143533,148427,app_store_billing,@AppleSupport I want to change the country of my App Store from USA to India and it keeps asking my for my credit card. Why do u need my card information when I m only changing the region on my phone,I want to change the country of my App Store from USA to India and it keeps asking my for my credit card. Why do u need my card information when I m only changing the region on my phone,@148427 We're here to help. This article will explain why you need to make that change: https://t.co/usOJWy6ChP,We're here to help. This article will explain why you need to make that change:,2,True
conv_145186,145186,148896,app_store_billing,can i refund an album i bought 3 years ago? @118721 @115858 @AppleSupport,can i refund an album i bought 3 years ago? @118721 @115858 @AppleSupport,@148896 We'd want to get you in touch with our iTunes Store support here:   https://t.co/SDIe7UiyJN,We'd want to get you in touch with our iTunes Store support here:,2,True
conv_145243,145243,148918,app_store_billing,@AppleSupport why can't I add music from my computer (w/ itunes) to my iphone with Apple Music on ?,why can't I add music from my computer (w/ itunes) to my iphone with Apple Music on ?,"@148918 With Apple Music and iCloud Music Library enabled, music you add to your library should already be available on your device through iCloud. This is why in order to manually sync the content, you'd need to turn off this feature.","With Apple Music and iCloud Music Library enabled, music you add to your library should already be available on your device through iCloud. This is why in order to manually sync the content, you'd need to turn off this feature.",2,False
conv_146617,146617,149282,app_store_billing,& it asks me if i wanna purchase the song (Again) when i press on it...? @115858 @AppleSupport https://t.co/FCanWs2KXp,& it asks me if i wanna purchase the song (Again) when i press on it...? @115858 @AppleSupport,"@149282 We can help get this sorted out. Just to rule something out, have you downloaded that purchase on your device? Does that show up and play in the Music app?","We can help get this sorted out. Just to rule something out, have you downloaded that purchase on your device? Does that show up and play in the Music app?",4,False
conv_146732,146732,149314,app_store_billing,@AppleSupport I got a $25 iTunes card and only got 17🤬🤬🤬 this is some garbage m8,I got a $25 iTunes card and only got 17🤬🤬🤬 this is some garbage m8,@149314 Let's get you pointed in the right direction for help with iTunes Gift Card. You can reach out to one of our iTunes Advisors here: https://t.co/SDIe7UiyJN,Let's get you pointed in the right direction for help with iTunes Gift Card. You can reach out to one of our iTunes Advisors here:,2,True
conv_148176,148176,149705,app_store_billing,"Yep cheers iTunes, how do I fix this? Preordered the album this week @AppleSupport #WhoBuiltTheMoon https://t.co/yvyfuAsR8s","Yep cheers iTunes, how do I fix this? Preordered the album this week @AppleSupport #WhoBuiltTheMoon","@149705 Let's work together to get your music downloaded. Are you seeing and downloads available in the iTunes Store? To check, from your Home screen tap iTunes Store > More > Downloads.","Let's work together to get your music downloaded. Are you seeing and downloads available in the iTunes Store? To check, from your Home screen tap iTunes Store > More > Downloads.",6,False
conv_148212,148212,149718,app_store_billing,My iPhone X and iPad Pro 2 will not let me download my iTunes movie. Keeps saying Preparing to download.. @AppleSupport @115858,My iPhone X and iPad Pro 2 will not let me download my iTunes movie. Keeps saying Preparing to download.. @AppleSupport @115858,@149718 We're here to help. The following article provides steps to get your download started: https://t.co/zM9ervDCbU,We're here to help. The following article provides steps to get your download started:,4,True
conv_149947,149947,118717,app_store_billing,You charged me for Apple Music but didn’t even tell me my trial was over. I want a refund @AppleSupport,You charged me for Apple Music but didn’t even tell me my trial was over. I want a refund @AppleSupport,"@118717 The Apple Music plan automatically renews after the free trial period. If you'd like to cancel the subscription, and request a credit, you'll want to reach out to our iTunes Store support experts. Reach out to our iTunes Store experts here: https://t.co/SDIe7UiyJN","The Apple Music plan automatically renews after the free trial period. If you'd like to cancel the subscription, and request a credit, you'll want to reach out to our iTunes Store support experts. Reach out to our iTunes Store experts here:",2,True
conv_151474,151474,150592,app_store_billing,"@AppleSupport Apple Music hasn’t been letting me download songs, add songs to playlists or create new playlist for a few weeks now - how do I resolve this? I pay £9.99 a month so I’d expect a refund this month","Apple Music hasn’t been letting me download songs, add songs to playlists or create new playlist for a few weeks now - how do I resolve this? I pay £9.99 a month so I’d expect a refund this month","@150592 We’ll be happy to help with Apple Music. To start, send us a DM confirming which software version you’re using. https://t.co/GDrqU22YpT","We’ll be happy to help with Apple Music. To start, send us a DM confirming which software version you’re using.",2,True
conv_154446,154446,151393,app_store_billing,"@AppleSupport Hello, I'm planning to buy Iphone X from apple store and i have a trip to Europe - Bulgaria. There is a One-time payment option which says Unlocked iPhone with Sprint SIM for 999. Will I be able to use the phone with Telenor sim?","Hello, I'm planning to buy Iphone X from apple store and i have a trip to Europe - Bulgaria. There is a One-time payment option which says Unlocked iPhone with Sprint SIM for 999. Will I be able to use the phone with Telenor sim?",@151393 Hi there. We've received your DM. We will follow up with you there shortly.,Hi there. We've received your DM. We will follow up with you there shortly.,4,True
conv_154460,154460,151398,app_store_billing,"@AppleSupport Bought ipad online,Apple canada, got 2 credit card charges, 1 for iPad (with $140 discount) + $140 gift card + tax, thats fine","Bought ipad online,Apple canada, got 2 credit card charges, 1 for iPad (with $140 discount) + $140 gift card + tax, thats fine",@151398 Thanks for reaching out. That's a question best suited for our Sales team. You can reach out to them here: https://t.co/8yjRd1Xo0i,Thanks for reaching out. That's a question best suited for our Sales team. You can reach out to them here:,3,True
conv_156023,156023,151821,app_store_billing,@AppleSupport I need help with something related to iTunes :) can you help?,I need help with something related to iTunes :) can you help?,@151821 We'd be happy to help. What's going on with iTunes? Which device are you using iTunes on?,We'd be happy to help. What's going on with iTunes? Which device are you using iTunes on?,2,False
conv_159599,159599,152743,app_store_billing,"@AppleSupport ¿Con todo respeto, como hago para que el Itunes en un MacBook Air, no me pida la contraseña cada nanosegundo?","¿Con todo respeto, como hago para que el Itunes en un MacBook Air, no me pida la contraseña cada nanosegundo?",@152743 We offer support via Twitter in English. Get help in Spanish here: https://t.co/IBIY3vMgPj or join https://t.co/OczyRx7IOs,We offer support via Twitter in English. Get help in Spanish here: or join,2,True
conv_159615,159615,152749,app_store_billing,@AppleSupport WHY AM I GETTING CHARGED $15 TWICE?! For NOTHING,WHY AM I GETTING CHARGED $15 TWICE?! For NOTHING,@152749 We'd like to help. Could you tell us more about the charges in question? What are they related to? Let us know via DM to continue. https://t.co/GDrqU22YpT,We'd like to help. Could you tell us more about the charges in question? What are they related to? Let us know via DM to continue.,2,True
conv_161262,161262,153201,app_store_billing,@AppleSupport I can’t back my iPhone up to my MacBook Pro as I keep getting the error “iTunes could not back up the iPhone Jess North because an error occurred while reading from or writing to the iPhone” How can I resolve this as I get a new phone next week and want to transfer?,I can’t back my iPhone up to my MacBook Pro as I keep getting the error “iTunes could not back up the iPhone Jess North because an error occurred while reading from or writing to the iPhone” How can I resolve this as I get a new phone next week and want to transfer?,"@153201 We understand how important backing up your device is, and we're happy to help. To start, please check out https://t.co/0Yt2YL6ezw for tips. Keep us posted on how it goes. If needed, we're here for you.","We understand how important backing up your device is, and we're happy to help. To start, please check out for tips. Keep us posted on how it goes. If needed, we're here for you.",4,True
conv_161298,161298,153212,app_store_billing,@AppleSupport hi i recently bought an itunes giftcard in pakistan for my ipad pro and it was a US one. How do i redeem it? Please help.,hi i recently bought an itunes giftcard in pakistan for my ipad pro and it was a US one. How do i redeem it? Please help.,@153212 Great question. iTunes Gift Cards are specific to your country so a US gift card would need to be redeemed in the US iTunes Store. Check out this article for more information: https://t.co/aeIUyI7e1H,Great question. iTunes Gift Cards are specific to your country so a US gift card would need to be redeemed in the US iTunes Store. Check out this article for more information:,2,True
conv_162734,162734,153597,app_store_billing,"@AppleSupport  Hi, I made a transaction twice by mistake, please refund. All details at the photo https://t.co/K3GxrVC3LM","Hi, I made a transaction twice by mistake, please refund. All details at the photo","@153597 We can help out. You can use: https://t.co/tlZYM6JMKL

Or we'd want to get you in touch with our iTunes Store support here:   https://t.co/SDIe7UiyJN",We can help out. You can use: Or we'd want to get you in touch with our iTunes Store support here:,2,True
conv_162811,162811,153613,app_store_billing,"@AppleSupport Heard your offering a deal today, That you receive a gift card with a purchase. Can this be used along with student discount aswell ? 🍎 
Regards","Heard your offering a deal today, That you receive a gift card with a purchase. Can this be used along with student discount aswell ? 🍎 Regards",@153613 Hi there. Please reach out to our Sales Support team with questions about purchasing. You'll find them here: https://t.co/8yjRd1Xo0i,Hi there. Please reach out to our Sales Support team with questions about purchasing. You'll find them here:,4,True
conv_162826,162826,153617,app_store_billing,I can’t connect to the iTunes Store! @AppleSupport https://t.co/EZyaJHVWlW,I can’t connect to the iTunes Store! @AppleSupport,@153617 We want to help you out. Does this issue occur on a Wi-Fi connection? Which version of iOS are you running?,We want to help you out. Does this issue occur on a Wi-Fi connection? Which version of iOS are you running?,7,False
conv_165750,165750,71433,app_store_billing,"When you add iTunes Match, via iTunes Store, there’s no confirmation that I actually added iTunes Match. Isn’t there suppose to be that, @AppleSupport? Or how do you see that you added iTunes Match? iTunes Match fully functional?","When you add iTunes Match, via iTunes Store, there’s no confirmation that I actually added iTunes Match. Isn’t there suppose to be that, @AppleSupport? Or how do you see that you added iTunes Match? iTunes Match fully functional?",@71433 We know how important music can be. Learn about iTunes Match here: https://t.co/1B6aeGz5sd,We know how important music can be. Learn about iTunes Match here:,2,True
conv_165784,165784,154490,app_store_billing,@AppleSupport is there an issue with deleting music off the iPhone 8 via iTunes & it not removing the files from the phone been addressed?,is there an issue with deleting music off the iPhone 8 via iTunes & it not removing the files from the phone been addressed?,"@154490 We'd be happy to look into this with you! So when you try to delete music from the phone using iTunes, it isn't actually removing the songs from your device? Let us know in a DM. https://t.co/GDrqU22YpT","We'd be happy to look into this with you! So when you try to delete music from the phone using iTunes, it isn't actually removing the songs from your device? Let us know in a DM.",2,True
conv_167279,167279,154897,app_store_billing,@AppleSupport I had subscribed for apple music free trial version for 3 months and the very next day it charges me 3 something dollars. What's the point of 3 months free subscription here?,I had subscribed for apple music free trial version for 3 months and the very next day it charges me 3 something dollars. What's the point of 3 months free subscription here?,@154897 Thank you for getting in contact with us. Please reach out to the iTunes Store team to investigate this charge further. Use this link to get in contact: https://t.co/SDIe7UiyJN,Thank you for getting in contact with us. Please reach out to the iTunes Store team to investigate this charge further. Use this link to get in contact:,2,True
conv_170376,170376,155695,app_store_billing,@AppleSupport I can’t download app updates from App Store without restarting my phone (6S / 11.1.2). Is this being fixed soon or is that just standard now?,I can’t download app updates from App Store without restarting my phone (6S / 11.1.2). Is this being fixed soon or is that just standard now?,"@155695 This isn’t expected behavior, we’ll work through fixing this together. Are you able to try updating these same apps with another network?","This isn’t expected behavior, we’ll work through fixing this together. Are you able to try updating these same apps with another network?",4,False
conv_174160,174160,156813,app_store_billing,@AppleSupport My Apple Watch keeps turning off and on by itself and it’s charged. What do I do?,My Apple Watch keeps turning off and on by itself and it’s charged. What do I do?,@156813 We'd be happy to help. Can you let us know which version of the watchOS you're running? You can check by opening the Watch app on your paired iPhone > General > About.,We'd be happy to help. Can you let us know which version of the watchOS you're running? You can check by opening the Watch app on your paired iPhone > General > About.,5,False
conv_174987,174987,157057,app_store_billing,"@AppleSupport how come Apple Pay isn’t working on @9891? Every time I attempt to finish it, it says “Payment not completed.”","how come Apple Pay isn’t working on @9891? Every time I attempt to finish it, it says “Payment not completed.”",@157057 We’d like to point you in the best direction for assistance. Our team that best helps with Apple Pay would love to assist you from the following link: https://t.co/IBIY3vMgPj,We’d like to point you in the best direction for assistance. Our team that best helps with Apple Pay would love to assist you from the following link:,2,True
conv_177017,177017,157661,app_store_billing,@AppleSupport I accidentally clicked 1 button on a $10 in-app purchase and it went though before I could hit cancel. I do not want the purchase. Can I undo it?,I accidentally clicked 1 button on a $10 in-app purchase and it went though before I could hit cancel. I do not want the purchase. Can I undo it?,@157661 No worries. Our iTunes Support Team can take a look into this with you. Reach them here:  https://t.co/SDIe7UiyJN,No worries. Our iTunes Support Team can take a look into this with you. Reach them here:,2,True
conv_184532,184532,159436,app_store_billing,@AppleSupport Where did the tones tab go from my iTunes! I can’t even download / get my made ringtones 🤦🏽‍♂️🤦🏽‍♂️🤦🏽‍♂️ #annoyed!,Where did the tones tab go from my iTunes! I can’t even download / get my made ringtones 🤦🏽‍♂️🤦🏽‍♂️🤦🏽‍♂️ #annoyed!,@159436 Hey there. We'd be happy to clarify. Send us a DM so we can discuss this with you there. https://t.co/GDrqU22YpT,Hey there. We'd be happy to clarify. Send us a DM so we can discuss this with you there.,2,True
conv_188370,188370,160201,app_store_billing,"@AppleSupport I was not using my iPad for many weeks now, after I charged it, no longer opens. It’s not appearing on iTunes devices.","I was not using my iPad for many weeks now, after I charged it, no longer opens. It’s not appearing on iTunes devices.",@160201 We want to make sure we get your iPad up and running. Please meet us in DM so we can assist you. https://t.co/GDrqU22YpT,We want to make sure we get your iPad up and running. Please meet us in DM so we can assist you.,2,True
conv_188561,188561,136574,app_store_billing,"@115858 @AppleSupport please bring back the ""Play Later"" feature for iTunes!","please bring back the ""Play Later"" feature for iTunes!",@136574 Thanks for contacting us for support. Let's look into this together. Could you tell us which Apple product you're using?,Thanks for contacting us for support. Let's look into this together. Could you tell us which Apple product you're using?,4,False
conv_188615,188615,160270,app_store_billing,@AppleSupport the app store isn't on my phone anymore,the app store isn't on my phone anymore,"@160270 That App Store may just be hidden. If you use these steps to search for it, can you see it: https://t.co/C5o3PCtNd0","That App Store may just be hidden. If you use these steps to search for it, can you see it:",4,True
conv_229171,229171,170651,app_store_billing,@AppleSupport why .m4r format not working in itunes?,why .m4r format not working in itunes?,@170651 Can you provide us which operating system and version of iTunes you're using?,Can you provide us which operating system and version of iTunes you're using?,8,False
conv_233955,233955,171704,app_store_billing,@AppleSupport the price shown is 690 but was on offer for under 300 Taking a screenshot accidently bought it.refund. email support is high https://t.co/XbdpIG3kPx,the price shown is 690 but was on offer for under 300 Taking a screenshot accidently bought it.refund. email support is high,"@171704 For further assistance with this issue, we'd recommend reaching out to our experts here: https://t.co/SDIe7UiyJN","For further assistance with this issue, we'd recommend reaching out to our experts here:",2,True
conv_235030,235030,171974,app_store_billing,@AppleSupport why are my App Store categories in Spanish but everything else in English?? https://t.co/y71fPf3hl5,why are my App Store categories in Spanish but everything else in English??,"@171974 Great! If you have other questions or concerns, please let us know. Have a great day.","Great! If you have other questions or concerns, please let us know. Have a great day.",3,False
conv_235842,235842,172176,app_store_billing,"@AppleSupport hi! Is this an official apple email? If so, I didn’t buy anything that’s on this receipt! 😱😱 https://t.co/hzlwX5xX87","hi! Is this an official apple email? If so, I didn’t buy anything that’s on this receipt! 😱😱",@172176 We'd love to look into this with you. Please join us in DM so we can review some information. https://t.co/GDrqU22YpT,We'd love to look into this with you. Please join us in DM so we can review some information.,3,True
conv_236814,236814,172397,app_store_billing,@AppleSupport hi cancelled Apple Music about 2 months ago and I’m still being charged for it,hi cancelled Apple Music about 2 months ago and I’m still being charged for it,@172397 Reach out to our iTunes Store support via the following link for support with looking in to this issue: https://t.co/SDIe7UiyJN,Reach out to our iTunes Store support via the following link for support with looking in to this issue:,2,True
conv_242612,242612,173627,app_store_billing,@AppleSupport song previews aren’t playing on ITunes Store on my computer or iPhone. They just buffer forever and nothing happens.,song previews aren’t playing on ITunes Store on my computer or iPhone. They just buffer forever and nothing happens.,@173627 Knowing what you're buying is essential. Let's look into this. Are your iPhone and computer on the same Wi-Fi network?,Knowing what you're buying is essential. Let's look into this. Are your iPhone and computer on the same Wi-Fi network?,6,False
conv_244186,244186,173999,app_store_billing,@115858 @AppleSupport Can you bundle the Watch Faces on a purchase of a Nike Sport Band?,Can you bundle the Watch Faces on a purchase of a Nike Sport Band?,"@173999 Hey, let's get you pointed in the right direction. Please send us a DM and we'll go from there. https://t.co/GDrqU22YpT","Hey, let's get you pointed in the right direction. Please send us a DM and we'll go from there.",2,True
conv_244226,244226,174012,app_store_billing,"@AppleSupport Hi this is my brand new MacBook Pro 3.1 Ghz touchpad and this is from closing the laptop, very disappointed in my purchase!!! https://t.co/szyflSNn7j","Hi this is my brand new MacBook Pro 3.1 Ghz touchpad and this is from closing the laptop, very disappointed in my purchase!!!",@174012 We'd like to look into this a bit more with you. Could you join us in DM with more details? https://t.co/GDrqU2kzhr,We'd like to look into this a bit more with you. Could you join us in DM with more details?,3,True
conv_247579,247579,174827,app_store_billing,"@AppleSupport Any reason Independence Day Resurgence went from 4K, to 4K HDR and then back to HD on the UK iTunes store today?","Any reason Independence Day Resurgence went from 4K, to 4K HDR and then back to HD on the UK iTunes store today?","@174827 Thanks for reaching out. For questions regarding iTunes Store content, reach our iTunes Store team here: https://t.co/SDIe7UiyJN","Thanks for reaching out. For questions regarding iTunes Store content, reach our iTunes Store team here:",2,True
conv_252877,252877,176094,app_store_billing,@AppleSupport Hi. Where do I find my Wish List in the updated App Store on iOS11?,Hi. Where do I find my Wish List in the updated App Store on iOS11?,"@176094 With the changes made to the App Store, here is a helpful link. https://t.co/oWUHlN3WRH","With the changes made to the App Store, here is a helpful link.",3,True
conv_254127,254127,125173,app_store_billing,@AppleSupport a family member accidentally signed up to a news subscription. How can I manage this from the Organiser device?,a family member accidentally signed up to a news subscription. How can I manage this from the Organiser device?,@125173 This article will help you cancel a subscription: https://t.co/YKDbvueXrq,This article will help you cancel a subscription:,2,True
conv_255113,255113,176650,app_store_billing,"@AppleSupport Hello, my purchased songs are disappearing for download from iTunes, what’s happening? Do you have any suggestions?","Hello, my purchased songs are disappearing for download from iTunes, what’s happening? Do you have any suggestions?","@176650 We want to get your iTunes purchases to stay put.  To which device is this happening?
Do you use Apple Music?",We want to get your iTunes purchases to stay put. To which device is this happening? Do you use Apple Music?,4,False
conv_256740,256740,177053,app_store_billing,"@AppleSupport I need to change country my iTunes acct: have to cancel @115948 first, change and reactivate. Do I will lose my music?","I need to change country my iTunes acct: have to cancel @115948 first, change and reactivate. Do I will lose my music?",@177053 We have a dedicated iTunes team who can help you look into this. Get in touch with them online here: https://t.co/SDIe7UiyJN,We have a dedicated iTunes team who can help you look into this. Get in touch with them online here:,4,True
conv_9195,9195,117653,hardware_repair_service,@AppleSupport I bought an iPhone 8 with AppleCare+. Wanting to return the iPhone 8. What happens with the AppleCare+?,I bought an iPhone 8 with AppleCare+. Wanting to return the iPhone 8. What happens with the AppleCare+?,@117653 Thanks for contacting us. We'd like to gather some info to help out. Let's meet in DM. https://t.co/GDrqU22YpT,Thanks for contacting us. We'd like to gather some info to help out. Let's meet in DM.,2,True
conv_17292,17292,119810,hardware_repair_service,"So you spend over one thousand pounds on a new #Apple laptop, it breaks, goes in for a two week repair and then comes out... BROKEN AGAIN. I can’t even get through to customer service now. #rippedoff @AppleSupport @115858","So you spend over one thousand pounds on a new #Apple laptop, it breaks, goes in for a two week repair and then comes out... BROKEN AGAIN. I can’t even get through to customer service now. #rippedoff @AppleSupport @115858","@119810 We're happy to help you out here. Let's meet up in DM, and we can work together. Please let us now a few more details about the issue as well as the type of Mac and your current country as our options are a little different around the globe. https://t.co/GDrqU22YpT","We're happy to help you out here. Let's meet up in DM, and we can work together. Please let us now a few more details about the issue as well as the type of Mac and your current country as our options are a little different around the globe.",2,True
conv_23122,23122,121035,hardware_repair_service,@AppleSupport you guys are terrible back in October you said you’d send me something so I could send in my AirPods for repair since they didn’t work when I bought them. You never sent them to me at fort sill. Thanks!,you guys are terrible back in October you said you’d send me something so I could send in my AirPods for repair since they didn’t work when I bought them. You never sent them to me at fort sill. Thanks!,@121035 We are happy to help. Please DM us and we will continue from there. https://t.co/GDrqU22YpT,We are happy to help. Please DM us and we will continue from there.,2,True
conv_31931,31931,123059,hardware_repair_service,@AppleSupport Can I pay for  Care + online with an Apple Store gift card or do I have go into the store?,Can I pay for  Care + online with an Apple Store gift card or do I have go into the store?,@123059 We'll get you pointed in the right direction. Please DM us so we can go over all options. https://t.co/GDrqU22YpT,We'll get you pointed in the right direction. Please DM us so we can go over all options.,2,True
conv_43373,43373,125616,hardware_repair_service,"Phone out of warrantee by 15 days, broken due to a hardware fault and no responsibility taken by @115858 @AppleSupport","Phone out of warrantee by 15 days, broken due to a hardware fault and no responsibility taken by @115858 @AppleSupport",@125616 Hello. We'll be glad to check into your options. Please meet us in a DM and share a few details. https://t.co/GDrqU22YpT,Hello. We'll be glad to check into your options. Please meet us in a DM and share a few details.,2,True
conv_50878,50878,127422,hardware_repair_service,@AppleSupport IPhone 5s reseting after few min. since updgrade iOS11 from ios10. Any solution? No Apple store near. I’m from Canary Islands.,IPhone 5s reseting after few min. since updgrade iOS11 from ios10. Any solution? No Apple store near. I’m from Canary Islands.,@127422 We want to help.  Send us a DM letting us know if you are updated to iOS 11.1 https://t.co/GDrqU22YpT,We want to help. Send us a DM letting us know if you are updated to iOS 11.1,2,True
conv_53578,53578,128110,hardware_repair_service,@AppleSupport can I buy Apple care if I got my iPhone from EE and asking as it’s within the time limit to buy?,can I buy Apple care if I got my iPhone from EE and asking as it’s within the time limit to buy?,"@128110 You've come to the right place! So we can provide you with the information for your region, please verify the country you're in.","You've come to the right place! So we can provide you with the information for your region, please verify the country you're in.",4,False
conv_54445,54445,128325,hardware_repair_service,@AppleSupport why is my whole phone messed up after 3 back to back updates ? Why do I have question marks In replace of an emoji ?,why is my whole phone messed up after 3 back to back updates ? Why do I have question marks In replace of an emoji ?,@128325 We're happy to assist. Which iOS 11 version are you currently running? Go to Settings > General > About for the version.,We're happy to assist. Which iOS 11 version are you currently running? Go to Settings > General > About for the version.,2,False
conv_61403,61403,130048,hardware_repair_service,@AppleSupport does apple care cover stolen iPhone?,does apple care cover stolen iPhone?,@130048  Apple Care does not cover stolen devices. Here's more information. https://t.co/Ds0oKsCgkE,Apple Care does not cover stolen devices. Here's more information.,2,True
conv_81811,81811,134120,hardware_repair_service,@116333  @AppleSupport i have bought 5s in march and my earphone is nt wrkng .service centre denying to replace .help pls rgds gurnam 9971269316,i have bought 5s in march and my earphone is nt wrkng .service centre denying to replace .help pls rgds gurnam 9971269316,@134120 Please send us a DM. We'd like to get some additional information on what you're encountering. https://t.co/GDrqU22YpT,Please send us a DM. We'd like to get some additional information on what you're encountering.,3,True
conv_82002,82002,134146,hardware_repair_service,@AppleSupport The case didn’t hold my AirPods when it fell down. And now one of them is broken. It was a gift. Please help. What should I do? https://t.co/3W1LdBcPVu,The case didn’t hold my AirPods when it fell down. And now one of them is broken. It was a gift. Please help. What should I do?,@134146 We'd be happy to look into your service options. Please DM us which country you're located in and we'll get started reviewing your available options to have this taken care of. https://t.co/GDrqU22YpT,We'd be happy to look into your service options. Please DM us which country you're located in and we'll get started reviewing your available options to have this taken care of.,2,True
conv_87210,87210,135089,hardware_repair_service,"@AppleSupport Hi, I’m in Cyprus where they have no actual Apple Store. I have an iPad Pro 10.5 inch and it’s bent, despite being in a good quality case since I bought it. What can I do? It also has a dead pixel and rotation issues. Thanks","Hi, I’m in Cyprus where they have no actual Apple Store. I have an iPad Pro 10.5 inch and it’s bent, despite being in a good quality case since I bought it. What can I do? It also has a dead pixel and rotation issues. Thanks",@135089 We'd be happy to look into this with you more in detail. Please reach out to us via DM and we'll get started. https://t.co/GDrqU22YpT,We'd be happy to look into this with you more in detail. Please reach out to us via DM and we'll get started.,2,True
conv_90632,90632,135618,hardware_repair_service,"@AppleSupport I purchased a Macbook Pro 13"" Touchbar and within 4 days discovered keys were going hard, not inputting properly - should this machine be immediately replaced. If it has to go into a repair centre first, can you say why?","I purchased a Macbook Pro 13"" Touchbar and within 4 days discovered keys were going hard, not inputting properly - should this machine be immediately replaced. If it has to go into a repair centre first, can you say why?",@135618 Thanks for reaching out. We can definitely look into your optoins with you. Send us a DM and we'll go from there. https://t.co/GDrqU22YpT,Thanks for reaching out. We can definitely look into your optoins with you. Send us a DM and we'll go from there.,2,True
conv_92739,92739,136085,hardware_repair_service,@AppleSupport I am from India and I want to order the iPhone X from Dubai? Is that possible from your Apple store? Can I make that happen?,I am from India and I want to order the iPhone X from Dubai? Is that possible from your Apple store? Can I make that happen?,@136085 We’d like to help with your iPhone X order! We know how important being able to customize your order and pickup options are. In order to get started reach out to us here:  https://t.co/8yjRd1Xo0i,We’d like to help with your iPhone X order! We know how important being able to customize your order and pickup options are. In order to get started reach out to us here:,2,True
conv_96896,96896,137148,hardware_repair_service,"Hey @AppleSupport if I get a replacement for my device because it was defective, will it come in a sealed package as the first I got from the shop or I will get just a device without box?","Hey @AppleSupport if I get a replacement for my device because it was defective, will it come in a sealed package as the first I got from the shop or I will get just a device without box?","@137148 If you did a mail in repair, you will receive a device in a box.","If you did a mail in repair, you will receive a device in a box.",10,False
conv_96976,96976,137165,hardware_repair_service,@AppleSupport I got an electric shock from your headphones on the 5th and still haven’t got a replacement. I’ve also been told that it’s unlikely that I’ll have my replacement by my holiday on the 6th. Anything to speed this up?,I got an electric shock from your headphones on the 5th and still haven’t got a replacement. I’ve also been told that it’s unlikely that I’ll have my replacement by my holiday on the 6th. Anything to speed this up?,@137165 Thanks for reaching out. We'd be happy to get you pointed in the right direction. DM us and we'll continue with you there. https://t.co/GDrqU22YpT,Thanks for reaching out. We'd be happy to get you pointed in the right direction. DM us and we'll continue with you there.,2,True
conv_98883,98883,137648,hardware_repair_service,Unplug my iphone at 7 AM and it’s at 39% at 8:23 AM hahahahahah i cant take this @AppleSupport that’s disgusting. I should be able to get a phone because this one is broken. Makes me sick,Unplug my iphone at 7 AM and it’s at 39% at 8:23 AM hahahahahah i cant take this @AppleSupport that’s disgusting. I should be able to get a phone because this one is broken. Makes me sick,@137648 We certainly understand that battery life is important and we'd like to look in to this with you. Please DM us about this and we'll continue from there. https://t.co/GDrqU22YpT,We certainly understand that battery life is important and we'd like to look in to this with you. Please DM us about this and we'll continue from there.,2,True
conv_101282,101282,138169,hardware_repair_service,Hey @AppleSupport could you make it more impossible and frustrating to get a Genius Bar Reservation for an elderly person? Ridiculous.,Hey @AppleSupport could you make it more impossible and frustrating to get a Genius Bar Reservation for an elderly person? Ridiculous.,@138169 We're here for you. Use the link below to send us a DM with your country of residence and we'll look into support options with you. https://t.co/GDrqU22YpT,We're here for you. Use the link below to send us a DM with your country of residence and we'll look into support options with you.,2,True
conv_105438,105438,139292,hardware_repair_service,@AppleSupport how do i make a service complaint?? Disappointed in my service for my⌚️ repair 😡,how do i make a service complaint?? Disappointed in my service for my⌚️ repair 😡,@139292 We can assist you. Please DM us via the following link for any details you can provide and we'll help you from there. https://t.co/GDrqU22YpT,We can assist you. Please DM us via the following link for any details you can provide and we'll help you from there.,2,True
conv_107348,107348,139259,hardware_repair_service,"Went to apple store with call receiving issue with my iPhone. Their  reply ""1 to 2 call dropping per week is very standard. we can't do  anything."" That's the level of support you get from apple now a days. @116333 @6126 @115858 @AppleSupport","Went to apple store with call receiving issue with my iPhone. Their reply ""1 to 2 call dropping per week is very standard. we can't do anything."" That's the level of support you get from apple now a days. @116333 @6126 @115858 @AppleSupport",@139259 That's certainly not the type of experience that we want you to go through. Please send us a DM of your current location and we'll look into this with you. https://t.co/GDrqU22YpT,That's certainly not the type of experience that we want you to go through. Please send us a DM of your current location and we'll look into this with you.,2,True
conv_110935,110935,140678,hardware_repair_service,@AppleSupport MacBook Air.2 years old. But never used. Tried to use it first time two weeks ago. Cursor uncontrollable. Service at Mangalore (Maple) says Track PAD defective. RS.10000 for replacement. Quite unfair as it is manufacturing defect.Replace free of cost,MacBook Air.2 years old. But never used. Tried to use it first time two weeks ago. Cursor uncontrollable. Service at Mangalore (Maple) says Track PAD defective. RS.10000 for replacement. Quite unfair as it is manufacturing defect.Replace free of cost,@140678 We'd like to look into this. Please DM us. https://t.co/GDrqU22YpT,We'd like to look into this. Please DM us.,2,True
conv_112827,112827,141078,hardware_repair_service,@AppleSupport @115858 @125607 Thank you for not trying to solve my problem and thank you for the high morals of your customer service staff at your company and for not caring for your customers I decided now to go to the Samsung store and see there products!,Thank you for not trying to solve my problem and thank you for the high morals of your customer service staff at your company and for not caring for your customers I decided now to go to the Samsung store and see there products!,@141078 We'd be happy to see what can be done about your issue. DM us detail and we'll go from there. https://t.co/GDrqU22YpT,We'd be happy to see what can be done about your issue. DM us detail and we'll go from there.,3,True
conv_112832,112832,141080,hardware_repair_service,Question @AppleSupport - I need to transfer my AppleCare to a new device. Can I do that online?,Question @AppleSupport - I need to transfer my AppleCare to a new device. Can I do that online?,"@141080 We aren't able to do that through Twitter, but you can start that process online. Check out the steps for that here: https://t.co/8CjEPFkTCs","We aren't able to do that through Twitter, but you can start that process online. Check out the steps for that here:",2,True
conv_121541,121541,143059,hardware_repair_service,@AppleSupport if I sell an apple product can the AppleCare+ be passed over to the buyer?,if I sell an apple product can the AppleCare+ be passed over to the buyer?,@143059 This article may help: https://t.co/8CjEPFkTCs You can reach out with questions here: https://t.co/IBIY3vMgPj,This article may help: You can reach out with questions here:,3,True
conv_123116,123116,143497,hardware_repair_service,@AppleSupport the wall plug thingy I purchased from you a few months ago is broken (the divider piece inside the slot). Do you fix/replace?,the wall plug thingy I purchased from you a few months ago is broken (the divider piece inside the slot). Do you fix/replace?,@143497 We'd love to help. Reach us via DM to check your service options. https://t.co/GDrqU22YpT,We'd love to help. Reach us via DM to check your service options.,2,True
conv_127664,127664,144692,hardware_repair_service,How do i make an appointment at the Genius Bar? @AppleSupport @115858,How do i make an appointment at the Genius Bar? @AppleSupport @115858,"@144692 Hi. We are here to help. What country are you located in? Let us know in DM, and we'll take it from there. https://t.co/GDrqU22YpT","Hi. We are here to help. What country are you located in? Let us know in DM, and we'll take it from there.",2,True
conv_143550,143550,148434,hardware_repair_service,I️ think my iPhone X has water damage was in not even a foot of water for 3 seconds .... @AppleSupport is this a joke,I️ think my iPhone X has water damage was in not even a foot of water for 3 seconds .... @AppleSupport is this a joke,@148434 We want to help. What indication do you have that there is water damage? DM us and we'll get started. https://t.co/GDrqU22YpT,We want to help. What indication do you have that there is water damage? DM us and we'll get started.,2,True
conv_145295,145295,148936,hardware_repair_service,@AppleSupport Can a girl get a date? Been trying for 5 weeks (!) to get an appointment at #applestoreamsterdam 😡,Can a girl get a date? Been trying for 5 weeks (!) to get an appointment at #applestoreamsterdam 😡,"@148936 We'd like to see how we can help with this. Send us a DM with more information about what's going on, and we'll get started. https://t.co/GDrqU22YpT","We'd like to see how we can help with this. Send us a DM with more information about what's going on, and we'll get started.",2,True
conv_146662,146662,149292,hardware_repair_service,"@AppleSupport, dear friends, my iPhone somewhere lost my #thanksgiving badge. Where can I find it? I’m sad I had the 3.1 miles and get promise broken, no received https://t.co/gsGDBcCPHz",", dear friends, my iPhone somewhere lost my #thanksgiving badge. Where can I find it? I’m sad I had the 3.1 miles and get promise broken, no received",@149292 Thanks for reaching out to us for assistance with your Achievement Badge. We're happy to look into this with you. Take a look at this link and let us know if this helps: https://t.co/xwf6lrIgzJ https://t.co/GDrqU22YpT,Thanks for reaching out to us for assistance with your Achievement Badge. We're happy to look into this with you. Take a look at this link and let us know if this helps:,3,True
conv_146726,146726,149311,hardware_repair_service,"@AppleSupport Gutted. At Southampton store y’day, told there’d no NO B/Friday deals so bought MacBook Air. Today email: wd be £120 gift card","Gutted. At Southampton store y’day, told there’d no NO B/Friday deals so bought MacBook Air. Today email: wd be £120 gift card",@149311 Thanks for reaching out. Click here to join us in DM. We'll continue there: https://t.co/GDrqU22YpT,Thanks for reaching out. Click here to join us in DM. We'll continue there:,2,True
conv_148102,148102,133450,hardware_repair_service,Nah ... it's OK! I *used* love @115858 having nearly every product ..but my new laptop has died and is only 3 months old. Can't get to an @AppleSupport store until Thursday as there are no appointments before then. This is the third laptop to break in 3 years. #notwhattheyusedtobe https://t.co/JtM6pIKByl,Nah ... it's OK! I *used* love @115858 having nearly every product ..but my new laptop has died and is only 3 months old. Can't get to an @AppleSupport store until Thursday as there are no appointments before then. This is the third laptop to break in 3 years. #notwhattheyusedtobe,@133450 We'd like to help. DM us details on what's going on with your Mac along with your current location. We'll work together on any issues you're having there. https://t.co/GDrqU22YpT,We'd like to help. DM us details on what's going on with your Mac along with your current location. We'll work together on any issues you're having there.,6,True
conv_148189,148189,149710,hardware_repair_service,"@AppleSupport I had a notification saying my replacement phone was being sent last Thursday, I've still heard nothing, how long do replacements usually take to ship?!","I had a notification saying my replacement phone was being sent last Thursday, I've still heard nothing, how long do replacements usually take to ship?!",@149710 We'd love to look into this with you. The email that you received notifying you of the shipment should also have a tracking number. Is there not one included? Let us know in DM and we can continue investigating. https://t.co/GDrqU2kzhr,We'd love to look into this with you. The email that you received notifying you of the shipment should also have a tracking number. Is there not one included? Let us know in DM and we can continue investigating.,2,True
conv_150029,150029,150207,hardware_repair_service,@AppleSupport reported green vertical line issue Monday 20th. Was told I’d have a resolution by today with a replacement phone. Now told I have to travel 1.5 hrs to an Apple Store in the hope of a walk-in appointment??? This is a £1000 iPhone X ....  very disappointed,reported green vertical line issue Monday 20th. Was told I’d have a resolution by today with a replacement phone. Now told I have to travel 1.5 hrs to an Apple Store in the hope of a walk-in appointment??? This is a £1000 iPhone X .... very disappointed,"@150207 Let's check into available options to get you back on track with your new iPhone X. Meet us in DM, please. https://t.co/GDrqU22YpT","Let's check into available options to get you back on track with your new iPhone X. Meet us in DM, please.",4,True
conv_82026,82026,151817,hardware_repair_service,"@116333 @115858 @AppleSupport @116333 You guys are harassing customers, sold me a faulty handset and now harassing me in replacement. Horrible service support, feeling cheated after investing 90K🤬🤬🤬","You guys are harassing customers, sold me a faulty handset and now harassing me in replacement. Horrible service support, feeling cheated after investing 90K🤬🤬🤬","@151817 Reach out to us via DM and fill us in on what exactly is occurring, then we can help out from there. https://t.co/GDrqU22YpT","Reach out to us via DM and fill us in on what exactly is occurring, then we can help out from there.",2,True
conv_157794,157794,152255,hardware_repair_service,@AppleSupport I wanted to know if an iPhone 8 plus bought in USA will have a valid warranty in India?,I wanted to know if an iPhone 8 plus bought in USA will have a valid warranty in India?,"@152255 That's a great question, and the answer is yes. You can get the full Apple warranty details here: https://t.co/JkDd3a6A1y","That's a great question, and the answer is yes. You can get the full Apple warranty details here:",6,True
conv_159588,159588,152741,hardware_repair_service,@AppleSupport Can i️ trade in a perfect contrition iphone 6s at the apple store? if so how much will i️ get,Can i️ trade in a perfect contrition iphone 6s at the apple store? if so how much will i️ get,@152741 Hi there. Your local Apple Store will be able to provide that information based on inspecting the iPhone. You can find estimated trade-in values here: https://t.co/1OpwRY51id,Hi there. Your local Apple Store will be able to provide that information based on inspecting the iPhone. You can find estimated trade-in values here:,10,True
conv_161307,161307,153216,hardware_repair_service,"@AppleSupport Frustrated,  can't figure out how to book an appt with genius bar in Sugar Land, TX","Frustrated, can't figure out how to book an appt with genius bar in Sugar Land, TX",@153216 Let us help you with that Genius Bar appointment. DM us so we can get started: https://t.co/GDrqU22YpT,Let us help you with that Genius Bar appointment. DM us so we can get started:,2,True
conv_165766,165766,154486,hardware_repair_service,hi @AppleSupport i have a fully upgraded iphone SE.  why can’t i download or use the video app to watch even SD videos (on this device) that i already own?  why can i only watch them on my pc laptop *that cost less than this phone did*?,hi @AppleSupport i have a fully upgraded iphone SE. why can’t i download or use the video app to watch even SD videos (on this device) that i already own? why can i only watch them on my pc laptop *that cost less than this phone did*?,@154486 What type of issue are you running into when you attempt to use the TV app for videos? We'll offer all the help we can in getting you back to video enjoyment.,What type of issue are you running into when you attempt to use the TV app for videos? We'll offer all the help we can in getting you back to video enjoyment.,8,False
conv_174117,174117,156798,hardware_repair_service,@AppleSupport Is the one-day shopping event only for the Apple Store online or it’s also for retail stores?,Is the one-day shopping event only for the Apple Store online or it’s also for retail stores?,"@156798 Great Question! The one-day shopping event offer is valid at Apple Store locations, Apple Online Store, and by calling 1 800 MY-APPLE for purchases on November 24, 2017. Take a look here: https://t.co/Xg5hzqKMYJ","Great Question! The one-day shopping event offer is valid at Apple Store locations, Apple Online Store, and by calling 1 800 MY-APPLE for purchases on November 24, 2017. Take a look here:",2,True
conv_177030,177030,157663,hardware_repair_service,@10010 @115858 @AppleSupport Definitely not highly recommended at this point. Paying for a defective $1150 phone and having to jump through hoops for a replacement isn’t the best experience to give a customer. Especially when other options are available,Definitely not highly recommended at this point. Paying for a defective $1150 phone and having to jump through hoops for a replacement isn’t the best experience to give a customer. Especially when other options are available,@157663 We'd like to hear more about your support experience. Please DM us. https://t.co/GDrqU22YpT,We'd like to hear more about your support experience. Please DM us.,7,True
conv_177815,177815,157885,hardware_repair_service,@AppleSupport @115858 is Apple maps broken? No longer shows the traffic when asked through Siri....I gave it a couple days still doesn’t work.,is Apple maps broken? No longer shows the traffic when asked through Siri....I gave it a couple days still doesn’t work.,"@157885 Let's take a look together. Do you recall when this started and have you already tried any steps since?

Also, which model do you have and what's the exact OS version number installed?","Let's take a look together. Do you recall when this started and have you already tried any steps since? Also, which model do you have and what's the exact OS version number installed?",2,False
conv_177835,177835,157889,hardware_repair_service,@AppleSupport both my mom and I were transferred to an Apple care rep from Verizon. After being on hold for ~10 minutes the line went dead. Lazy Apple care reps tonight?,both my mom and I were transferred to an Apple care rep from Verizon. After being on hold for ~10 minutes the line went dead. Lazy Apple care reps tonight?,"@157889 While there are some issues that have to be handled by the carrier, we'll do everything we can to help. What's the issue you're experiencing?","While there are some issues that have to be handled by the carrier, we'll do everything we can to help. What's the issue you're experiencing?",10,False
conv_188320,188320,160189,hardware_repair_service,Great job Apple!Now I cannot use Beats Powerbeats for my daily workout as they could get wet and just turn off and no repair @AppleSupport,Great job Apple!Now I cannot use Beats Powerbeats for my daily workout as they could get wet and just turn off and no repair @AppleSupport,@160189 We’d like to point you in the right direction to get help. Please reach out to our @159983 team for support.,We’d like to point you in the right direction to get help. Please reach out to our @159983 team for support.,2,False
conv_188336,188336,160192,hardware_repair_service,@AppleSupport how do I find out the status of an Apple repair ?,how do I find out the status of an Apple repair ?,@160192 You can check the repair status here: https://t.co/I6LzkNgJFJ,You can check the repair status here:,7,True
conv_188563,188563,160256,hardware_repair_service,"I don't get your guys, @AppleSupport ...i goto your store to get help, and they can't help me.  they setup an #AppleCare call and...","I don't get your guys, @AppleSupport ...i goto your store to get help, and they can't help me. they setup an #AppleCare call and...",@160256 Let's see how we can help. Can you tell us what the issue was? Thanks.,Let's see how we can help. Can you tell us what the issue was? Thanks.,2,False
conv_196154,196154,162154,hardware_repair_service,@AppleSupport I’m trying to get Apple care for my watch but I can’t open the diagnostics. I open the link  but it doesn’t open anything :( https://t.co/PCr1wBmMk2,I’m trying to get Apple care for my watch but I can’t open the diagnostics. I open the link but it doesn’t open anything :(,@162154 We'll be happy to assist. Please send us a DM with what country you're located in and we'll get started. https://t.co/GDrqU22YpT,We'll be happy to assist. Please send us a DM with what country you're located in and we'll get started.,2,True
conv_199326,199326,162979,hardware_repair_service,Is it normal to go 7x Apple Store BXL for a defect device ( still not working)100290426469 @116333 @AppleSupport @10483 @2501,Is it normal to go 7x Apple Store BXL for a defect device ( still not working)100290426469 @116333 @AppleSupport @10483 @2501,@162979 We'd like to look into this with you. Please DM us and we'll continue support with you there. https://t.co/GDrqU22YpT,We'd like to look into this with you. Please DM us and we'll continue support with you there.,2,True
conv_199415,199415,163011,hardware_repair_service,"@AppleSupport Can I get MBP 2017 13inch 16gb RAM in India? If not, is buying from the US a good idea (wrt warranty) for an Indian citizen?","Can I get MBP 2017 13inch 16gb RAM in India? If not, is buying from the US a good idea (wrt warranty) for an Indian citizen?",@163011 We're here to help. We recommend reaching out to our Sales Support via the following link:  https://t.co/8yjRd1Xo0i,We're here to help. We recommend reaching out to our Sales Support via the following link:,2,True
conv_210553,210553,165825,hardware_repair_service,@AppleSupport your system was down @ UnionSquare store in SF so couldn't get new phone during my appt. Can you tell me when it's up again?,your system was down @ UnionSquare store in SF so couldn't get new phone during my appt. Can you tell me when it's up again?,"@165825 Hi! For this particular issue, we'd suggest keeping in contact with the Apple Store you had your previous appointment at.","Hi! For this particular issue, we'd suggest keeping in contact with the Apple Store you had your previous appointment at.",2,False
conv_211214,211214,166034,hardware_repair_service,@AppleSupport is there any sort of warranty on the leather iphone cases?,is there any sort of warranty on the leather iphone cases?,@166034 We'd be happy to look into the options available to you. Send us a DM with the country you're located in. https://t.co/GDrqU22YpT,We'd be happy to look into the options available to you. Send us a DM with the country you're located in.,2,True
conv_222978,222978,169257,hardware_repair_service,"@AppleSupport Hey, Quick question if my iPhone is out of warranty, and my EarPods don’t work and I buy them on Apple Store is there warranty","Hey, Quick question if my iPhone is out of warranty, and my EarPods don’t work and I buy them on Apple Store is there warranty",@169257 We can help. All Apple products come with a one-year warranty. More information can be found here: https://t.co/JTdGYM97kH,We can help. All Apple products come with a one-year warranty. More information can be found here:,2,True
conv_225175,225175,169786,hardware_repair_service,"@AppleSupport The Apple Store shipped off my MBP to the repair center so it can be repaired. They said it'll take 3-5 days. It's been almost 10 days now. My repair status online displays, ""Your repair is in progress."" I just wanted to know why it's taking longer than expected.","The Apple Store shipped off my MBP to the repair center so it can be repaired. They said it'll take 3-5 days. It's been almost 10 days now. My repair status online displays, ""Your repair is in progress."" I just wanted to know why it's taking longer than expected.","@169786 Thanks for reaching out! So we can look closer into this with you, can you reach out to us in DM using the link below? https://t.co/GDrqU22YpT","Thanks for reaching out! So we can look closer into this with you, can you reach out to us in DM using the link below?",2,True
conv_234411,234411,171809,hardware_repair_service,@AppleSupport Apple Care plus not yet registered on my iPhone 8 Plus,Apple Care plus not yet registered on my iPhone 8 Plus,@171809 Shoot us a DM and we'll get that done. https://t.co/GDrqU22YpT,Shoot us a DM and we'll get that done.,2,True
conv_235010,235010,171968,hardware_repair_service,@AppleSupport @115858 @118721 @6575 please help me understand why all terminators are in the Australian store except T2 it’s madness,please help me understand why all terminators are in the Australian store except T2 it’s madness,@171968 Hi. We suggest making that request here: https://t.co/vcSzj5tstI,Hi. We suggest making that request here:,2,True
conv_236780,236780,172387,hardware_repair_service,@AppleSupport hi the earphones i got with my iphone 7 have broken already and i’ve only had them since marchv,hi the earphones i got with my iphone 7 have broken already and i’ve only had them since marchv,@172387 We want to be sure you can use your EarPods as you'd expect. What's happening with them specifically?,We want to be sure you can use your EarPods as you'd expect. What's happening with them specifically?,6,False
conv_250072,250072,175416,hardware_repair_service,@AppleSupport what is the price of iPhone 6 32GB In India..at Maple Store..,what is the price of iPhone 6 32GB In India..at Maple Store..,@175416 We'd be happy to point you in the right direction. Our Sales Team should be able to answer that here: https://t.co/8yjRd1Xo0i,We'd be happy to point you in the right direction. Our Sales Team should be able to answer that here:,2,True
conv_255545,255545,176770,hardware_repair_service,"@AppleSupport hi there, how do I make an appointment online at the Genius Bar please? I'm in the UK thanks Dan","hi there, how do I make an appointment online at the Genius Bar please? I'm in the UK thanks Dan",@176770 We can help! You can find locations and set a reservation with this link: https://t.co/MovrdV4LTa,We can help! You can find locations and set a reservation with this link:,2,True
conv_255817,255817,176847,hardware_repair_service,@AppleSupport @115858 laptop not working from 3rd week & don't want to replace it! #apple I've heard that u have the best customer experience,laptop not working from 3rd week & don't want to replace it! #apple I've heard that u have the best customer experience,@176847 We'd love to assist you. DM us at the link below for further assistance. https://t.co/GDrqU22YpT,We'd love to assist you. DM us at the link below for further assistance.,2,True
conv_260002,260002,177853,hardware_repair_service,@AppleSupport @115858 please respond on the case #100310750365... immediate assistance needed... box replacement to be done ✅ within 8th Oct,please respond on the case #100310750365... immediate assistance needed... box replacement to be done ✅ within 8th Oct,@177853 Please DM us about this existing case and we'll continue working together there. https://t.co/GDrqU22YpT,Please DM us about this existing case and we'll continue working together there.,12,True
conv_266921,266921,179614,hardware_repair_service,"Iphone 6 exploded, try to get a replacement in apple stores, but the ""genius"" ask me to spend $299 to repair! @115858 @AppleSupport @179615 https://t.co/0H7BvN7hhA","Iphone 6 exploded, try to get a replacement in apple stores, but the ""genius"" ask me to spend $299 to repair! @115858 @AppleSupport @179615",@179614 Let's work on a solution together. Please DM us with the country where you're located to get started. https://t.co/GDrqU22YpT,Let's work on a solution together. Please DM us with the country where you're located to get started.,2,True
conv_284421,284421,183742,hardware_repair_service,Damn never thought for a minute that you would let me down @AppleSupport 😔 the fact i had to make an appointment and never been called👎🏼#boo,Damn never thought for a minute that you would let me down @AppleSupport 😔 the fact i had to make an appointment and never been called👎🏼#boo,@183742 That's not what we like to hear. Are you still having issues? Let us know so we can help.,That's not what we like to hear. Are you still having issues? Let us know so we can help.,11,False
conv_285734,285734,184071,hardware_repair_service,@AppleSupport plz help me sign into your website to make a Genius Bar appointment!! won't let me change my security questions,plz help me sign into your website to make a Genius Bar appointment!! won't let me change my security questions,@184071 We can definitely help you with this. Are you unable to sign in to your Apple ID account?,We can definitely help you with this. Are you unable to sign in to your Apple ID account?,4,False
conv_289126,289126,184895,hardware_repair_service,@AppleSupport Is this acceptable to wait 3 weeks for an apple wacht under warranty to get repaired or swapped? Because I think no...,Is this acceptable to wait 3 weeks for an apple wacht under warranty to get repaired or swapped? Because I think no...,@184895 We're here to help. DM us which location you took your Apple Watch to and we'll get started. https://t.co/GDrqU22YpT,We're here to help. DM us which location you took your Apple Watch to and we'll get started.,2,True
conv_300577,300577,187662,hardware_repair_service,@AppleSupport hey do i need to bring the box my macbook came in if i’m bringing it to the apple store to be repaired ?,hey do i need to bring the box my macbook came in if i’m bringing it to the apple store to be repaired ?,@187662 You can if you're wanting to transport the MacBook in the box. It's not needed for anything else though: https://t.co/2wLFg768pI,You can if you're wanting to transport the MacBook in the box. It's not needed for anything else though:,4,True
conv_307220,307220,189367,hardware_repair_service,"@AppleSupport in 140 chars, gimme the reqs to make me eligible for AppleCare since my wife was told we weren’t eligible","in 140 chars, gimme the reqs to make me eligible for AppleCare since my wife was told we weren’t eligible",@189367 We'd love to provide insight. Can you tell us which device you're looking to find out more about AppleCare eligibility with?,We'd love to provide insight. Can you tell us which device you're looking to find out more about AppleCare eligibility with?,2,False
conv_307941,307941,189520,hardware_repair_service,@AppleSupport several movies I bought and paid for are missing from my library - if I find the movie in the store it only offers 2 buy again,several movies I bought and paid for are missing from my library - if I find the movie in the store it only offers 2 buy again,"@189520 Let's make sure you're signed in with the Apple ID that made the purchases, and follow the steps here: https://t.co/I39AyMJNgb","Let's make sure you're signed in with the Apple ID that made the purchases, and follow the steps here:",4,True
conv_310250,310250,190081,hardware_repair_service,@applesupport I need some help with my beats headphones. Can I take them into an apple store for an exchange if they stopped working,I need some help with my beats headphones. Can I take them into an apple store for an exchange if they stopped working,@190081 We can save you a trip! Please DM us to continue. https://t.co/GDrqU22YpT,We can save you a trip! Please DM us to continue.,4,True
conv_316471,316471,191567,hardware_repair_service,"@AppleSupport 
My pod is broken can u fix it",My pod is broken can u fix it,@191567 We're glad to work with you. What's your iPod model and what issue are you having?,We're glad to work with you. What's your iPod model and what issue are you having?,3,False
conv_325909,325909,193641,hardware_repair_service,@AppleSupport worst support ever after buying the extended warranty they told me your previous warranty has expired nothing can be done now.,worst support ever after buying the extended warranty they told me your previous warranty has expired nothing can be done now.,@193641 We'd like to look into this with you. DM us to get started. https://t.co/GDrqU22YpT,We'd like to look into this with you. DM us to get started.,5,True
conv_333239,333239,195371,hardware_repair_service,@115858 @AppleSupport How do I make a formal complaint against a Premium Reseller repair? #MacBook has had to go to #GeniusBar today #noMac,How do I make a formal complaint against a Premium Reseller repair? #MacBook has had to go to #GeniusBar today #noMac,@195371 We can file the complaint for you. Meet us in DM and we can get started. https://t.co/GDrqU22YpT,We can file the complaint for you. Meet us in DM and we can get started.,3,True
conv_333645,333645,195488,hardware_repair_service,@115858 @AppleSupport had the iPhone 8 4 days and a crack has appeared in the middle from the side. No signs of impact anywhere ???,had the iPhone 8 4 days and a crack has appeared in the middle from the side. No signs of impact anywhere ???,@195488 We want to help. Could you let us know in DM which country you are in? Our options are a little different around the globe. https://t.co/GDrqU22YpT,We want to help. Could you let us know in DM which country you are in? Our options are a little different around the globe.,4,True
conv_339708,339708,196603,hardware_repair_service,"@AppleSupport
if i buy a iPhone from Sprint, can i buy Apple Care instead of Asurion?","if i buy a iPhone from Sprint, can i buy Apple Care instead of Asurion?","@196603 As long as the device is brand new, you should be able to purchase AppleCare for it. More info here: https://t.co/brpZQUaYqu","As long as the device is brand new, you should be able to purchase AppleCare for it. More info here:",2,True
conv_346280,346280,198422,hardware_repair_service,"Hey @AppleSupport Messages app instantly crashes. Been running 11.1, this just started. Tried restore, worked for a sec then back to broken.","Hey @AppleSupport Messages app instantly crashes. Been running 11.1, this just started. Tried restore, worked for a sec then back to broken.",@198422 We'd be happy to help. Please DM us the device you're using and we'll go from there. https://t.co/GDrqU22YpT,We'd be happy to help. Please DM us the device you're using and we'll go from there.,2,True
conv_354538,354538,175349,hardware_repair_service,Never answered this morning so I had to drive in to check repair status. Promised a call back today n nothing @AppleSupport Still no answer.,Never answered this morning so I had to drive in to check repair status. Promised a call back today n nothing @AppleSupport Still no answer.,@175349 We'd like to help. Meet us in DM and we'll take a further look at this with you. https://t.co/GDrqU22YpT,We'd like to help. Meet us in DM and we'll take a further look at this with you.,2,True
conv_356145,356145,200563,hardware_repair_service,"@AppleSupport hi, i am from UAE, i have iP6s my board damaged. where i can replace the mother board??","hi, i am from UAE, i have iP6s my board damaged. where i can replace the mother board??",@200563 Hello. We received your DM. Please check there for our response.,Hello. We received your DM. Please check there for our response.,2,True
conv_361078,361078,201500,hardware_repair_service,@AppleSupport my phone won’t turn back on most times and when it does it has this ringer symbol permanently on. Can we set up an appointment,my phone won’t turn back on most times and when it does it has this ringer symbol permanently on. Can we set up an appointment,@201500 We're happy to assist. What country are you currently located in?,We're happy to assist. What country are you currently located in?,4,False
conv_361748,361748,201678,hardware_repair_service,@AppleSupport awful phone cst support in Portugal with absurd repair timeframes when compared to other countries... change to other brand? Y,awful phone cst support in Portugal with absurd repair timeframes when compared to other countries... change to other brand? Y,@201678 Hello. We'll be glad to look into this further. Please DM us and share a few details to get started. https://t.co/GDrqU22YpT,Hello. We'll be glad to look into this further. Please DM us and share a few details to get started.,2,True
conv_361777,361777,201688,hardware_repair_service,My @115858 laptop just refuses to turn on two months after the warranty finished. Are you kidding me ? @AppleSupport,My @115858 laptop just refuses to turn on two months after the warranty finished. Are you kidding me ? @AppleSupport,@201688 Let's see if there is something we can do to help you out. What happens when you try to power on? DM us and we'll make a plan.,Let's see if there is something we can do to help you out. What happens when you try to power on? DM us and we'll make a plan.,3,True
conv_365669,365669,202618,hardware_repair_service,I hope ringing @AppleSupport doesn't cost too much.. they just put me on hold for nearly half an hour and then didn't even solve my problem🙄,I hope ringing @AppleSupport doesn't cost too much.. they just put me on hold for nearly half an hour and then didn't even solve my problem🙄,"@202618 We can look into this together. To get started, DM us some details about the situation https://t.co/GDrqU22YpT","We can look into this together. To get started, DM us some details about the situation",2,True
conv_370175,370175,203670,hardware_repair_service,Hey @AppleSupport what’s this? Every time I (and others) type “I️” it wants to replace with this weird “ A ? “ thing. #StrangerThings https://t.co/IjlsTFYYAp,Hey @AppleSupport what’s this? Every time I (and others) type “I️” it wants to replace with this weird “ A ? “ thing. #StrangerThings,@203670 We'd be happy to work with you on getting your keyboard working properly again. Send us a DM and we'll begin. https://t.co/GDrqU22YpT,We'd be happy to work with you on getting your keyboard working properly again. Send us a DM and we'll begin.,2,True
conv_372225,372225,204184,hardware_repair_service,@AppleSupport I have an iPhone 6plus that has the multitouch error. What do I do now that stores no longer carry a replacement device?,I have an iPhone 6plus that has the multitouch error. What do I do now that stores no longer carry a replacement device?,@204184 Let's look into this together. Here's a link to DM us. https://t.co/GDrqU22YpT,Let's look into this together. Here's a link to DM us.,2,True
conv_372497,372497,204260,hardware_repair_service,@AppleSupport Siri won't tell me Florida State's record? I believe my device may be broken or have a virus?! 😰 please advise 😨 https://t.co/8STBBEozbG,Siri won't tell me Florida State's record? I believe my device may be broken or have a virus?! 😰 please advise 😨,@204260 We'd be happy to look into this. Can you DM us what version of iOS you are running? https://t.co/GDrqU22YpT,We'd be happy to look into this. Can you DM us what version of iOS you are running?,2,True
conv_373972,373972,204639,hardware_repair_service,@AppleSupport Why can’t I trade my iPad in for an Apple Store Gift Card at the Michigan Ave store?,Why can’t I trade my iPad in for an Apple Store Gift Card at the Michigan Ave store?,@204639 We'll be glad to look into this with you. We got your DM and will continue with you there.,We'll be glad to look into this with you. We got your DM and will continue with you there.,2,True
conv_11655,11655,118248,order_shipping,@AppleSupport is my #IphoneX really going to ship between December 5-11? I preorder right when preordering open at 12:01,is my #IphoneX really going to ship between December 5-11? I preorder right when preordering open at 12:01,@118248 Thank you for reaching out. May we ask where you're located? Let us know in DM. https://t.co/GDrqU22YpT,Thank you for reaching out. May we ask where you're located? Let us know in DM.,2,True
conv_36032,36032,123831,order_shipping,@applesupport Upgraded to #macOS #HighSierra - noticed that my iMessages/SMS are coming in out of order. Appear fine on my iPhone. Thoughts?,Upgraded to #macOS #HighSierra - noticed that my iMessages/SMS are coming in out of order. Appear fine on my iPhone. Thoughts?,"@123831 Let's work together to find the best solution. To clarify, have you tried quitting the Messages app and restarting?","Let's work together to find the best solution. To clarify, have you tried quitting the Messages app and restarting?",8,False
conv_39668,39668,124681,order_shipping,"PT1. @AppleSupport I pre-approved my iPhone X then ordered it at 301 am, your database is shipping the phone to a fake address due to a typo","PT1. @AppleSupport I pre-approved my iPhone X then ordered it at 301 am, your database is shipping the phone to a fake address due to a typo",@124681 Thanks for reaching out.  Let's get you in touch with an Apple Online Store Advisor at: https://t.co/8yjRd1Xo0i.,Thanks for reaching out. Let's get you in touch with an Apple Online Store Advisor at:,8,True
conv_46574,46574,126346,order_shipping,"@AppleSupport hello, my iPhone X order says it’s “prepearing to ship” since saturday and it still hasnt changed it’s status.. what happened?","hello, my iPhone X order says it’s “prepearing to ship” since saturday and it still hasnt changed it’s status.. what happened?","@126346 Thanks for reaching out. Send us a DM, and let us know which country you're located in. https://t.co/GDrqU22YpT","Thanks for reaching out. Send us a DM, and let us know which country you're located in.",2,True
conv_50071,50071,127212,order_shipping,@AppleSupport My iPhone X is supposed to arrive on Friday but my order still says it’s being prepared for shipping,My iPhone X is supposed to arrive on Friday but my order still says it’s being prepared for shipping,@127212 We'd like to help any way we can over Twitter. Please DM us the country you're located in here: https://t.co/GDrqU22YpT,We'd like to help any way we can over Twitter. Please DM us the country you're located in here:,3,True
conv_57486,57486,119578,order_shipping,@AppleSupport how come my iPhone still says preparing for shipment even though it’s already been shipped?,how come my iPhone still says preparing for shipment even though it’s already been shipped?,@119578 Get in touch with our Apple Online Store team for further assistance. Reach out to them here: https://t.co/RmFSlCBcIE,Get in touch with our Apple Online Store team for further assistance. Reach out to them here:,2,True
conv_57488,57488,129040,order_shipping,"@AppleSupport Hi, do you have french support ?
I want to change my delivery address on an order placed
Thanls","Hi, do you have french support ? I want to change my delivery address on an order placed Thanls",@129040 We'd be happy to get you pointed in the right direction. Could you DM us what country you are in? https://t.co/GDrqU22YpT,We'd be happy to get you pointed in the right direction. Could you DM us what country you are in?,2,True
conv_58798,58798,129386,order_shipping,@AppleSupport I order my phone at 3:01 27th get a confirmation from Best Buy I’m getting my phone on 11/3 now they said that’s not true!,I order my phone at 3:01 27th get a confirmation from Best Buy I’m getting my phone on 11/3 now they said that’s not true!,@129386 We know you must be eager to receive your order. We'd suggest contacting BestBuy directly for help with tracking this order.,We know you must be eager to receive your order. We'd suggest contacting BestBuy directly for help with tracking this order.,4,False
conv_58842,58842,129399,order_shipping,Still no shipping confirmation from @AppleSupport @115858 on my phone yet 🤔😒,Still no shipping confirmation from @AppleSupport @115858 on my phone yet 🤔😒,@129399 We'd like to help any way we can over Twitter. Please DM us the country you're within here: https://t.co/GDrqU22YpT,We'd like to help any way we can over Twitter. Please DM us the country you're within here:,2,True
conv_61074,61074,129980,order_shipping,@AppleSupport no shipping confirmation on my X. Hoping it’s not an issue I should be conflcerned with,no shipping confirmation on my X. Hoping it’s not an issue I should be conflcerned with,@129980 Were you able to take a look at your order through the link we previously sent?,Were you able to take a look at your order through the link we previously sent?,4,False
conv_65659,65659,131029,order_shipping,"@AppleSupport when vpn status is connected, it is supposed to see a vpn-is-on notification on the upper left corner, while it is not case with my iphone6, ios11.1.2","when vpn status is connected, it is supposed to see a vpn-is-on notification on the upper left corner, while it is not case with my iphone6, ios11.1.2",@131029 Thanks for reaching out. DM the country or region where you are currently located to get started. https://t.co/GDrqU22YpT,Thanks for reaching out. DM the country or region where you are currently located to get started.,4,True
conv_90535,90535,135590,order_shipping,"@AppleSupport please stop using @122232 for delivery, new phone held up in depo for 2 days, no updates, no response on phone, email, twitter","please stop using @122232 for delivery, new phone held up in depo for 2 days, no updates, no response on phone, email, twitter",@135590 Are you using the link from the previous message?,Are you using the link from the previous message?,5,False
conv_90594,90594,135606,order_shipping,"@AppleSupport  I've lost my I phone 6 on Wednesday night in Kolkata, India  please help me to find the phone or track the phone.","I've lost my I phone 6 on Wednesday night in Kolkata, India please help me to find the phone or track the phone.","@135606 This is never a fun experience. Did you have iCloud with Find My iPhone enabled on the device? If so, you can go to https://t.co/tmRhWEkIq4 to track the device.","This is never a fun experience. Did you have iCloud with Find My iPhone enabled on the device? If so, you can go to to track the device.",2,True
conv_94878,94878,136198,order_shipping,"@115858 @1647 @122986 I’m disappointed with @115858 @AppleSupport I think I’ll never going to order something again on apple, I'm almost canceling my order and I'm almost going to the @1647 or @122986 competition after being an apple customer for more than 10 years","I’m disappointed with @115858 @AppleSupport I think I’ll never going to order something again on apple, I'm almost canceling my order and I'm almost going to the @1647 or @122986 competition after being an apple customer for more than 10 years","@136198 We’d like to understand more about what's going on. Please DM us some details, and which country you're in, and we’ll take a look with you. https://t.co/GDrqU22YpT","We’d like to understand more about what's going on. Please DM us some details, and which country you're in, and we’ll take a look with you.",2,True
conv_107358,107358,139843,order_shipping,"@AppleSupport ok... woke up yesterday and my podcast app had changed AGAIN. My subscriptions disappeared, and when it restored all my new subs were gone. Also the Listen Now is in NO order whatsoever. How can I get my old app back? https://t.co/aemWLxGmmE","ok... woke up yesterday and my podcast app had changed AGAIN. My subscriptions disappeared, and when it restored all my new subs were gone. Also the Listen Now is in NO order whatsoever. How can I get my old app back?",@139843 We know how important it is to enjoy your podcasts and we're happy to do everything we can to help. Let's pick back up where we left off. Please DM us to continue. https://t.co/GDrqU22YpT,We know how important it is to enjoy your podcasts and we're happy to do everything we can to help. Let's pick back up where we left off. Please DM us to continue.,2,True
conv_112897,112897,141097,order_shipping,"@AppleSupport, trade-in phone is due but my new phone hasn’t delivered. Help!",", trade-in phone is due but my new phone hasn’t delivered. Help!",@141097 We'd be happy to point you in the right direction! Reach out to our Sales Team for further assistance with that here: https://t.co/8yjRd1Xo0i,We'd be happy to point you in the right direction! Reach out to our Sales Team for further assistance with that here:,2,True
conv_122349,122349,143289,order_shipping,"Hi @AppleSupport 
I have some problems with my iPhone X order and shipping
Can u help me?",Hi @AppleSupport I have some problems with my iPhone X order and shipping Can u help me?,@143289 Hello. We look forward to you enjoying your new iPhone X. Our Apple Online Store team can check into this for you. Please reach out to them directly here:  https://t.co/8yjRd1Xo0i,Hello. We look forward to you enjoying your new iPhone X. Our Apple Online Store team can check into this for you. Please reach out to them directly here:,2,True
conv_148200,148200,149715,order_shipping,@AppleSupport I have a question about shipment method. Will you help me with that?,I have a question about shipment method. Will you help me with that?,"@149715 Hey there! For questions about shipping, billing and purchases, reach out to our Online Sales Team here: https://t.co/8yjRd1Xo0i","Hey there! For questions about shipping, billing and purchases, reach out to our Online Sales Team here:",2,True
conv_151467,151467,150590,order_shipping,Hey @AppleSupport @115858 one would assume with ~$250B cash on hand you could get some developers to get this fixed. Second day in a row with this error -checking order status. https://t.co/3Tmum44O05,Hey @AppleSupport @115858 one would assume with ~$250B cash on hand you could get some developers to get this fixed. Second day in a row with this error -checking order status.,@150590 Let's get you to the right place to check on your order status. Reach out to our Sales Support via this link: https://t.co/8yjRd1Xo0i,Let's get you to the right place to check on your order status. Reach out to our Sales Support via this link:,2,True
conv_152954,152954,150991,order_shipping,@AppleSupport hi I've had a phone repaired & the courier has signed for it on my behalf. I need to escalate this as it's not been delivered . Could you please assist?,hi I've had a phone repaired & the courier has signed for it on my behalf. I need to escalate this as it's not been delivered . Could you please assist?,@150991 We'd like to help. DM us more about what's going on and we'll go from there. https://t.co/GDrqU22YpT,We'd like to help. DM us more about what's going on and we'll go from there.,3,True
conv_161283,161283,153207,order_shipping,"@AppleSupport @115858 My iphone x (ordrd on the 27th of Oct,morning) was to be delivered between 17th-24th of November. The status shows my shipment to b in Korea!!!!! With no estimated date of delivery! This is really frustrating and not at all expected from you guys..","My iphone x (ordrd on the 27th of Oct,morning) was to be delivered between 17th-24th of November. The status shows my shipment to b in Korea!!!!! With no estimated date of delivery! This is really frustrating and not at all expected from you guys..",@153207 We understand your frustration and want to help you. DM us so we can better assist you: https://t.co/GDrqU22YpT,We understand your frustration and want to help you. DM us so we can better assist you:,3,True
conv_205675,205675,164735,order_shipping,@AppleSupport due to delivery probs from EE of Apple Watch if I purchased series 3 Watch in USA would it work in Uk on EE,due to delivery probs from EE of Apple Watch if I purchased series 3 Watch in USA would it work in Uk on EE,@164735 Great question! It's not possible to use an Apple Watch from a different country with your cellular plan. https://t.co/WuqDNKIme1,Great question! It's not possible to use an Apple Watch from a different country with your cellular plan.,4,True
conv_208582,208582,165336,order_shipping,"@AppleSupport not happy that on ordering it tells me ""signature required for delivery"" and then the shipping email tells me ""no signature"" https://t.co/YLIs1VHTsQ","not happy that on ordering it tells me ""signature required for delivery"" and then the shipping email tells me ""no signature""",@165336 We're here to help. Please reach out to our Apple Online Store Support team here: https://t.co/8yjRd1Xo0i,We're here to help. Please reach out to our Apple Online Store Support team here:,2,True
conv_243335,243335,173789,order_shipping,@115858 @AppleSupport @116333 appalling telephone customer service. So shocking in fact; I cancelled my £2000 order. #NeverAgain,appalling telephone customer service. So shocking in fact; I cancelled my £2000 order. #NeverAgain,@173789 Thanks for reaching out. DM us more info about your experience and we'll get you to the right spot. https://t.co/GDrqU22YpT,Thanks for reaching out. DM us more info about your experience and we'll get you to the right spot.,2,True
conv_244588,244588,174108,order_shipping,@applesupport im having a lot of trouble with my watch. Whenever I launch the running app it doesn’t track the mileage.,im having a lot of trouble with my watch. Whenever I launch the running app it doesn’t track the mileage.,@174108 We want to help! Are these the steps you used to track your workout: https://t.co/ik0A8dg7Jt,We want to help! Are these the steps you used to track your workout:,4,True
conv_245354,245354,174253,order_shipping,@AppleSupport how do I turn shuffle off? I just want the tracks to play in album-order? https://t.co/uGIOkRVgUQ,how do I turn shuffle off? I just want the tracks to play in album-order?,@174253 Great question. We can offer some guidance. This article will show you how to turn Shuffle on/off: https://t.co/Q3ojzTGrTU,Great question. We can offer some guidance. This article will show you how to turn Shuffle on/off:,2,True
conv_249329,249329,175238,order_shipping,"@AppleSupport having issues tracking my order, keep getting “something went wrong with your request” message.","having issues tracking my order, keep getting “something went wrong with your request” message.","@175238 We can understand wanting to track your order. If you're running into issues, we’d like to get you in touch with our Apple Online Store team for further assistance. You can reach out to them here: https://t.co/RmFSlCBcIE","We can understand wanting to track your order. If you're running into issues, we’d like to get you in touch with our Apple Online Store team for further assistance. You can reach out to them here:",2,True
conv_257769,257769,177320,order_shipping,@115858 @AppleSupport I've been waiting over a week for my order which was supposed to be next day delivery... #pleasehelp #nomoreholdmusic,I've been waiting over a week for my order which was supposed to be next day delivery... #pleasehelp #nomoreholdmusic,@177320 Let's take a look at this for you. Reach out to us in DM. https://t.co/GDrqU22YpT,Let's take a look at this for you. Reach out to us in DM.,2,True
conv_274966,274966,181692,order_shipping,@AppleSupport I bought this Maroon 5 collection but none of the track names show up. I restarted my phone and that didn’t help. https://t.co/IccihRgx5D,I bought this Maroon 5 collection but none of the track names show up. I restarted my phone and that didn’t help.,@181692 We want to help! What model of iOS device are you using? Do you have the most recent version of iOS 11.1.2 installed? DM us and let us know! https://t.co/GDrqU22YpT,We want to help! What model of iOS device are you using? Do you have the most recent version of iOS 11.1.2 installed? DM us and let us know!,2,True
conv_334125,334125,195605,order_shipping,@AppleSupport how can I get a bulk educator order quote?,how can I get a bulk educator order quote?,@195605 We're thrilled to hear you're interested in products for education! Here's our contact information: https://t.co/RmFSlCBcIE,We're thrilled to hear you're interested in products for education! Here's our contact information:,4,True
conv_384060,384060,206973,order_shipping,@AppleSupport how do I fix my songs being out of order and an album? https://t.co/PwqhixFAts,how do I fix my songs being out of order and an album?,@206973 We'd like to help. Are these songs purchased from iTunes or downloaded from Apple Music? Let us know via DM to get started. https://t.co/GDrqU22YpT,We'd like to help. Are these songs purchased from iTunes or downloaded from Apple Music? Let us know via DM to get started.,2,True
conv_388954,388954,208035,order_shipping,@AppleSupport since updated to ios11.0.2 my maps won’t track my location when driving - anyideas how to fix? Tried resetting settings etc,since updated to ios11.0.2 my maps won’t track my location when driving - anyideas how to fix? Tried resetting settings etc,"@208035 We'd love to help. Does this happen with the native Maps app, third-party app, or both? Does the issue persist even after a restart?","We'd love to help. Does this happen with the native Maps app, third-party app, or both? Does the issue persist even after a restart?",2,False
conv_427857,427857,216748,order_shipping,Can't believe @115858 delivery can be so crap!!! @AppleSupport I am just so disappointed I think I should take my hard earned money elsewhere,Can't believe @115858 delivery can be so crap!!! @AppleSupport I am just so disappointed I think I should take my hard earned money elsewhere,@216748 We'd like to look into this with you. Please DM us more about what's happened. https://t.co/GDrqU22YpT,We'd like to look into this with you. Please DM us more about what's happened.,2,True
conv_447459,447459,220983,order_shipping,@AppleSupport I recieved a text message saying a order was ready for pick up and I never placed a order so I'm just wondering what I should Do?,I recieved a text message saying a order was ready for pick up and I never placed a order so I'm just wondering what I should Do?,"@220983 If you're unsure what the message is regarding, we advise not to respond to any links that may be contained in it, and contact our Online Sales Team to inquire about the order and message. Our site https://t.co/RmFSlCBcIE should have their contact info.","If you're unsure what the message is regarding, we advise not to respond to any links that may be contained in it, and contact our Online Sales Team to inquire about the order and message. Our site should have their contact info.",4,True
conv_450342,450342,221749,order_shipping,@AppleSupport I got an email saying I need to reply with my full delivery address yet the email was from __email__??,I got an email saying I need to reply with my full delivery address yet the email was from __email__??,@221749 Let's take a look at this email in DM. Follow us there using the link below: https://t.co/GDrqU22YpT,Let's take a look at this email in DM. Follow us there using the link below:,2,True
conv_487871,487871,231124,order_shipping,"@AppleSupport I preordered new U2 album, and now is available. The songs will not play in album order on my iPhone, with prereleased songs last in list. How can I play in order? Driving me nuts.","I preordered new U2 album, and now is available. The songs will not play in album order on my iPhone, with prereleased songs last in list. How can I play in order? Driving me nuts.","@231124 Let's figure this out together. Since noticing this, have you powered off the device and powered it back on? Does that resolve the issue?","Let's figure this out together. Since noticing this, have you powered off the device and powered it back on? Does that resolve the issue?",6,False
conv_487916,487916,231133,order_shipping,@AppleSupport pls pls pls fix the third party plugin arrangements system in logic x as all the 3rd party plugins are in non-alphabetical order #logicx #HighSierra #apple,pls pls pls fix the third party plugin arrangements system in logic x as all the 3rd party plugins are in non-alphabetical order #logicx #HighSierra #apple,@231133 We've got a great team to assist you with Logic X. Reach out to them here: https://t.co/IBIY3vMgPj,We've got a great team to assist you with Logic X. Reach out to them here:,2,True
conv_498555,498555,234009,order_shipping,"@AppleSupport when I’m playing my music, a track keeps repeating rather than going to he next track. Only started doing it today,any clues to stop it ?. Thanks","when I’m playing my music, a track keeps repeating rather than going to he next track. Only started doing it today,any clues to stop it ?. Thanks",@234009 Thanks for contacting us. We'd be happy to help in any way we can. Could you please tell us what device and app you're using?,Thanks for contacting us. We'd be happy to help in any way we can. Could you please tell us what device and app you're using?,4,False
conv_514829,514829,144856,order_shipping,@AppleSupport I bought this album but track 3 won’t download and isnt showing up https://t.co/vS5UOSHoWX,I bought this album but track 3 won’t download and isnt showing up,"@144856 Based on the photo, we can see track three. What happens if you tap on it?","Based on the photo, we can see track three. What happens if you tap on it?",4,False
conv_520239,520239,240068,order_shipping,@AppleSupport  iphone x bought on apple want to switch carrier from t-mobile to verizon -- rep had a problem finding my order + put on hold forever and failed to transfer to manager!!! ... can anyone help me?,iphone x bought on apple want to switch carrier from t-mobile to verizon -- rep had a problem finding my order + put on hold forever and failed to transfer to manager!!! ... can anyone help me?,@240068 We'd love to help you get this order sorted out. Please reach out to our Apple Online Store Support team for assistance here:  https://t.co/8yjRd2eYRQ,We'd love to help you get this order sorted out. Please reach out to our Apple Online Store Support team for assistance here:,5,True
conv_542303,542303,245858,order_shipping,"@AppleSupport Hi, I updated my phone to the lastest software 2 days ago & since then my iMessages are no longer in chronological order. Can you advise how to fix this please?","Hi, I updated my phone to the lastest software 2 days ago & since then my iMessages are no longer in chronological order. Can you advise how to fix this please?","@245858 Hello. We'd love to team up with you to get this sorted. Have you tried restarting your phone to see if the issue persists? If so, let's force close the Message app and try it again. Here's how: https://t.co/RqqIctrDWV","Hello. We'd love to team up with you to get this sorted. Have you tried restarting your phone to see if the issue persists? If so, let's force close the Message app and try it again. Here's how:",2,True
conv_548141,548141,247548,order_shipping,"Dear @AppleSupport any chance to place an order while travelling outside my country and ship it to my family in other country? it seams like you don't realise that people are mobile and economy is connected, not USbased only","Dear @AppleSupport any chance to place an order while travelling outside my country and ship it to my family in other country? it seams like you don't realise that people are mobile and economy is connected, not USbased only",@247548 Best bet would be to reach out to our Online Sales team for help with this. https://t.co/RmFSlCBcIE,Best bet would be to reach out to our Online Sales team for help with this.,2,True
conv_554817,554817,202938,order_shipping,@AppleSupport it's good to want to take my iPhone service .. but the person was wrong in my email .. I have no order summary or intervention voucher .. they come to get my iPhone 5 December! 🤔🤔,it's good to want to take my iPhone service .. but the person was wrong in my email .. I have no order summary or intervention voucher .. they come to get my iPhone 5 December! 🤔🤔,@202938 We'd like to look into what's happening with you. Could you join us in DM with more info on what's happening? https://t.co/GDrqU22YpT,We'd like to look into what's happening with you. Could you join us in DM with more info on what's happening?,2,True
conv_564026,564026,252087,order_shipping,@UPSHelp @115817 @115858 @AppleSupport not impressed with how my new iMac was delivered! https://t.co/THMCBHq5tb,not impressed with how my new iMac was delivered!,@252087 We'd like to look into this with you. Please DM us and let us know if the Mac is working properly. https://t.co/GDrqU22YpT,We'd like to look into this with you. Please DM us and let us know if the Mac is working properly.,2,True
conv_31447,31447,122936,general_inquiry_other,"Hey @AppleSupport So it’s been like this for a while, from 10.13 to 10.13.1, even under the Technology Preview version, any idea? https://t.co/HEAH6jsNi3","Hey @AppleSupport So it’s been like this for a while, from 10.13 to 10.13.1, even under the Technology Preview version, any idea?",@122936 We want to take a look at this with you. Reach out to us in DM with more information. https://t.co/GDrqU22YpT,We want to take a look at this with you. Reach out to us in DM with more information.,2,True
conv_31476,31476,122943,general_inquiry_other,@115858 HELP how can I fix this problem immediately ? #Apple #iOS11 @AppleSupport,HELP how can I fix this problem immediately ? #Apple #iOS11 @AppleSupport,@122943 We've gotten your DM and will continue working with you there.,We've gotten your DM and will continue working with you there.,2,True
conv_31893,31893,123045,general_inquiry_other,"I️ hate Chang sometimes, I️ really do.

@AppleSupport, fix the mystery boxes please. https://t.co/w6FieKqMWo","I️ hate Chang sometimes, I️ really do. @AppleSupport, fix the mystery boxes please.",@123045 We certainly want to help! Which version of iOS are you currently running? Have you updated to iOS 11.1?,We certainly want to help! Which version of iOS are you currently running? Have you updated to iOS 11.1?,6,False
conv_31901,31901,123049,general_inquiry_other,Nope. @AppleSupport what is going on?,Nope. @AppleSupport what is going on?,"@123049 We'll be happy to look into this with you. To get started, let us know which iOS version you have installed.","We'll be happy to look into this with you. To get started, let us know which iOS version you have installed.",2,False
conv_31908,31908,123051,general_inquiry_other,@1111 @AppleSupport Yes. It became unstable :(,Yes. It became unstable :(,@123051 We understand your concern. Let's work together to solve these issues. Does this Wi-Fi issue happen on all networks?,We understand your concern. Let's work together to solve these issues. Does this Wi-Fi issue happen on all networks?,2,False
conv_31921,31921,123056,general_inquiry_other,Is it just me or does the X to close out your notifications only show up sometimes? Does anyone know how to fix that? @AppleSupport https://t.co/qtY6wnrl19,Is it just me or does the X to close out your notifications only show up sometimes? Does anyone know how to fix that? @AppleSupport,@123056 This is the expected behavior for notifications. Take a look at this: https://t.co/2txgOv5s2M,This is the expected behavior for notifications. Take a look at this:,4,True
conv_31926,31926,123057,general_inquiry_other,"@AppleSupport received this email which i believe happened to be a scammer, sender’s email is suspicious tho. Could u pls clarify this up? https://t.co/Lle0QVQaUP","received this email which i believe happened to be a scammer, sender’s email is suspicious tho. Could u pls clarify this up?",@123057 This is not a legitimate email from Apple. This article explains how to identify and report the email: https://t.co/LNMCdqt6fD,This is not a legitimate email from Apple. This article explains how to identify and report the email:,4,True
conv_31938,31938,123062,general_inquiry_other,@AppleSupport whenever I️ type the letter “i” it auto corrects to a “a ?” What is going on!????,whenever I️ type the letter “i” it auto corrects to a “a ?” What is going on!????,@123062 Let us help you get this sorted out. Join us in DM so we can better assist you: https://t.co/GDrqU22YpT,Let us help you get this sorted out. Join us in DM so we can better assist you:,3,True
conv_32360,32360,123168,general_inquiry_other,@AppleSupport how can I unsubscribe to an auto renewing app in my iPhone?,how can I unsubscribe to an auto renewing app in my iPhone?,@123168 This resource should do the trick. Check out the steps under 'Turn on Automatic Downloads': https://t.co/2oRvemLiMD,This resource should do the trick. Check out the steps under 'Turn on Automatic Downloads':,4,True
conv_32383,32383,123175,general_inquiry_other,Hey @AppleSupport this is what happened after 10.13.1 please advise.!! https://t.co/ak14ZArtkf,Hey @AppleSupport this is what happened after 10.13.1 please advise.!!,@123175 We want your Mac to work as expected. Does this message come back up if you click the Restart button?,We want your Mac to work as expected. Does this message come back up if you click the Restart button?,4,False
conv_32408,32408,123183,general_inquiry_other,Hey @AppleSupport what is this? https://t.co/w5U5vm212P,Hey @AppleSupport what is this?,"@123183 Let's work together to figure it out. To start, which exact iOS version do you have installed?","Let's work together to figure it out. To start, which exact iOS version do you have installed?",4,False
conv_32414,32414,123185,general_inquiry_other,@AppleSupport I keep getting a question mark inside a box?? I️ updated my phone and it’s still doing it. 🤦🏽‍♀️,I keep getting a question mark inside a box?? I️ updated my phone and it’s still doing it. 🤦🏽‍♀️,@123185 We want to help with this. Reach out to us in DM with more information. https://t.co/GDrqU22YpT,We want to help with this. Reach out to us in DM with more information.,2,True
conv_32426,32426,123189,general_inquiry_other,@AppleSupport why does my iPhone keep changing my i’s to I️ I️ I️ ??? 🤬🤬🤬,why does my iPhone keep changing my i’s to I️ I️ I️ ??? 🤬🤬🤬,@123189 We can help out. Could you Direct Message us and let us know what iOS version you're on? https://t.co/GDrqU22YpT,We can help out. Could you Direct Message us and let us know what iOS version you're on?,2,True
conv_32430,32430,123191,general_inquiry_other,@AppleSupport what’s going on with this issue???,what’s going on with this issue???,@123191 Tell us more about what's happening. Please send us a DM with additional details. https://t.co/GDrqU22YpT,Tell us more about what's happening. Please send us a DM with additional details.,2,True
conv_32436,32436,123193,general_inquiry_other,@AppleSupport ios11 made my 7plus so laggy & it freezes on apps 24/7. Please fix this,ios11 made my 7plus so laggy & it freezes on apps 24/7. Please fix this,"@123193 We can help with that and want your iPhone working as expected. To clarify, which version of iOS 11 do you have installed?","We can help with that and want your iPhone working as expected. To clarify, which version of iOS 11 do you have installed?",4,False
conv_32442,32442,123195,general_inquiry_other,"@AppleSupport It looks like spam, but it bypassed my spam filter. cc: @123196 https://t.co/BORlKFTmWz","It looks like spam, but it bypassed my spam filter. cc: @123196","@123195 Sure is phishing. Learn more about phishing and suspicious emails, as well as how to report them here: https://t.co/LNMCdqt6fD","Sure is phishing. Learn more about phishing and suspicious emails, as well as how to report them here:",3,True
conv_33316,33316,123363,general_inquiry_other,Why did my phone turn to shit after all these recent updates? 🤔@AppleSupport,Why did my phone turn to shit after all these recent updates? 🤔@AppleSupport,"@123363 We want your iPhone running great, too. What obstacles are you facing that we can help with today?","We want your iPhone running great, too. What obstacles are you facing that we can help with today?",8,False
conv_33338,33338,123369,general_inquiry_other,@AppleSupport the weird symbol thing when I️ type happens to me,the weird symbol thing when I️ type happens to me,@123369 You've come to the right place for help. What type of device are you using? Let us know via DM. https://t.co/GDrqU22YpT,You've come to the right place for help. What type of device are you using? Let us know via DM.,3,True
conv_33351,33351,123374,general_inquiry_other,@AppleSupport Why am I loosing songs I’ve downloaded on Apple Music. It won’t let me download them again either. Greyed our on playlists too,Why am I loosing songs I’ve downloaded on Apple Music. It won’t let me download them again either. Greyed our on playlists too,@123374 Thanks for getting in touch. We'd like to assist. DM us and we'll go from there. https://t.co/GDrqU22YpT,Thanks for getting in touch. We'd like to assist. DM us and we'll go from there.,2,True
conv_33353,33353,123375,general_inquiry_other,#iOS11.1 is taking iPhones into consistent boot loops !! It remains for a couple of hours boot looping over and over then it gets back on again. This happened since the betas. I thought it's a bug but even now with the official 11.1 it happened. @AppleSupport @115858 https://t.co/Q5vk9E0I0W,#iOS11.1 is taking iPhones into consistent boot loops !! It remains for a couple of hours boot looping over and over then it gets back on again. This happened since the betas. I thought it's a bug but even now with the official 11.1 it happened. @AppleSupport @115858,@123375 Let's get this resolved. Are you still experiencing this issue? Reply in DM to get started. https://t.co/GDrqU22YpT,Let's get this resolved. Are you still experiencing this issue? Reply in DM to get started.,2,True
conv_33384,33384,123382,general_inquiry_other,"- what is up with the letter “eye” button @AppleSupport?! for like a 4 days now, the letter “eye” has been turning into this i️ 😐","- what is up with the letter “eye” button @AppleSupport?! for like a 4 days now, the letter “eye” has been turning into this i️ 😐","@123382 We'd like to look into this. To start, which device are you experiencing this on, and which software version is it running?","We'd like to look into this. To start, which device are you experiencing this on, and which software version is it running?",8,False
conv_33403,33403,123387,general_inquiry_other,"Anyone else? @AppleSupport 
What’s going on here? https://t.co/FZeaqXgHqn",Anyone else? @AppleSupport What’s going on here?,"@123387 We'd like to help. What device are you using, and which OS version does it have installed?","We'd like to help. What device are you using, and which OS version does it have installed?",5,False
conv_33414,33414,123391,general_inquiry_other,"@AppleSupport 

Why does this I️ pop up when I type “I”?",Why does this I️ pop up when I type “I”?,@123391 Allow us to assist. Send us a DM so that we can help you with this. https://t.co/GDrqU22YpT,Allow us to assist. Send us a DM so that we can help you with this.,3,True
conv_34583,34583,123491,general_inquiry_other,"@115858 @AppleSupport @1542
Bug Alert! Upon selecting message option from call log only opens up msg app but not the chat for that num",Bug Alert! Upon selecting message option from call log only opens up msg app but not the chat for that num,@123491 Thanks for bringing this to our attention. Can you tell us which iOS version this is occurring on please?,Thanks for bringing this to our attention. Can you tell us which iOS version this is occurring on please?,6,False
conv_34598,34598,123495,general_inquiry_other,iMessage-Aktivierung schlägt mal wieder fehl… @1652 @AppleSupport,iMessage-Aktivierung schlägt mal wieder fehl… @1652 @AppleSupport,@123495 We offer support via Twitter in English. Contact us for help in your preferred language here: https://t.co/IBIY3vMgPj,We offer support via Twitter in English. Contact us for help in your preferred language here:,10,True
conv_34608,34608,123498,general_inquiry_other,@AppleSupport Is there any possibility to combine two Apple-IDs?,Is there any possibility to combine two Apple-IDs?,@123498 Let's look into your options together. Let us know in DM a bit more about what you're wanting to do. https://t.co/GDrqU22YpT,Let's look into your options together. Let us know in DM a bit more about what you're wanting to do.,2,True
conv_34618,34618,123502,general_inquiry_other,Hmm… @AppleSupport doubt Ill be able to close the Move ring 25770 times in november. https://t.co/Fj0ghd2UnW,Hmm… @AppleSupport doubt Ill be able to close the Move ring 25770 times in november.,@123502 We'd like to know more about what you're seeing. DM us with what type of Apple Watch you're using. https://t.co/GDrqU22YpT,We'd like to know more about what you're seeing. DM us with what type of Apple Watch you're using.,2,True
conv_34624,34624,123505,general_inquiry_other,"@AppleSupport Is there a way to merge two AppleID’s, so I can use all bought items in one ID and delete the other?","Is there a way to merge two AppleID’s, so I can use all bought items in one ID and delete the other?",@123505 Great question! Our account security team is best suited to help you. You can reach them directly here:  https://t.co/UJm15vmMM2,Great question! Our account security team is best suited to help you. You can reach them directly here:,2,True
conv_34650,34650,123512,general_inquiry_other,@AppleSupport why on my Apple Watch series 3 when I start the activity tracker on stair stepper it shows 0 total and active calories?,why on my Apple Watch series 3 when I start the activity tracker on stair stepper it shows 0 total and active calories?,@123512 Happy to help you with this. Can you tell us which iOS and watchOS version you are currently using please?,Happy to help you with this. Can you tell us which iOS and watchOS version you are currently using please?,4,False
conv_34681,34681,123520,general_inquiry_other,@AppleSupport Hoe kan ik de externe microfooningang van mijn iPhone 6S blijven gebruiken voor een professionele microfoon?,Hoe kan ik de externe microfooningang van mijn iPhone 6S blijven gebruiken voor een professionele microfoon?,@123520 We offer support via Twitter in English. Contact us for help in your preferred language here: https://t.co/IBIY3vMgPj,We offer support via Twitter in English. Contact us for help in your preferred language here:,4,True
conv_34690,34690,123522,general_inquiry_other,"@AppleSupport @115858 bitch!! Stop changing the letter “I” to that dumb ass shit. I’m sick of it, hoe!!","bitch!! Stop changing the letter “I” to that dumb ass shit. I’m sick of it, hoe!!","@123522 We'll make sure to get this straightened out. DM us, and we'll see you there. https://t.co/GDrqU22YpT","We'll make sure to get this straightened out. DM us, and we'll see you there.",2,True
conv_34708,34708,123528,general_inquiry_other,"@AppleSupport my iPhone 6 has deleted all my notes.  Not using email, not using cloud.  Didn't delete them.  How do I get them back?","my iPhone 6 has deleted all my notes. Not using email, not using cloud. Didn't delete them. How do I get them back?",@123528 We'd be happy to look into what's going on. Do you know if you have a recent backup from before those Notes went missing?,We'd be happy to look into what's going on. Do you know if you have a recent backup from before those Notes went missing?,4,False
conv_35218,35218,123671,general_inquiry_other,Is my iPhone the only one doing this ?  @115858 @AppleSupport https://t.co/vbjmrw7IaE,Is my iPhone the only one doing this ? @115858 @AppleSupport,@123671 We'd like to look into this with you. Can you tell us which device and OS version you're using?,We'd like to look into this with you. Can you tell us which device and OS version you're using?,6,False
conv_35235,35235,123675,general_inquiry_other,@AppleSupport can you help me yo you literally replying to everyone else except me 👋🏼 https://t.co/AG3KoDLJ7e,can you help me yo you literally replying to everyone else except me 👋🏼,@123675 We'd be happy to see how we can help. What's going on?,We'd be happy to see how we can help. What's going on?,7,False
conv_35238,35238,118188,general_inquiry_other,hey @AppleSupport why does @115948 keep re-fetching the thumbnail when it obviously hasn't changed? #appleQA #ChiefQA #Apple https://t.co/Ipj2L9H8CJ,hey @AppleSupport why does @115948 keep re-fetching the thumbnail when it obviously hasn't changed? #appleQA #ChiefQA #Apple,@118188 Thanks for reaching out to us. We are always happy to help. Is this the only playlist that this happens with?,Thanks for reaching out to us. We are always happy to help. Is this the only playlist that this happens with?,4,False
conv_35241,35241,123676,general_inquiry_other,For those that have been wondering. @AppleSupport why are y’all punishing us for using pronouns!? https://t.co/rwpj6LqUce,For those that have been wondering. @AppleSupport why are y’all punishing us for using pronouns!?,@123676 Thanks for reaching out. DM which iPhone and specific iOS version you are using to get started. https://t.co/GDrqU22YpT,Thanks for reaching out. DM which iPhone and specific iOS version you are using to get started.,2,True
conv_35247,35247,123679,general_inquiry_other,"@AppleSupport @115858 guys, I miss Steve. What the hell is this? https://t.co/Tv5HmkrUrb","guys, I miss Steve. What the hell is this?","@123679 We're here to help. To start, what device model and software version are you currently using?","We're here to help. To start, what device model and software version are you currently using?",2,False
conv_35274,35274,123687,general_inquiry_other,@AppleSupport WHY will my phone not stop locking itself when I’m in the middle of doing things???,WHY will my phone not stop locking itself when I’m in the middle of doing things???,@123687 We want to help get your iPhone working properly. Which exact iOS version and iPhone are you using?,We want to help get your iPhone working properly. Which exact iOS version and iPhone are you using?,6,False
conv_35284,35284,123690,general_inquiry_other,@AppleSupport These question mark boxes are about to make me mad lol please help,These question mark boxes are about to make me mad lol please help,@123690 We'd be happy to see how we can help. Which device and OS version are you experiencing this on?,We'd be happy to see how we can help. Which device and OS version are you experiencing this on?,4,False
conv_35317,35317,123697,general_inquiry_other,hi @AppleSupport - there’s a bug with my iPhone 7 Plus! SOS - send help. 🆘📱🤕,hi @AppleSupport - there’s a bug with my iPhone 7 Plus! SOS - send help. 🆘📱🤕,@123697 We're here for you. Tell us what's happening with your iPhone 7 Plus.,We're here for you. Tell us what's happening with your iPhone 7 Plus.,4,False
conv_35323,35323,123699,general_inquiry_other,@AppleSupport suspect fraud for you to look into #fraud #crime #dontfallforit https://t.co/hbQ7PGl3bV,suspect fraud for you to look into #fraud #crime #dontfallforit,@123699 We can help. This looks like a phishing attempt. See how to handle and report these here: https://t.co/6Ye6EtSytB,We can help. This looks like a phishing attempt. See how to handle and report these here:,4,True
conv_35326,35326,123700,general_inquiry_other,@123701 Well if you find out how to resolve it please let me know 😩 @AppleSupport can you help us ..... no I know I’ll stick with apple haha,Well if you find out how to resolve it please let me know 😩 @AppleSupport can you help us ..... no I know I’ll stick with apple haha,@123700 We've received your DM and will contiue with you from there. Keep an eye out for our response.,We've received your DM and will contiue with you from there. Keep an eye out for our response.,2,True
conv_35336,35336,123703,general_inquiry_other,@AppleSupport @TwitterSupport I thought the issue with icons not displaying correctly was a bug fix for watchOS 4.1? #AppleWatch https://t.co/r8h9zMExx7,I thought the issue with icons not displaying correctly was a bug fix for watchOS 4.1? #AppleWatch,"@123703 We'd be happy to look into this display issue with you. To start, can you tell us which Apple Watch you're using?","We'd be happy to look into this display issue with you. To start, can you tell us which Apple Watch you're using?",8,False
